anio,area,carrera,hombres,mujeres
2007,Administración y Comercio,Administración Gastronómica,1262,1407
2007,Administración y Comercio,Administración Turística y Hotelera,1779,2703
2007,Administración y Comercio,Administración de Empresas e Ing. Asociadas,7045,6361
2007,Administración y Comercio,Bachillerato y/o Licenciatura en Administración y Comercio,101,49
2007,Administración y Comercio,Comunicación Empresarial y Organizacional,48,100
2007,Administración y Comercio,Contador Auditor,8366,9241
2007,Administración y Comercio,Ingeniería Comercial,14836,10344
2007,Administración y Comercio,Ingeniería en Comercio Exterior,1059,927
2007,Administración y Comercio,Ingeniería en Control de Gestión,558,522
2007,Administración y Comercio,Ingeniería en Finanzas,293,178
2007,Administración y Comercio,Ingeniería en Gestión y Control de Calidad,156,97
2007,Administración y Comercio,Ingeniería en Logística,298,91
2007,Administración y Comercio,Ingeniería en Marketing,358,265
2007,Administración y Comercio,Ingeniería en Recursos Humanos,331,513
2007,Administración y Comercio,Ingeniería en Seguridad Privada,50,6
2007,Administración y Comercio,Otros Profesionales de Administración y Comercio,52,103
2007,Administración y Comercio,Otros Técnicos de Administración y Comercio,25,10
2007,Administración y Comercio,Secretariado Bilingüe,54,1361
2007,Administración y Comercio,Secretariado Computacional,14,915
2007,Administración y Comercio,Secretariado Ejecutivo,47,1006
2007,Administración y Comercio,Técnico Agente o Visitador Médico,273,550
2007,Administración y Comercio,Técnico en Administración Financiera y Finanzas,1178,1177
2007,Administración y Comercio,Técnico en Administración de Empresas,5801,5660
2007,Administración y Comercio,Técnico en Administración de Recursos Humanos y Personal,349,689
2007,Administración y Comercio,Técnico en Administración de Ventas,298,176
2007,Administración y Comercio,Técnico en Administración en Marketing,32,71
2007,Administración y Comercio,Técnico en Comercio Exterior,1733,1626
2007,Administración y Comercio,Técnico en Contabilidad Computacional,157,180
2007,Administración y Comercio,Técnico en Contabilidad General,1553,2063
2007,Administración y Comercio,Técnico en Contabilidad Tributaria,14,24
2007,Administración y Comercio,Técnico en Gastronomía y Cocina,3945,4061
2007,Administración y Comercio,Técnico en Gestión Previsional,7,21
2007,Administración y Comercio,Técnico en Gestión y Control de Calidad,136,63
2007,Administración y Comercio,Técnico en Logística,758,163
2007,Administración y Comercio,Técnico en Producción de Eventos,258,365
2007,Administración y Comercio,Técnico en Seguridad Privada,1,0
2007,Administración y Comercio,Técnico en Turismo y Hotelería,1945,2926
2007,Agropecuaria,Agronomía,4992,3240
2007,Agropecuaria,Ingeniería Agrícola,1170,593
2007,Agropecuaria,Ingeniería Forestal,1058,633
2007,Agropecuaria,Ingeniería de Ejecución Forestal,77,31
2007,Agropecuaria,Ingeniería en Acuicultura y Pesca,1277,706
2007,Agropecuaria,Ingeniería en Vitivinicultura,18,5
2007,Agropecuaria,Medicina Veterinaria,3647,5454
2007,Agropecuaria,Técnico Agropecuario,1716,744
2007,Agropecuaria,Técnico Veterinario,316,496
2007,Agropecuaria,Técnico en Acuicultura y Pesca,597,243
2007,Agropecuaria,Técnico en Vitivinicultura y/o Enología,258,182
2007,Arte y Arquitectura,Actuación y Teatro,1018,2039
2007,Arte y Arquitectura,Animación Digital,176,46
2007,Arte y Arquitectura,Arquitectura,7676,5108
2007,Arte y Arquitectura,Artes y Licenciatura en Artes,1162,2282
2007,Arte y Arquitectura,Comunicación Audiovisual y/o Multimedia,2386,1077
2007,Arte y Arquitectura,Diseño,1825,3073
2007,Arte y Arquitectura,Diseño Gráfico,4928,3202
2007,Arte y Arquitectura,Diseño Teatral,9,35
2007,Arte y Arquitectura,Diseño de Ambientes e Interiores,203,1034
2007,Arte y Arquitectura,Diseño de Vestuario,62,1451
2007,Arte y Arquitectura,Fotografía,421,344
2007,Arte y Arquitectura,"Música, Canto o Danza",1621,658
2007,Arte y Arquitectura,Otros Profesionales de Arte y Arquitectura,43,21
2007,Arte y Arquitectura,Otros Técnicos de Arte y Arquitectura,281,282
2007,Arte y Arquitectura,Paisajismo,54,111
2007,Arte y Arquitectura,Realizador de Cine y Televisión,557,264
2007,Arte y Arquitectura,Técnico en Ambientes e Interiores,32,145
2007,Arte y Arquitectura,Técnico en Comunicación Audiovisual,795,234
2007,Arte y Arquitectura,Técnico en Dibujo Arquitectónico,1147,415
2007,Arte y Arquitectura,Técnico en Diseño Gráfico,981,499
2007,Arte y Arquitectura,Técnico en Diseño de Vestuario,25,316
2007,Arte y Arquitectura,Técnico en Diseño de Áreas Verdes y Paisajismo,49,93
2007,Arte y Arquitectura,Técnico en Fotografía,189,191
2007,Arte y Arquitectura,Técnico en Peluquería y Estética,11,238
2007,Arte y Arquitectura,Técnico en Producción Gráfica y Multimedia,590,179
2007,Arte y Arquitectura,Técnico en Teatro,15,52
2007,Ciencias Básicas,Analista Químico,186,327
2007,Ciencias Básicas,Bachillerato y/o Licenciatura en Ciencias Básicas,1292,1476
2007,Ciencias Básicas,Biología,627,913
2007,Ciencias Básicas,Biología Marina y Ecología Marina,686,846
2007,Ciencias Básicas,Bioquímica,877,855
2007,Ciencias Básicas,Física y Astronomía,682,341
2007,Ciencias Básicas,Geología,519,261
2007,Ciencias Básicas,Ingeniería Civil Matemática y Estadística,169,52
2007,Ciencias Básicas,Ingeniería Civil en Geomática y Geomensura,7,1
2007,Ciencias Básicas,Ingeniería en Geomensura y Cartografía,601,225
2007,Ciencias Básicas,Ingeniería en Matemática y Estadística,457,402
2007,Ciencias Básicas,Matemática y/o Estadística,595,492
2007,Ciencias Básicas,Otros Profesionales de Ciencias Básicas,139,183
2007,Ciencias Básicas,Química Ambiental,67,119
2007,Ciencias Básicas,"Química, Licenciado en Química",478,570
2007,Ciencias Básicas,Técnico en Geología,21,5
2007,Ciencias Básicas,Técnico en Geomensura,3,1
2007,Ciencias Básicas,Técnico en Geominería,24,12
2007,Ciencias Básicas,Técnico en Química (Análisis e Industrial),591,671
2007,Ciencias Sociales,Administración Pública,877,1074
2007,Ciencias Sociales,Antropología,577,736
2007,Ciencias Sociales,Arqueología,59,83
2007,Ciencias Sociales,Bachillerato y/o Licenciatura en Ciencias Sociales,691,755
2007,Ciencias Sociales,Ciencias Políticas,922,743
2007,Ciencias Sociales,Comunicación Social,174,119
2007,Ciencias Sociales,Geografía,545,499
2007,Ciencias Sociales,Historia,1223,1118
2007,Ciencias Sociales,Ingeniería en Gestión Pública,138,231
2007,Ciencias Sociales,Orientación Familiar y Relaciones Humanas,27,166
2007,Ciencias Sociales,Otros Profesionales de Ciencias Sociales,42,129
2007,Ciencias Sociales,Otros Técnicos de Ciencias Sociales,125,399
2007,Ciencias Sociales,Periodismo,3518,4611
2007,Ciencias Sociales,Psicología,7309,16628
2007,Ciencias Sociales,Publicidad,3670,2372
2007,Ciencias Sociales,Relaciones Públicas,696,2434
2007,Ciencias Sociales,Sociología,1806,1552
2007,Ciencias Sociales,Trabajo Social,2708,12947
2007,Ciencias Sociales,Técnico en Administración Pública o Municipal,115,280
2007,Ciencias Sociales,Técnico en Comunicación Social,19,22
2007,Ciencias Sociales,Técnico en Prevención y Rehabilitación,154,212
2007,Ciencias Sociales,Técnico en Publicidad,126,65
2007,Ciencias Sociales,Técnico en Relaciones Públicas,223,550
2007,Ciencias Sociales,Técnico en Servicio Social,250,1044
2007,Derecho,Criminalística,3701,4828
2007,Derecho,Derecho,17437,15543
2007,Derecho,Ingeniería en Administración Jurídica,5,12
2007,Derecho,Técnico Jurídico,3747,7847
2007,Derecho,"Técnico Perito Judicial, Forense o en Criminalística",4055,5102
2007,Educación,Bachillerato y/o Licenciatura en Educación,298,481
2007,Educación,Otros Profesionales de Educación,406,210
2007,Educación,Otros Técnicos de Educación,17,22
2007,Educación,Pedagogía en Artes y Música,1682,1250
2007,Educación,Pedagogía en Ciencias,1360,2737
2007,Educación,Pedagogía en Educación Básica,5594,23521
2007,Educación,Pedagogía en Educación Diferencial,302,5719
2007,Educación,Pedagogía en Educación Física,10887,5350
2007,Educación,Pedagogía en Educación Media,123,200
2007,Educación,Pedagogía en Educación Tecnológica,70,122
2007,Educación,Pedagogía en Educación Técnico Profesional,407,258
2007,Educación,Pedagogía en Educación de Párvulos,59,14657
2007,Educación,Pedagogía en Filosofía y Religión,911,926
2007,Educación,"Pedagogía en Historia, Geografía y Ciencias Sociales",3396,2730
2007,Educación,Pedagogía en Idiomas,3272,6712
2007,Educación,"Pedagogía en Lenguaje, Comunicación y/o Castellano",1226,2838
2007,Educación,Pedagogía en Matemáticas y Computación,1658,1935
2007,Educación,Programas de Formación Pedagógica,157,243
2007,Educación,Psicopedagogía,657,4427
2007,Educación,Técnico Asistente del Educador Diferencial,112,1643
2007,Educación,Técnico Asistente del Educador de Párvulos,9,1980
2007,Educación,"Técnico en Deporte, Recreación y Preparación Física",3893,1111
2007,Humanidades,Bachillerato y/o Licenciatura en Humanidades,462,613
2007,Humanidades,Bibliotecología,128,243
2007,Humanidades,Filosofía,356,172
2007,Humanidades,Licenciatura en Letras y Literatura,513,1024
2007,Humanidades,Otros Profesionales de Humanidades,256,76
2007,Humanidades,Otros Técnicos de Humanidades,5,10
2007,Humanidades,Traducción e Interpretación,1012,2100
2007,Humanidades,Técnico en Bibliotecas y Centros de Documentación,81,146
2007,Humanidades,Técnico en Traducción e Interpretariado,502,832
2007,Salud,Bachillerato y/o Licenciatura en Salud,33,82
2007,Salud,Enfermería,2164,13215
2007,Salud,Fonoaudiología,738,3685
2007,Salud,Kinesiología,7386,8637
2007,Salud,Medicina,5552,4616
2007,Salud,Naturopatía,34,107
2007,Salud,Nutrición y Dietética,629,5144
2007,Salud,Obstetricia y Puericultura,315,2400
2007,Salud,Odontología,3631,4683
2007,Salud,Otros Profesionales de Salud,31,71
2007,Salud,Otros Técnicos de Salud,216,239
2007,Salud,Química y Farmacia,1588,2304
2007,Salud,Tecnología Médica,2058,3049
2007,Salud,Terapia Ocupacional,360,1421
2007,Salud,Técnico Dental y Asistente de Odontología,237,1357
2007,Salud,Técnico Laboratorista Dental,640,1329
2007,Salud,Técnico en Arsenaleria Quirúrgica,73,600
2007,Salud,Técnico en Enfermería,3297,17580
2007,Salud,Técnico en Farmacia,23,86
2007,Salud,Técnico en Ginecología y Obstetricia,12,711
2007,Salud,Técnico en Laboratorio Clínico,170,725
2007,Salud,Técnico en Masoterapia,27,127
2007,Salud,Técnico en Nutrición y Dietética,13,52
2007,Salud,Técnico en Podología,69,532
2007,Salud,Técnico en Radiología y Radioterapia,187,398
2007,Salud,Técnico en Terapias Naturales y Naturopatía,35,123
2007,Salud,Técnico en Óptica,40,52
2007,Tecnología,Bachillerato y/o Licenciatura en Tecnología,395,115
2007,Tecnología,Biotecnología,76,120
2007,Tecnología,Construcción Civil,3510,646
2007,Tecnología,Diseño Industrial,1131,796
2007,Tecnología,Ingeniería Agroindustrial,363,286
2007,Tecnología,Ingeniería Civil Agrícola,159,53
2007,Tecnología,Ingeniería Civil Ambiental,365,389
2007,Tecnología,Ingeniería Civil Bioquímica,120,149
2007,Tecnología,Ingeniería Civil Electrónica,1755,95
2007,Tecnología,Ingeniería Civil Eléctrica,1542,125
2007,Tecnología,Ingeniería Civil Industrial,12212,4038
2007,Tecnología,Ingeniería Civil Mecánica,2029,120
2007,Tecnología,Ingeniería Civil Metalúrgica,735,204
2007,Tecnología,Ingeniería Civil Química,843,527
2007,Tecnología,Ingeniería Civil en Agroindustrias,13,6
2007,Tecnología,Ingeniería Civil en Biomédica,95,55
2007,Tecnología,Ingeniería Civil en Biotecnología y/o Bioingeniería,101,83
2007,Tecnología,Ingeniería Civil en Computación e Informática,5532,903
2007,Tecnología,Ingeniería Civil en Geografía,104,69
2007,Tecnología,Ingeniería Civil en Industrias Forestales,85,41
2007,Tecnología,Ingeniería Civil en Materiales,93,18
2007,Tecnología,Ingeniería Civil en Minas,674,124
2007,Tecnología,Ingeniería Civil en Obras Civiles,1307,381
2007,Tecnología,Ingeniería Civil en Sonido y Acústica,249,22
2007,Tecnología,Ingeniería Civil en Telemática,224,35
2007,Tecnología,"Ingeniería Civil, plan común y licenciatura en Ciencias de la Ingeniería",8848,2130
2007,Tecnología,Ingeniería Industrial,4472,913
2007,Tecnología,Ingeniería Marina y Marítimo Portuaria,360,84
2007,Tecnología,Ingeniería Mecánica,4247,151
2007,Tecnología,Ingeniería Naval,253,25
2007,Tecnología,Ingeniería Textil,2,6
2007,Tecnología,Ingeniería en Alimentos,676,1562
2007,Tecnología,"Ingeniería en Automatización, Instrumentación y Control",1769,32
2007,Tecnología,Ingeniería en Biotecnología y Bioingeniería,780,695
2007,Tecnología,Ingeniería en Computación e Informática,14866,2220
2007,Tecnología,Ingeniería en Conectividad y Redes,1685,112
2007,Tecnología,Ingeniería en Construcción,7164,1585
2007,Tecnología,Ingeniería en Electricidad,3264,101
2007,Tecnología,Ingeniería en Electrónica,2594,90
2007,Tecnología,Ingeniería en Geomensura y Cartografía,203,71
2007,Tecnología,Ingeniería en Industria de la Madera,305,117
2007,Tecnología,Ingeniería en Mecatrónica,136,10
2007,Tecnología,Ingeniería en Mecánica Automotriz,7016,57
2007,Tecnología,Ingeniería en Medio Ambiente,1023,1079
2007,Tecnología,Ingeniería en Metalurgia,455,94
2007,Tecnología,Ingeniería en Minas,1000,190
2007,Tecnología,Ingeniería en Prevención de Riesgos,5930,3004
2007,Tecnología,Ingeniería en Proyectos Estructurales,61,11
2007,Tecnología,Ingeniería en Química,517,504
2007,Tecnología,Ingeniería en Recursos Renovables,181,243
2007,Tecnología,Ingeniería en Refrigeración y Climatización,260,35
2007,Tecnología,Ingeniería en Sonido,1246,74
2007,Tecnología,Ingeniería en Telecomunicaciones,274,12
2007,Tecnología,Ingeniería en Telemática,152,11
2007,Tecnología,Ingeniería en Transporte y Tránsito,234,80
2007,Tecnología,Otras Ingenierías,780,436
2007,Tecnología,Otras Ingenierías Civiles,577,150
2007,Tecnología,Otros Profesionales de Tecnología,1035,711
2007,Tecnología,Otros Técnicos de Tecnología,179,26
2007,Tecnología,Química Industrial,180,179
2007,Tecnología,Técnico en Administración de Redes y Soporte,3848,318
2007,Tecnología,Técnico en Agroindustria,116,113
2007,Tecnología,Técnico en Alimentos,158,326
2007,Tecnología,Técnico en Análisis de Sistemas,1580,261
2007,Tecnología,Técnico en Biotecnología Industrial,78,97
2007,Tecnología,Técnico en Computación e Informática,6746,1169
2007,Tecnología,Técnico en Construcción y Obras Civiles,5597,578
2007,Tecnología,Técnico en Dibujo Técnico,352,103
2007,Tecnología,Técnico en Electricidad y Electricidad Industrial,2560,26
2007,Tecnología,Técnico en Electromecánica,442,4
2007,Tecnología,Técnico en Electrónica y Electrónica Industrial,1570,49
2007,Tecnología,Técnico en Industria Forestal o de la Madera,170,45
2007,Tecnología,"Técnico en Instrumentación, Automatización y Control Industrial",1775,109
2007,Tecnología,Técnico en Mantenimiento Industrial,1542,25
2007,Tecnología,Técnico en Matriceria,68,11
2007,Tecnología,Técnico en Mecánica Automotriz,6163,59
2007,Tecnología,Técnico en Mecánica Industrial,1151,24
2007,Tecnología,Técnico en Medio Ambiente (Control y Gestión),201,142
2007,Tecnología,Técnico en Metalurgia,117,40
2007,Tecnología,Técnico en Minería,185,45
2007,Tecnología,Técnico en Prevención de Riesgos,3537,1757
2007,Tecnología,Técnico en Procesos Industriales,403,32
2007,Tecnología,"Técnico en Producción, Desarrollo y Diseño Web",3,1
2007,Tecnología,Técnico en Proyecto y Diseño Mecánico,75,11
2007,Tecnología,Técnico en Proyectos de Ingeniería,97,42
2007,Tecnología,Técnico en Refrigeración y Climatización,369,11
2007,Tecnología,Técnico en Sonido,1674,93
2007,Tecnología,Técnico en Telecomunicaciones,405,17
2007,Tecnología,Técnico en Topografía,753,91
2007,Tecnología,Técnico en Transporte Marítimo y Puertos,167,130
2008,Administración y Comercio,Administración Gastronómica,1404,1762
2008,Administración y Comercio,Administración Turística y Hotelera,1689,2555
2008,Administración y Comercio,Administración de Empresas e Ing. Asociadas,8209,7722
2008,Administración y Comercio,Bachillerato y/o Licenciatura en Administración y Comercio,108,60
2008,Administración y Comercio,Comunicación Empresarial y Organizacional,31,66
2008,Administración y Comercio,Contador Auditor,8586,9898
2008,Administración y Comercio,Ingeniería Comercial,16380,11389
2008,Administración y Comercio,Ingeniería en Comercio Exterior,1116,1014
2008,Administración y Comercio,Ingeniería en Control de Gestión,775,722
2008,Administración y Comercio,Ingeniería en Finanzas,297,246
2008,Administración y Comercio,Ingeniería en Gestión y Control de Calidad,56,43
2008,Administración y Comercio,Ingeniería en Logística,329,83
2008,Administración y Comercio,Ingeniería en Marketing,325,252
2008,Administración y Comercio,Ingeniería en Recursos Humanos,291,569
2008,Administración y Comercio,Ingeniería en Seguridad Privada,50,5
2008,Administración y Comercio,Otros Profesionales de Administración y Comercio,39,69
2008,Administración y Comercio,Otros Técnicos de Administración y Comercio,22,13
2008,Administración y Comercio,Secretariado Bilingüe,58,1727
2008,Administración y Comercio,Secretariado Computacional,29,939
2008,Administración y Comercio,Secretariado Ejecutivo,46,1095
2008,Administración y Comercio,Técnico Agente o Visitador Médico,176,390
2008,Administración y Comercio,Técnico en Administración Financiera y Finanzas,1229,1403
2008,Administración y Comercio,Técnico en Administración de Empresas,6776,7445
2008,Administración y Comercio,Técnico en Administración de Recursos Humanos y Personal,289,700
2008,Administración y Comercio,Técnico en Administración de Ventas,293,215
2008,Administración y Comercio,Técnico en Administración en Marketing,28,68
2008,Administración y Comercio,Técnico en Comercio Exterior,1613,1670
2008,Administración y Comercio,Técnico en Contabilidad Computacional,143,199
2008,Administración y Comercio,Técnico en Contabilidad General,1730,2593
2008,Administración y Comercio,Técnico en Contabilidad Tributaria,27,57
2008,Administración y Comercio,Técnico en Gastronomía y Cocina,4230,4447
2008,Administración y Comercio,Técnico en Gestión Previsional,9,17
2008,Administración y Comercio,Técnico en Gestión y Control de Calidad,150,79
2008,Administración y Comercio,Técnico en Logística,932,221
2008,Administración y Comercio,Técnico en Producción de Eventos,259,384
2008,Administración y Comercio,Técnico en Seguridad Privada,32,10
2008,Administración y Comercio,Técnico en Turismo y Hotelería,1788,2876
2008,Agropecuaria,Agronomía,4900,3288
2008,Agropecuaria,Ingeniería Agrícola,1262,597
2008,Agropecuaria,Ingeniería Forestal,1022,589
2008,Agropecuaria,Ingeniería de Ejecución Forestal,73,31
2008,Agropecuaria,Ingeniería en Acuicultura y Pesca,1101,633
2008,Agropecuaria,Ingeniería en Vitivinicultura,31,11
2008,Agropecuaria,Medicina Veterinaria,3749,5596
2008,Agropecuaria,Técnico Agropecuario,1746,751
2008,Agropecuaria,Técnico Veterinario,372,603
2008,Agropecuaria,Técnico en Acuicultura y Pesca,604,274
2008,Agropecuaria,Técnico en Vitivinicultura y/o Enología,203,168
2008,Arte y Arquitectura,Actuación y Teatro,954,1915
2008,Arte y Arquitectura,Animación Digital,225,64
2008,Arte y Arquitectura,Arquitectura,7337,5170
2008,Arte y Arquitectura,Artes y Licenciatura en Artes,1145,2284
2008,Arte y Arquitectura,Comunicación Audiovisual y/o Multimedia,1955,991
2008,Arte y Arquitectura,Diseño,1792,3189
2008,Arte y Arquitectura,Diseño Gráfico,5037,3424
2008,Arte y Arquitectura,Diseño Teatral,11,28
2008,Arte y Arquitectura,Diseño de Ambientes e Interiores,182,942
2008,Arte y Arquitectura,Diseño de Vestuario,75,1456
2008,Arte y Arquitectura,Fotografía,381,367
2008,Arte y Arquitectura,"Música, Canto o Danza",1884,837
2008,Arte y Arquitectura,Otros Profesionales de Arte y Arquitectura,47,30
2008,Arte y Arquitectura,Otros Técnicos de Arte y Arquitectura,296,304
2008,Arte y Arquitectura,Paisajismo,51,114
2008,Arte y Arquitectura,Realizador de Cine y Televisión,566,313
2008,Arte y Arquitectura,Técnico en Ambientes e Interiores,33,186
2008,Arte y Arquitectura,Técnico en Comunicación Audiovisual,700,237
2008,Arte y Arquitectura,Técnico en Dibujo Arquitectónico,1011,359
2008,Arte y Arquitectura,Técnico en Diseño Gráfico,1137,567
2008,Arte y Arquitectura,Técnico en Diseño de Vestuario,23,348
2008,Arte y Arquitectura,Técnico en Diseño de Áreas Verdes y Paisajismo,48,92
2008,Arte y Arquitectura,Técnico en Fotografía,210,194
2008,Arte y Arquitectura,Técnico en Peluquería y Estética,11,291
2008,Arte y Arquitectura,Técnico en Producción Gráfica y Multimedia,466,132
2008,Ciencias Básicas,Analista Químico,234,362
2008,Ciencias Básicas,Bachillerato y/o Licenciatura en Ciencias Básicas,1408,1741
2008,Ciencias Básicas,Biología,631,936
2008,Ciencias Básicas,Biología Marina y Ecología Marina,685,889
2008,Ciencias Básicas,Bioquímica,923,921
2008,Ciencias Básicas,Física y Astronomía,700,338
2008,Ciencias Básicas,Geología,592,304
2008,Ciencias Básicas,Ingeniería Civil Matemática y Estadística,215,76
2008,Ciencias Básicas,Ingeniería Civil en Geomática y Geomensura,14,5
2008,Ciencias Básicas,Ingeniería en Geomensura y Cartografía,702,230
2008,Ciencias Básicas,Ingeniería en Matemática y Estadística,461,393
2008,Ciencias Básicas,Matemática y/o Estadística,489,400
2008,Ciencias Básicas,Otros Profesionales de Ciencias Básicas,118,173
2008,Ciencias Básicas,Química Ambiental,96,154
2008,Ciencias Básicas,"Química, Licenciado en Química",477,577
2008,Ciencias Básicas,Técnico en Geología,37,9
2008,Ciencias Básicas,Técnico en Geominería,108,34
2008,Ciencias Básicas,Técnico en Química (Análisis e Industrial),517,766
2008,Ciencias Sociales,Administración Pública,1084,1309
2008,Ciencias Sociales,Antropología,574,750
2008,Ciencias Sociales,Arqueología,61,90
2008,Ciencias Sociales,Bachillerato y/o Licenciatura en Ciencias Sociales,577,654
2008,Ciencias Sociales,Ciencias Políticas,1029,853
2008,Ciencias Sociales,Comunicación Social,114,95
2008,Ciencias Sociales,Geografía,562,515
2008,Ciencias Sociales,Historia,1221,1015
2008,Ciencias Sociales,Ingeniería en Gestión Pública,93,131
2008,Ciencias Sociales,Orientación Familiar y Relaciones Humanas,16,119
2008,Ciencias Sociales,Otros Profesionales de Ciencias Sociales,369,360
2008,Ciencias Sociales,Otros Técnicos de Ciencias Sociales,172,572
2008,Ciencias Sociales,Periodismo,3256,4184
2008,Ciencias Sociales,Psicología,7550,16759
2008,Ciencias Sociales,Publicidad,3554,2513
2008,Ciencias Sociales,Relaciones Públicas,638,2300
2008,Ciencias Sociales,Sociología,1854,1550
2008,Ciencias Sociales,Trabajo Social,2953,13588
2008,Ciencias Sociales,Técnico en Administración Pública o Municipal,150,371
2008,Ciencias Sociales,Técnico en Prevención y Rehabilitación,121,159
2008,Ciencias Sociales,Técnico en Publicidad,103,61
2008,Ciencias Sociales,Técnico en Relaciones Públicas,223,645
2008,Ciencias Sociales,Técnico en Servicio Social,280,1264
2008,Derecho,Criminalística,966,1247
2008,Derecho,Derecho,17788,16198
2008,Derecho,Técnico Jurídico,3306,7039
2008,Derecho,"Técnico Perito Judicial, Forense o en Criminalística",306,480
2008,Educación,Bachillerato y/o Licenciatura en Educación,132,154
2008,Educación,Otros Profesionales de Educación,499,178
2008,Educación,Otros Técnicos de Educación,19,55
2008,Educación,Pedagogía en Artes y Música,1863,1343
2008,Educación,Pedagogía en Ciencias,1508,3036
2008,Educación,Pedagogía en Educación Básica,4546,20691
2008,Educación,Pedagogía en Educación Diferencial,319,6379
2008,Educación,Pedagogía en Educación Física,11798,5613
2008,Educación,Pedagogía en Educación Media,91,272
2008,Educación,Pedagogía en Educación Tecnológica,57,127
2008,Educación,Pedagogía en Educación Técnico Profesional,493,351
2008,Educación,Pedagogía en Educación de Párvulos,30,14342
2008,Educación,Pedagogía en Filosofía y Religión,871,846
2008,Educación,"Pedagogía en Historia, Geografía y Ciencias Sociales",3790,3009
2008,Educación,Pedagogía en Idiomas,3739,7428
2008,Educación,"Pedagogía en Lenguaje, Comunicación y/o Castellano",1194,3038
2008,Educación,Pedagogía en Matemáticas y Computación,1910,2197
2008,Educación,Programas de Formación Pedagógica,183,243
2008,Educación,Psicopedagogía,804,5430
2008,Educación,Técnico Asistente del Educador Diferencial,128,1880
2008,Educación,Técnico Asistente del Educador de Párvulos,14,2982
2008,Educación,"Técnico en Deporte, Recreación y Preparación Física",4395,1354
2008,Humanidades,Bachillerato y/o Licenciatura en Humanidades,595,616
2008,Humanidades,Bibliotecología,122,219
2008,Humanidades,Filosofía,382,167
2008,Humanidades,Licenciatura en Letras y Literatura,574,1179
2008,Humanidades,Otros Profesionales de Humanidades,95,17
2008,Humanidades,Otros Técnicos de Humanidades,4,3
2008,Humanidades,Traducción e Interpretación,1251,2443
2008,Humanidades,Técnico en Bibliotecas y Centros de Documentación,79,140
2008,Humanidades,Técnico en Traducción e Interpretariado,445,781
2008,Salud,Bachillerato y/o Licenciatura en Salud,27,53
2008,Salud,Enfermería,2709,15970
2008,Salud,Fonoaudiología,922,4574
2008,Salud,Kinesiología,8324,9696
2008,Salud,Medicina,5878,4951
2008,Salud,Naturopatía,93,222
2008,Salud,Nutrición y Dietética,776,6419
2008,Salud,Obstetricia y Puericultura,313,2344
2008,Salud,Odontología,4045,5268
2008,Salud,Otros Profesionales de Salud,34,81
2008,Salud,Otros Técnicos de Salud,221,196
2008,Salud,Química y Farmacia,1686,2415
2008,Salud,Tecnología Médica,2277,3420
2008,Salud,Terapia Ocupacional,412,1726
2008,Salud,Técnico Dental y Asistente de Odontología,269,1522
2008,Salud,Técnico Laboratorista Dental,591,1339
2008,Salud,Técnico en Arsenaleria Quirúrgica,60,421
2008,Salud,Técnico en Enfermería,4131,22524
2008,Salud,Técnico en Farmacia,20,86
2008,Salud,Técnico en Ginecología y Obstetricia,3,283
2008,Salud,Técnico en Laboratorio Clínico,188,897
2008,Salud,Técnico en Masoterapia,33,145
2008,Salud,Técnico en Nutrición y Dietética,20,58
2008,Salud,Técnico en Podología,66,397
2008,Salud,Técnico en Radiología y Radioterapia,175,432
2008,Salud,Técnico en Terapias Naturales y Naturopatía,61,200
2008,Salud,Técnico en Óptica,48,51
2008,Tecnología,Bachillerato y/o Licenciatura en Tecnología,353,101
2008,Tecnología,Biotecnología,136,190
2008,Tecnología,Construcción Civil,3897,711
2008,Tecnología,Diseño Industrial,1083,830
2008,Tecnología,Ingeniería Agroindustrial,302,234
2008,Tecnología,Ingeniería Civil Agrícola,205,86
2008,Tecnología,Ingeniería Civil Ambiental,425,503
2008,Tecnología,Ingeniería Civil Bioquímica,106,161
2008,Tecnología,Ingeniería Civil Electrónica,1830,105
2008,Tecnología,Ingeniería Civil Eléctrica,1658,129
2008,Tecnología,Ingeniería Civil Industrial,13571,4518
2008,Tecnología,Ingeniería Civil Mecánica,2120,132
2008,Tecnología,Ingeniería Civil Metalúrgica,961,303
2008,Tecnología,Ingeniería Civil Química,916,580
2008,Tecnología,Ingeniería Civil en Agroindustrias,34,12
2008,Tecnología,Ingeniería Civil en Biomédica,117,75
2008,Tecnología,Ingeniería Civil en Biotecnología y/o Bioingeniería,165,121
2008,Tecnología,Ingeniería Civil en Computación e Informática,5864,963
2008,Tecnología,Ingeniería Civil en Geografía,95,61
2008,Tecnología,Ingeniería Civil en Industrias Forestales,102,47
2008,Tecnología,Ingeniería Civil en Materiales,103,33
2008,Tecnología,Ingeniería Civil en Minas,944,168
2008,Tecnología,Ingeniería Civil en Obras Civiles,1526,423
2008,Tecnología,Ingeniería Civil en Sonido y Acústica,242,24
2008,Tecnología,Ingeniería Civil en Telemática,273,36
2008,Tecnología,"Ingeniería Civil, plan común y licenciatura en Ciencias de la Ingeniería",8558,2160
2008,Tecnología,Ingeniería Industrial,4511,999
2008,Tecnología,Ingeniería Marina y Marítimo Portuaria,368,73
2008,Tecnología,Ingeniería Mecánica,4815,162
2008,Tecnología,Ingeniería Naval,230,33
2008,Tecnología,Ingeniería Textil,0,2
2008,Tecnología,Ingeniería en Alimentos,620,1473
2008,Tecnología,"Ingeniería en Automatización, Instrumentación y Control",2011,47
2008,Tecnología,Ingeniería en Biotecnología y Bioingeniería,899,838
2008,Tecnología,Ingeniería en Computación e Informática,15025,2208
2008,Tecnología,Ingeniería en Conectividad y Redes,1388,103
2008,Tecnología,Ingeniería en Construcción,7500,1686
2008,Tecnología,Ingeniería en Electricidad,3297,99
2008,Tecnología,Ingeniería en Electrónica,2326,91
2008,Tecnología,Ingeniería en Geomensura y Cartografía,76,37
2008,Tecnología,Ingeniería en Industria de la Madera,210,85
2008,Tecnología,Ingeniería en Mecatrónica,177,16
2008,Tecnología,Ingeniería en Mecánica Automotriz,7357,87
2008,Tecnología,Ingeniería en Medio Ambiente,914,978
2008,Tecnología,Ingeniería en Metalurgia,538,120
2008,Tecnología,Ingeniería en Minas,1073,217
2008,Tecnología,Ingeniería en Prevención de Riesgos,7137,4094
2008,Tecnología,Ingeniería en Proyectos Estructurales,48,9
2008,Tecnología,Ingeniería en Química,551,565
2008,Tecnología,Ingeniería en Recursos Renovables,190,243
2008,Tecnología,Ingeniería en Refrigeración y Climatización,276,28
2008,Tecnología,Ingeniería en Sonido,1124,70
2008,Tecnología,Ingeniería en Telecomunicaciones,664,44
2008,Tecnología,Ingeniería en Telemática,128,9
2008,Tecnología,Ingeniería en Transporte y Tránsito,208,76
2008,Tecnología,Otras Ingenierías,999,473
2008,Tecnología,Otras Ingenierías Civiles,676,173
2008,Tecnología,Otros Profesionales de Tecnología,1172,811
2008,Tecnología,Otros Técnicos de Tecnología,199,29
2008,Tecnología,Química Industrial,180,183
2008,Tecnología,Técnico en Administración de Redes y Soporte,3687,355
2008,Tecnología,Técnico en Agroindustria,129,112
2008,Tecnología,Técnico en Alimentos,344,567
2008,Tecnología,Técnico en Análisis de Sistemas,1422,242
2008,Tecnología,Técnico en Biotecnología Industrial,107,114
2008,Tecnología,Técnico en Computación e Informática,7416,1301
2008,Tecnología,Técnico en Construcción y Obras Civiles,6123,769
2008,Tecnología,Técnico en Dibujo Técnico,385,113
2008,Tecnología,Técnico en Electricidad y Electricidad Industrial,3209,54
2008,Tecnología,Técnico en Electromecánica,353,5
2008,Tecnología,Técnico en Electrónica y Electrónica Industrial,1621,53
2008,Tecnología,Técnico en Industria Forestal o de la Madera,218,43
2008,Tecnología,"Técnico en Instrumentación, Automatización y Control Industrial",1847,140
2008,Tecnología,Técnico en Mantenimiento Industrial,1888,40
2008,Tecnología,Técnico en Matriceria,61,13
2008,Tecnología,Técnico en Mecánica Automotriz,6803,88
2008,Tecnología,Técnico en Mecánica Industrial,1422,33
2008,Tecnología,Técnico en Medio Ambiente (Control y Gestión),214,129
2008,Tecnología,Técnico en Metalurgia,141,49
2008,Tecnología,Técnico en Minería,254,67
2008,Tecnología,Técnico en Prevención de Riesgos,4569,2901
2008,Tecnología,Técnico en Procesos Industriales,478,48
2008,Tecnología,"Técnico en Producción, Desarrollo y Diseño Web",30,5
2008,Tecnología,Técnico en Proyecto y Diseño Mecánico,79,15
2008,Tecnología,Técnico en Proyectos de Ingeniería,94,41
2008,Tecnología,Técnico en Refrigeración y Climatización,395,12
2008,Tecnología,Técnico en Sonido,1636,95
2008,Tecnología,Técnico en Telecomunicaciones,928,57
2008,Tecnología,Técnico en Topografía,739,114
2008,Tecnología,Técnico en Transporte Marítimo y Puertos,177,132
2009,Administración y Comercio,Administración Gastronómica,1457,1910
2009,Administración y Comercio,Administración Turística y Hotelera,1772,2658
2009,Administración y Comercio,Administración de Empresas e Ing. Asociadas,9726,9531
2009,Administración y Comercio,Bachillerato y/o Licenciatura en Administración y Comercio,143,77
2009,Administración y Comercio,Comunicación Empresarial y Organizacional,16,46
2009,Administración y Comercio,Contador Auditor,8863,10710
2009,Administración y Comercio,Ingeniería Comercial,16782,12178
2009,Administración y Comercio,Ingeniería en Comercio Exterior,1022,1022
2009,Administración y Comercio,Ingeniería en Control de Gestión,908,881
2009,Administración y Comercio,Ingeniería en Finanzas,344,310
2009,Administración y Comercio,Ingeniería en Gestión y Control de Calidad,23,26
2009,Administración y Comercio,Ingeniería en Logística,268,101
2009,Administración y Comercio,Ingeniería en Marketing,351,324
2009,Administración y Comercio,Ingeniería en Recursos Humanos,482,938
2009,Administración y Comercio,Ingeniería en Seguridad Privada,12,2
2009,Administración y Comercio,Otros Profesionales de Administración y Comercio,39,72
2009,Administración y Comercio,Otros Técnicos de Administración y Comercio,34,54
2009,Administración y Comercio,Secretariado Bilingüe,72,2284
2009,Administración y Comercio,Secretariado Computacional,25,901
2009,Administración y Comercio,Secretariado Ejecutivo,42,1000
2009,Administración y Comercio,Técnico Agente o Visitador Médico,172,379
2009,Administración y Comercio,Técnico en Administración Financiera y Finanzas,1369,1596
2009,Administración y Comercio,Técnico en Administración de Empresas,8001,9593
2009,Administración y Comercio,Técnico en Administración de Recursos Humanos y Personal,332,906
2009,Administración y Comercio,Técnico en Administración de Ventas,296,292
2009,Administración y Comercio,Técnico en Administración en Marketing,17,43
2009,Administración y Comercio,Técnico en Comercio Exterior,1532,1624
2009,Administración y Comercio,Técnico en Contabilidad Computacional,107,189
2009,Administración y Comercio,Técnico en Contabilidad General,2145,3288
2009,Administración y Comercio,Técnico en Contabilidad Tributaria,29,73
2009,Administración y Comercio,Técnico en Gastronomía y Cocina,4542,4980
2009,Administración y Comercio,Técnico en Gestión Previsional,17,27
2009,Administración y Comercio,Técnico en Gestión y Control de Calidad,164,110
2009,Administración y Comercio,Técnico en Logística,1081,261
2009,Administración y Comercio,Técnico en Producción de Eventos,254,440
2009,Administración y Comercio,Técnico en Seguridad Privada,32,3
2009,Administración y Comercio,Técnico en Turismo y Hotelería,1985,3267
2009,Agropecuaria,Agronomía,5075,3242
2009,Agropecuaria,Bachillerato y/o Licenciatura en Agropecuaria,60,40
2009,Agropecuaria,Ingeniería Agrícola,1258,596
2009,Agropecuaria,Ingeniería Forestal,741,471
2009,Agropecuaria,Ingeniería de Ejecución Forestal,53,17
2009,Agropecuaria,Ingeniería en Acuicultura y Pesca,1040,587
2009,Agropecuaria,Ingeniería en Vitivinicultura,36,16
2009,Agropecuaria,Medicina Veterinaria,3660,5736
2009,Agropecuaria,Técnico Agropecuario,1964,914
2009,Agropecuaria,Técnico Veterinario,354,658
2009,Agropecuaria,Técnico en Acuicultura y Pesca,495,240
2009,Agropecuaria,Técnico en Vitivinicultura y/o Enología,252,163
2009,Arte y Arquitectura,Actuación y Teatro,928,1800
2009,Arte y Arquitectura,Animación Digital,262,82
2009,Arte y Arquitectura,Arquitectura,7201,5265
2009,Arte y Arquitectura,Artes y Licenciatura en Artes,1113,2385
2009,Arte y Arquitectura,Comunicación Audiovisual y/o Multimedia,2096,1100
2009,Arte y Arquitectura,Diseño,1616,3226
2009,Arte y Arquitectura,Diseño Gráfico,5285,3774
2009,Arte y Arquitectura,Diseño Teatral,10,33
2009,Arte y Arquitectura,Diseño de Ambientes e Interiores,194,945
2009,Arte y Arquitectura,Diseño de Vestuario,72,1568
2009,Arte y Arquitectura,Fotografía,348,354
2009,Arte y Arquitectura,"Música, Canto o Danza",1930,825
2009,Arte y Arquitectura,Otros Profesionales de Arte y Arquitectura,49,36
2009,Arte y Arquitectura,Otros Técnicos de Arte y Arquitectura,346,326
2009,Arte y Arquitectura,Paisajismo,46,106
2009,Arte y Arquitectura,Realizador de Cine y Televisión,595,328
2009,Arte y Arquitectura,Técnico en Ambientes e Interiores,14,116
2009,Arte y Arquitectura,Técnico en Comunicación Audiovisual,696,232
2009,Arte y Arquitectura,Técnico en Dibujo Arquitectónico,1002,433
2009,Arte y Arquitectura,Técnico en Diseño Gráfico,1394,788
2009,Arte y Arquitectura,Técnico en Diseño de Vestuario,24,301
2009,Arte y Arquitectura,Técnico en Diseño de Áreas Verdes y Paisajismo,60,93
2009,Arte y Arquitectura,Técnico en Fotografía,259,282
2009,Arte y Arquitectura,Técnico en Peluquería y Estética,17,407
2009,Arte y Arquitectura,Técnico en Producción Gráfica y Multimedia,394,104
2009,Arte y Arquitectura,Técnico en Teatro,23,38
2009,Ciencias Básicas,Analista Químico,210,306
2009,Ciencias Básicas,Bachillerato y/o Licenciatura en Ciencias Básicas,1531,1788
2009,Ciencias Básicas,Biología,646,915
2009,Ciencias Básicas,Biología Marina y Ecología Marina,645,860
2009,Ciencias Básicas,Bioquímica,976,967
2009,Ciencias Básicas,Física y Astronomía,733,350
2009,Ciencias Básicas,Geología,637,330
2009,Ciencias Básicas,Ingeniería Civil Matemática y Estadística,248,72
2009,Ciencias Básicas,Ingeniería Civil en Geomática y Geomensura,4,3
2009,Ciencias Básicas,Ingeniería en Geomensura y Cartografía,618,243
2009,Ciencias Básicas,Ingeniería en Matemática y Estadística,455,385
2009,Ciencias Básicas,Matemática y/o Estadística,423,355
2009,Ciencias Básicas,Otros Profesionales de Ciencias Básicas,96,142
2009,Ciencias Básicas,Química Ambiental,119,200
2009,Ciencias Básicas,"Química, Licenciado en Química",534,618
2009,Ciencias Básicas,Técnico en Geología,54,24
2009,Ciencias Básicas,Técnico en Geominería,151,58
2009,Ciencias Básicas,Técnico en Química (Análisis e Industrial),550,856
2009,Ciencias Sociales,Administración Pública,1327,1433
2009,Ciencias Sociales,Antropología,581,751
2009,Ciencias Sociales,Arqueología,66,87
2009,Ciencias Sociales,Bachillerato y/o Licenciatura en Ciencias Sociales,447,559
2009,Ciencias Sociales,Ciencias Políticas,1070,896
2009,Ciencias Sociales,Comunicación Social,128,84
2009,Ciencias Sociales,Geografía,668,557
2009,Ciencias Sociales,Historia,1257,1017
2009,Ciencias Sociales,Ingeniería en Gestión Pública,240,398
2009,Ciencias Sociales,Orientación Familiar y Relaciones Humanas,161,599
2009,Ciencias Sociales,Otros Profesionales de Ciencias Sociales,583,523
2009,Ciencias Sociales,Otros Técnicos de Ciencias Sociales,158,637
2009,Ciencias Sociales,Periodismo,2931,3786
2009,Ciencias Sociales,Psicología,7352,16564
2009,Ciencias Sociales,Publicidad,3592,2566
2009,Ciencias Sociales,Relaciones Públicas,675,2232
2009,Ciencias Sociales,Sociología,1897,1574
2009,Ciencias Sociales,Trabajo Social,3334,14689
2009,Ciencias Sociales,Técnico en Administración Pública o Municipal,194,450
2009,Ciencias Sociales,Técnico en Comunicación Social,10,19
2009,Ciencias Sociales,Técnico en Prevención y Rehabilitación,96,119
2009,Ciencias Sociales,Técnico en Publicidad,112,96
2009,Ciencias Sociales,Técnico en Relaciones Públicas,267,736
2009,Ciencias Sociales,Técnico en Servicio Social,431,2003
2009,Derecho,Criminalística,472,839
2009,Derecho,Derecho,18536,17099
2009,Derecho,Ingeniería en Administración Jurídica,9,27
2009,Derecho,Técnico Jurídico,2809,6514
2009,Derecho,"Técnico Perito Judicial, Forense o en Criminalística",55,122
2009,Educación,Bachillerato y/o Licenciatura en Educación,82,135
2009,Educación,Otros Profesionales de Educación,493,186
2009,Educación,Otros Técnicos de Educación,18,70
2009,Educación,Pedagogía en Artes y Música,1842,1343
2009,Educación,Pedagogía en Ciencias,1577,3166
2009,Educación,Pedagogía en Educación Básica,3935,18468
2009,Educación,Pedagogía en Educación Diferencial,376,7345
2009,Educación,Pedagogía en Educación Física,12781,5820
2009,Educación,Pedagogía en Educación Media,61,124
2009,Educación,Pedagogía en Educación Tecnológica,57,108
2009,Educación,Pedagogía en Educación Técnico Profesional,360,284
2009,Educación,Pedagogía en Educación de Párvulos,40,13899
2009,Educación,Pedagogía en Filosofía y Religión,874,949
2009,Educación,"Pedagogía en Historia, Geografía y Ciencias Sociales",3782,3005
2009,Educación,Pedagogía en Idiomas,3929,7769
2009,Educación,"Pedagogía en Lenguaje, Comunicación y/o Castellano",1195,3138
2009,Educación,Pedagogía en Matemáticas y Computación,1906,2306
2009,Educación,Programas de Formación Pedagógica,237,326
2009,Educación,Psicopedagogía,969,7072
2009,Educación,Técnico Asistente del Educador Diferencial,144,2634
2009,Educación,Técnico Asistente del Educador de Párvulos,35,5660
2009,Educación,"Técnico en Deporte, Recreación y Preparación Física",5052,1562
2009,Humanidades,Bachillerato y/o Licenciatura en Humanidades,516,523
2009,Humanidades,Bibliotecología,116,207
2009,Humanidades,Filosofía,354,180
2009,Humanidades,Licenciatura en Letras y Literatura,537,1185
2009,Humanidades,Otros Profesionales de Humanidades,88,20
2009,Humanidades,Otros Técnicos de Humanidades,2,2
2009,Humanidades,Traducción e Interpretación,1265,2593
2009,Humanidades,Técnico en Bibliotecas y Centros de Documentación,82,139
2009,Humanidades,Técnico en Traducción e Interpretariado,577,912
2009,Salud,Bachillerato y/o Licenciatura en Salud,18,44
2009,Salud,Enfermería,3500,19795
2009,Salud,Fonoaudiología,1065,5408
2009,Salud,Kinesiología,9734,11156
2009,Salud,Medicina,6199,5431
2009,Salud,Naturopatía,58,172
2009,Salud,Nutrición y Dietética,917,7584
2009,Salud,Obstetricia y Puericultura,294,2336
2009,Salud,Odontología,4399,5937
2009,Salud,Otros Profesionales de Salud,32,96
2009,Salud,Otros Técnicos de Salud,236,235
2009,Salud,Química y Farmacia,1760,2505
2009,Salud,Tecnología Médica,2568,3748
2009,Salud,Terapia Ocupacional,495,2090
2009,Salud,Técnico Dental y Asistente de Odontología,361,2399
2009,Salud,Técnico Laboratorista Dental,568,1451
2009,Salud,Técnico en Arsenaleria Quirúrgica,104,519
2009,Salud,Técnico en Enfermería,4983,27673
2009,Salud,Técnico en Farmacia,18,97
2009,Salud,Técnico en Ginecología y Obstetricia,4,248
2009,Salud,Técnico en Laboratorio Clínico,251,1154
2009,Salud,Técnico en Masoterapia,75,287
2009,Salud,Técnico en Nutrición y Dietética,19,89
2009,Salud,Técnico en Podología,77,574
2009,Salud,Técnico en Radiología y Radioterapia,163,481
2009,Salud,Técnico en Terapias Naturales y Naturopatía,87,277
2009,Salud,Técnico en Óptica,52,50
2009,Tecnología,Bachillerato y/o Licenciatura en Tecnología,599,188
2009,Tecnología,Biotecnología,173,240
2009,Tecnología,Construcción Civil,4794,828
2009,Tecnología,Diseño Industrial,1098,884
2009,Tecnología,Ingeniería Agroindustrial,263,216
2009,Tecnología,Ingeniería Civil Agrícola,120,45
2009,Tecnología,Ingeniería Civil Ambiental,463,570
2009,Tecnología,Ingeniería Civil Bioquímica,111,161
2009,Tecnología,Ingeniería Civil Electrónica,1757,105
2009,Tecnología,Ingeniería Civil Eléctrica,1787,143
2009,Tecnología,Ingeniería Civil Industrial,13990,4910
2009,Tecnología,Ingeniería Civil Mecánica,2311,153
2009,Tecnología,Ingeniería Civil Metalúrgica,1002,310
2009,Tecnología,Ingeniería Civil Química,976,627
2009,Tecnología,Ingeniería Civil en Agroindustrias,14,11
2009,Tecnología,Ingeniería Civil en Biomédica,291,235
2009,Tecnología,Ingeniería Civil en Biotecnología y/o Bioingeniería,190,152
2009,Tecnología,Ingeniería Civil en Computación e Informática,5929,943
2009,Tecnología,Ingeniería Civil en Geografía,89,49
2009,Tecnología,Ingeniería Civil en Industrias Forestales,97,42
2009,Tecnología,Ingeniería Civil en Materiales,110,40
2009,Tecnología,Ingeniería Civil en Minas,1126,215
2009,Tecnología,Ingeniería Civil en Obras Civiles,1423,386
2009,Tecnología,Ingeniería Civil en Sonido y Acústica,278,24
2009,Tecnología,Ingeniería Civil en Telemática,293,42
2009,Tecnología,"Ingeniería Civil, plan común y licenciatura en Ciencias de la Ingeniería",9085,2433
2009,Tecnología,Ingeniería Industrial,4830,1205
2009,Tecnología,Ingeniería Marina y Marítimo Portuaria,378,71
2009,Tecnología,Ingeniería Mecánica,5125,167
2009,Tecnología,Ingeniería Naval,251,36
2009,Tecnología,Ingeniería Textil,1,1
2009,Tecnología,Ingeniería en Alimentos,599,1486
2009,Tecnología,"Ingeniería en Automatización, Instrumentación y Control",2196,55
2009,Tecnología,Ingeniería en Biotecnología y Bioingeniería,1001,958
2009,Tecnología,Ingeniería en Computación e Informática,16294,2399
2009,Tecnología,Ingeniería en Conectividad y Redes,1351,110
2009,Tecnología,Ingeniería en Construcción,7594,1766
2009,Tecnología,Ingeniería en Electricidad,3487,107
2009,Tecnología,Ingeniería en Electrónica,2227,88
2009,Tecnología,Ingeniería en Geomensura y Cartografía,129,45
2009,Tecnología,Ingeniería en Industria de la Madera,155,63
2009,Tecnología,Ingeniería en Mecatrónica,184,15
2009,Tecnología,Ingeniería en Mecánica Automotriz,7247,80
2009,Tecnología,Ingeniería en Medio Ambiente,793,962
2009,Tecnología,Ingeniería en Metalurgia,594,166
2009,Tecnología,Ingeniería en Minas,1289,291
2009,Tecnología,Ingeniería en Prevención de Riesgos,9091,5637
2009,Tecnología,Ingeniería en Proyectos Estructurales,55,14
2009,Tecnología,Ingeniería en Química,610,662
2009,Tecnología,Ingeniería en Recursos Renovables,229,290
2009,Tecnología,Ingeniería en Refrigeración y Climatización,285,34
2009,Tecnología,Ingeniería en Sonido,1139,65
2009,Tecnología,Ingeniería en Telecomunicaciones,833,59
2009,Tecnología,Ingeniería en Telemática,152,11
2009,Tecnología,Ingeniería en Transporte y Tránsito,217,74
2009,Tecnología,Otras Ingenierías,797,355
2009,Tecnología,Otras Ingenierías Civiles,719,174
2009,Tecnología,Otros Profesionales de Tecnología,1222,877
2009,Tecnología,Otros Técnicos de Tecnología,400,84
2009,Tecnología,Química Industrial,164,166
2009,Tecnología,Técnico en Administración de Redes y Soporte,3958,399
2009,Tecnología,Técnico en Agroindustria,80,103
2009,Tecnología,Técnico en Alimentos,344,536
2009,Tecnología,Técnico en Análisis de Sistemas,1415,256
2009,Tecnología,Técnico en Biotecnología Industrial,111,119
2009,Tecnología,Técnico en Computación e Informática,8751,1423
2009,Tecnología,Técnico en Construcción y Obras Civiles,6668,852
2009,Tecnología,Técnico en Dibujo Técnico,348,126
2009,Tecnología,Técnico en Diseño Industrial,1,4
2009,Tecnología,Técnico en Electricidad y Electricidad Industrial,3847,88
2009,Tecnología,Técnico en Electromecánica,426,5
2009,Tecnología,Técnico en Electrónica y Electrónica Industrial,1710,53
2009,Tecnología,Técnico en Energía,24,6
2009,Tecnología,Técnico en Industria Forestal o de la Madera,119,56
2009,Tecnología,"Técnico en Instrumentación, Automatización y Control Industrial",2099,179
2009,Tecnología,Técnico en Mantenimiento Industrial,2038,52
2009,Tecnología,Técnico en Matriceria,83,14
2009,Tecnología,Técnico en Mecatrónica,9,0
2009,Tecnología,Técnico en Mecánica Automotriz,7790,107
2009,Tecnología,Técnico en Mecánica Industrial,1464,34
2009,Tecnología,Técnico en Medio Ambiente (Control y Gestión),118,84
2009,Tecnología,Técnico en Metalurgia,139,42
2009,Tecnología,Técnico en Minería,403,64
2009,Tecnología,Técnico en Prevención de Riesgos,6940,4661
2009,Tecnología,Técnico en Procesos Industriales,485,46
2009,Tecnología,"Técnico en Producción, Desarrollo y Diseño Web",79,25
2009,Tecnología,Técnico en Proyecto y Diseño Mecánico,72,17
2009,Tecnología,Técnico en Proyectos de Ingeniería,110,39
2009,Tecnología,Técnico en Refrigeración y Climatización,420,12
2009,Tecnología,Técnico en Sonido,1606,91
2009,Tecnología,Técnico en Telecomunicaciones,1369,75
2009,Tecnología,Técnico en Topografía,833,147
2009,Tecnología,Técnico en Transporte Marítimo y Puertos,138,134
2010,Administración y Comercio,Administración Gastronómica,1674,2065
2010,Administración y Comercio,Administración Turística y Hotelera,2014,2950
2010,Administración y Comercio,Administración de Empresas e Ing. Asociadas,11185,11258
2010,Administración y Comercio,Bachillerato y/o Licenciatura en Administración y Comercio,109,61
2010,Administración y Comercio,Comunicación Empresarial y Organizacional,7,24
2010,Administración y Comercio,Contador Auditor,9489,11393
2010,Administración y Comercio,Ingeniería Comercial,18060,13155
2010,Administración y Comercio,Ingeniería en Comercio Exterior,1034,1024
2010,Administración y Comercio,Ingeniería en Control de Gestión,984,948
2010,Administración y Comercio,Ingeniería en Finanzas,304,269
2010,Administración y Comercio,Ingeniería en Gestión y Control de Calidad,13,7
2010,Administración y Comercio,Ingeniería en Logística,340,124
2010,Administración y Comercio,Ingeniería en Marketing,399,381
2010,Administración y Comercio,Ingeniería en Recursos Humanos,530,1177
2010,Administración y Comercio,Ingeniería en Seguridad Privada,26,2
2010,Administración y Comercio,Otros Profesionales de Administración y Comercio,25,46
2010,Administración y Comercio,Otros Técnicos de Administración y Comercio,39,144
2010,Administración y Comercio,Secretariado Bilingüe,60,2491
2010,Administración y Comercio,Secretariado Computacional,59,980
2010,Administración y Comercio,Secretariado Ejecutivo,33,906
2010,Administración y Comercio,Técnico Agente o Visitador Médico,190,350
2010,Administración y Comercio,Técnico en Administración Financiera y Finanzas,1488,1790
2010,Administración y Comercio,Técnico en Administración de Empresas,9589,11902
2010,Administración y Comercio,Técnico en Administración de Recursos Humanos y Personal,417,1178
2010,Administración y Comercio,Técnico en Administración de Ventas,298,340
2010,Administración y Comercio,Técnico en Administración en Marketing,27,23
2010,Administración y Comercio,Técnico en Comercio Exterior,1502,1587
2010,Administración y Comercio,Técnico en Contabilidad Computacional,89,195
2010,Administración y Comercio,Técnico en Contabilidad General,2425,3733
2010,Administración y Comercio,Técnico en Contabilidad Tributaria,27,72
2010,Administración y Comercio,Técnico en Gastronomía y Cocina,5002,5597
2010,Administración y Comercio,Técnico en Gestión Previsional,15,27
2010,Administración y Comercio,Técnico en Gestión y Control de Calidad,174,141
2010,Administración y Comercio,Técnico en Logística,1234,373
2010,Administración y Comercio,Técnico en Producción de Eventos,274,396
2010,Administración y Comercio,Técnico en Seguridad Privada,9,0
2010,Administración y Comercio,Técnico en Turismo y Hotelería,2229,3764
2010,Agropecuaria,Agronomía,5022,3125
2010,Agropecuaria,Bachillerato y/o Licenciatura en Agropecuaria,87,61
2010,Agropecuaria,Ingeniería Agrícola,1389,637
2010,Agropecuaria,Ingeniería Forestal,673,412
2010,Agropecuaria,Ingeniería de Ejecución Forestal,57,20
2010,Agropecuaria,Ingeniería en Acuicultura y Pesca,860,507
2010,Agropecuaria,Ingeniería en Vitivinicultura,44,24
2010,Agropecuaria,Medicina Veterinaria,3561,5737
2010,Agropecuaria,Técnico Agropecuario,2249,1087
2010,Agropecuaria,Técnico Veterinario,358,681
2010,Agropecuaria,Técnico en Acuicultura y Pesca,322,165
2010,Agropecuaria,Técnico en Vitivinicultura y/o Enología,266,177
2010,Arte y Arquitectura,Actuación y Teatro,896,1744
2010,Arte y Arquitectura,Animación Digital,330,120
2010,Arte y Arquitectura,Arquitectura,7116,5279
2010,Arte y Arquitectura,Artes y Licenciatura en Artes,1190,2446
2010,Arte y Arquitectura,Comunicación Audiovisual y/o Multimedia,2135,1195
2010,Arte y Arquitectura,Diseño,1586,3436
2010,Arte y Arquitectura,Diseño Gráfico,5728,4153
2010,Arte y Arquitectura,Diseño Teatral,11,39
2010,Arte y Arquitectura,Diseño de Ambientes e Interiores,180,918
2010,Arte y Arquitectura,Diseño de Vestuario,86,1685
2010,Arte y Arquitectura,Fotografía,370,424
2010,Arte y Arquitectura,"Música, Canto o Danza",2013,816
2010,Arte y Arquitectura,Otros Profesionales de Arte y Arquitectura,65,95
2010,Arte y Arquitectura,Otros Técnicos de Arte y Arquitectura,416,366
2010,Arte y Arquitectura,Paisajismo,52,101
2010,Arte y Arquitectura,Realizador de Cine y Televisión,560,328
2010,Arte y Arquitectura,Técnico en Ambientes e Interiores,31,115
2010,Arte y Arquitectura,Técnico en Comunicación Audiovisual,808,251
2010,Arte y Arquitectura,Técnico en Dibujo Arquitectónico,1031,458
2010,Arte y Arquitectura,Técnico en Diseño Gráfico,1531,892
2010,Arte y Arquitectura,Técnico en Diseño de Vestuario,28,307
2010,Arte y Arquitectura,Técnico en Diseño de Áreas Verdes y Paisajismo,59,91
2010,Arte y Arquitectura,Técnico en Fotografía,314,317
2010,Arte y Arquitectura,Técnico en Peluquería y Estética,27,559
2010,Arte y Arquitectura,Técnico en Producción Gráfica y Multimedia,459,170
2010,Arte y Arquitectura,Técnico en Teatro,20,22
2010,Ciencias Básicas,Analista Químico,180,290
2010,Ciencias Básicas,Bachillerato y/o Licenciatura en Ciencias Básicas,1613,1824
2010,Ciencias Básicas,Biología,651,893
2010,Ciencias Básicas,Biología Marina y Ecología Marina,617,812
2010,Ciencias Básicas,Bioquímica,975,987
2010,Ciencias Básicas,Física y Astronomía,796,328
2010,Ciencias Básicas,Geología,721,381
2010,Ciencias Básicas,Ingeniería Civil Matemática y Estadística,272,74
2010,Ciencias Básicas,Ingeniería Civil en Geomática y Geomensura,5,1
2010,Ciencias Básicas,Ingeniería en Geomensura y Cartografía,544,191
2010,Ciencias Básicas,Ingeniería en Matemática y Estadística,478,357
2010,Ciencias Básicas,Matemática y/o Estadística,441,312
2010,Ciencias Básicas,Otros Profesionales de Ciencias Básicas,70,126
2010,Ciencias Básicas,Química Ambiental,128,227
2010,Ciencias Básicas,"Química, Licenciado en Química",542,593
2010,Ciencias Básicas,Técnico en Geología,132,36
2010,Ciencias Básicas,Técnico en Geominería,228,82
2010,Ciencias Básicas,Técnico en Química (Análisis e Industrial),594,873
2010,Ciencias Sociales,Administración Pública,1539,1611
2010,Ciencias Sociales,Antropología,606,843
2010,Ciencias Sociales,Arqueología,68,77
2010,Ciencias Sociales,Bachillerato y/o Licenciatura en Ciencias Sociales,536,613
2010,Ciencias Sociales,Ciencias Políticas,1157,935
2010,Ciencias Sociales,Comunicación Social,116,90
2010,Ciencias Sociales,Geografía,728,592
2010,Ciencias Sociales,Historia,1352,1065
2010,Ciencias Sociales,Ingeniería en Gestión Pública,307,480
2010,Ciencias Sociales,Orientación Familiar y Relaciones Humanas,186,539
2010,Ciencias Sociales,Otros Profesionales de Ciencias Sociales,642,458
2010,Ciencias Sociales,Otros Técnicos de Ciencias Sociales,248,858
2010,Ciencias Sociales,Periodismo,2798,3568
2010,Ciencias Sociales,Psicología,7678,16803
2010,Ciencias Sociales,Publicidad,3575,2650
2010,Ciencias Sociales,Relaciones Públicas,730,2270
2010,Ciencias Sociales,Sociología,1937,1637
2010,Ciencias Sociales,Trabajo Social,3883,16585
2010,Ciencias Sociales,Técnico en Administración Pública o Municipal,222,561
2010,Ciencias Sociales,Técnico en Comunicación Social,7,7
2010,Ciencias Sociales,Técnico en Prevención y Rehabilitación,97,109
2010,Ciencias Sociales,Técnico en Publicidad,76,72
2010,Ciencias Sociales,Técnico en Relaciones Públicas,295,763
2010,Ciencias Sociales,Técnico en Servicio Social,670,2951
2010,Derecho,Criminalística,318,373
2010,Derecho,Derecho,18794,17416
2010,Derecho,Ingeniería en Administración Jurídica,8,39
2010,Derecho,Técnico Jurídico,2341,5534
2010,Derecho,"Técnico Perito Judicial, Forense o en Criminalística",9,5
2010,Educación,Bachillerato y/o Licenciatura en Educación,47,122
2010,Educación,Otros Profesionales de Educación,726,204
2010,Educación,Otros Técnicos de Educación,35,115
2010,Educación,Pedagogía en Artes y Música,1913,1468
2010,Educación,Pedagogía en Ciencias,1642,3185
2010,Educación,Pedagogía en Educación Básica,3963,17601
2010,Educación,Pedagogía en Educación Diferencial,406,8532
2010,Educación,Pedagogía en Educación Física,13625,5908
2010,Educación,Pedagogía en Educación Media,70,160
2010,Educación,Pedagogía en Educación Tecnológica,46,90
2010,Educación,Pedagogía en Educación Técnico Profesional,282,233
2010,Educación,Pedagogía en Educación de Párvulos,23,15333
2010,Educación,Pedagogía en Filosofía y Religión,816,785
2010,Educación,"Pedagogía en Historia, Geografía y Ciencias Sociales",4019,3026
2010,Educación,Pedagogía en Idiomas,4264,8092
2010,Educación,"Pedagogía en Lenguaje, Comunicación y/o Castellano",1303,3249
2010,Educación,Pedagogía en Matemáticas y Computación,1970,2324
2010,Educación,Programas de Formación Pedagógica,366,444
2010,Educación,Psicopedagogía,1154,8496
2010,Educación,Técnico Asistente del Educador Diferencial,186,3437
2010,Educación,Técnico Asistente del Educador de Párvulos,32,8615
2010,Educación,"Técnico en Deporte, Recreación y Preparación Física",6100,1902
2010,Humanidades,Bachillerato y/o Licenciatura en Humanidades,471,505
2010,Humanidades,Bibliotecología,128,218
2010,Humanidades,Filosofía,366,190
2010,Humanidades,Licenciatura en Letras y Literatura,561,1200
2010,Humanidades,Otros Profesionales de Humanidades,119,18
2010,Humanidades,Otros Técnicos de Humanidades,1,0
2010,Humanidades,Traducción e Interpretación,1403,2833
2010,Humanidades,Técnico en Bibliotecas y Centros de Documentación,102,198
2010,Humanidades,Técnico en Traducción e Interpretariado,653,949
2010,Salud,Bachillerato y/o Licenciatura en Salud,81,147
2010,Salud,Enfermería,4471,23955
2010,Salud,Fonoaudiología,1363,6664
2010,Salud,Kinesiología,11019,12375
2010,Salud,Medicina,6455,5541
2010,Salud,Naturopatía,58,153
2010,Salud,Nutrición y Dietética,1133,9125
2010,Salud,Obstetricia y Puericultura,330,2796
2010,Salud,Odontología,4764,6645
2010,Salud,Otros Profesionales de Salud,55,88
2010,Salud,Otros Técnicos de Salud,241,242
2010,Salud,Química y Farmacia,1777,2517
2010,Salud,Tecnología Médica,2846,4129
2010,Salud,Terapia Ocupacional,671,2768
2010,Salud,Técnico Dental y Asistente de Odontología,561,3443
2010,Salud,Técnico Laboratorista Dental,623,1521
2010,Salud,Técnico en Arsenaleria Quirúrgica,162,625
2010,Salud,Técnico en Enfermería,6734,35480
2010,Salud,Técnico en Farmacia,24,85
2010,Salud,Técnico en Ginecología y Obstetricia,0,46
2010,Salud,Técnico en Laboratorio Clínico,354,1501
2010,Salud,Técnico en Masoterapia,120,445
2010,Salud,Técnico en Nutrición y Dietética,9,70
2010,Salud,Técnico en Podología,74,593
2010,Salud,Técnico en Radiología y Radioterapia,197,554
2010,Salud,Técnico en Terapias Naturales y Naturopatía,105,369
2010,Salud,Técnico en Óptica,27,33
2010,Tecnología,Bachillerato y/o Licenciatura en Tecnología,943,235
2010,Tecnología,Biotecnología,207,271
2010,Tecnología,Construcción Civil,5469,964
2010,Tecnología,Diseño Industrial,1123,924
2010,Tecnología,Ingeniería Agroindustrial,260,207
2010,Tecnología,Ingeniería Civil Agrícola,109,39
2010,Tecnología,Ingeniería Civil Ambiental,465,579
2010,Tecnología,Ingeniería Civil Bioquímica,125,144
2010,Tecnología,Ingeniería Civil Electrónica,1728,105
2010,Tecnología,Ingeniería Civil Eléctrica,1961,159
2010,Tecnología,Ingeniería Civil Industrial,15613,5433
2010,Tecnología,Ingeniería Civil Mecánica,2562,193
2010,Tecnología,Ingeniería Civil Metalúrgica,1067,330
2010,Tecnología,Ingeniería Civil Química,1102,712
2010,Tecnología,Ingeniería Civil en Agroindustrias,22,12
2010,Tecnología,Ingeniería Civil en Biomédica,309,248
2010,Tecnología,Ingeniería Civil en Biotecnología y/o Bioingeniería,213,178
2010,Tecnología,Ingeniería Civil en Computación e Informática,6097,958
2010,Tecnología,Ingeniería Civil en Geografía,91,36
2010,Tecnología,Ingeniería Civil en Industrias Forestales,85,32
2010,Tecnología,Ingeniería Civil en Materiales,117,39
2010,Tecnología,Ingeniería Civil en Minas,1440,276
2010,Tecnología,Ingeniería Civil en Obras Civiles,1379,388
2010,Tecnología,Ingeniería Civil en Sonido y Acústica,247,24
2010,Tecnología,Ingeniería Civil en Telemática,291,50
2010,Tecnología,"Ingeniería Civil, plan común y licenciatura en Ciencias de la Ingeniería",9435,2519
2010,Tecnología,Ingeniería Industrial,5165,1269
2010,Tecnología,Ingeniería Marina y Marítimo Portuaria,418,56
2010,Tecnología,Ingeniería Mecánica,5382,181
2010,Tecnología,Ingeniería Naval,241,35
2010,Tecnología,Ingeniería Textil,0,1
2010,Tecnología,Ingeniería en Alimentos,566,1407
2010,Tecnología,"Ingeniería en Automatización, Instrumentación y Control",2383,64
2010,Tecnología,Ingeniería en Biotecnología y Bioingeniería,1093,1035
2010,Tecnología,Ingeniería en Computación e Informática,17711,2415
2010,Tecnología,Ingeniería en Conectividad y Redes,1611,120
2010,Tecnología,Ingeniería en Construcción,8104,1819
2010,Tecnología,Ingeniería en Electricidad,3751,106
2010,Tecnología,Ingeniería en Electrónica,2111,80
2010,Tecnología,Ingeniería en Energía,27,3
2010,Tecnología,Ingeniería en Geomensura y Cartografía,170,67
2010,Tecnología,Ingeniería en Industria de la Madera,112,40
2010,Tecnología,Ingeniería en Mecatrónica,192,15
2010,Tecnología,Ingeniería en Mecánica Automotriz,7920,92
2010,Tecnología,Ingeniería en Medio Ambiente,765,907
2010,Tecnología,Ingeniería en Metalurgia,614,176
2010,Tecnología,Ingeniería en Minas,1573,339
2010,Tecnología,Ingeniería en Prevención de Riesgos,10831,7010
2010,Tecnología,Ingeniería en Proyectos Estructurales,42,11
2010,Tecnología,Ingeniería en Química,618,688
2010,Tecnología,Ingeniería en Recursos Renovables,294,339
2010,Tecnología,Ingeniería en Refrigeración y Climatización,314,36
2010,Tecnología,Ingeniería en Sonido,1088,82
2010,Tecnología,Ingeniería en Telecomunicaciones,1001,70
2010,Tecnología,Ingeniería en Telemática,176,13
2010,Tecnología,Ingeniería en Transporte y Tránsito,216,71
2010,Tecnología,Otras Ingenierías,839,375
2010,Tecnología,Otras Ingenierías Civiles,741,165
2010,Tecnología,Otros Profesionales de Tecnología,1219,891
2010,Tecnología,Otros Técnicos de Tecnología,385,74
2010,Tecnología,Química Industrial,164,164
2010,Tecnología,Técnico en Administración de Redes y Soporte,4436,458
2010,Tecnología,Técnico en Agroindustria,77,76
2010,Tecnología,Técnico en Alimentos,317,545
2010,Tecnología,Técnico en Análisis de Sistemas,1570,288
2010,Tecnología,Técnico en Biotecnología Industrial,102,117
2010,Tecnología,Técnico en Computación e Informática,9819,1530
2010,Tecnología,Técnico en Construcción y Obras Civiles,7805,1033
2010,Tecnología,Técnico en Dibujo Técnico,409,119
2010,Tecnología,Técnico en Electricidad y Electricidad Industrial,4904,105
2010,Tecnología,Técnico en Electromecánica,399,3
2010,Tecnología,Técnico en Electrónica y Electrónica Industrial,1672,38
2010,Tecnología,Técnico en Energía,70,11
2010,Tecnología,Técnico en Industria Forestal o de la Madera,117,37
2010,Tecnología,"Técnico en Instrumentación, Automatización y Control Industrial",2574,206
2010,Tecnología,Técnico en Mantenimiento Industrial,2270,60
2010,Tecnología,Técnico en Matriceria,94,11
2010,Tecnología,Técnico en Mecatrónica,4,0
2010,Tecnología,Técnico en Mecánica Automotriz,8826,117
2010,Tecnología,Técnico en Mecánica Industrial,1595,28
2010,Tecnología,Técnico en Medio Ambiente (Control y Gestión),118,96
2010,Tecnología,Técnico en Metalurgia,138,64
2010,Tecnología,Técnico en Minería,815,128
2010,Tecnología,Técnico en Prevención de Riesgos,10092,6777
2010,Tecnología,Técnico en Procesos Industriales,404,50
2010,Tecnología,"Técnico en Producción, Desarrollo y Diseño Web",87,29
2010,Tecnología,Técnico en Proyecto y Diseño Mecánico,85,24
2010,Tecnología,Técnico en Proyectos de Ingeniería,107,39
2010,Tecnología,Técnico en Refrigeración y Climatización,400,14
2010,Tecnología,Técnico en Sonido,1734,116
2010,Tecnología,Técnico en Telecomunicaciones,1912,131
2010,Tecnología,Técnico en Topografía,903,167
2010,Tecnología,Técnico en Transporte Marítimo y Puertos,118,110
2011,Administración y Comercio,Administración Gastronómica,1734,2081
2011,Administración y Comercio,Administración Turística y Hotelera,2064,2762
2011,Administración y Comercio,Administración de Empresas e Ing. Asociadas,12373,12727
2011,Administración y Comercio,Bachillerato y/o Licenciatura en Administración y Comercio,119,68
2011,Administración y Comercio,Comunicación Empresarial y Organizacional,2,14
2011,Administración y Comercio,Contador Auditor,10046,12243
2011,Administración y Comercio,Ingeniería Comercial,19606,14500
2011,Administración y Comercio,Ingeniería en Comercio Exterior,1032,1069
2011,Administración y Comercio,Ingeniería en Control de Gestión,1027,1043
2011,Administración y Comercio,Ingeniería en Finanzas,332,291
2011,Administración y Comercio,Ingeniería en Gestión y Control de Calidad,24,26
2011,Administración y Comercio,Ingeniería en Logística,419,152
2011,Administración y Comercio,Ingeniería en Marketing,512,478
2011,Administración y Comercio,Ingeniería en Recursos Humanos,585,1147
2011,Administración y Comercio,Ingeniería en Seguridad Privada,11,1
2011,Administración y Comercio,Otros Profesionales de Administración y Comercio,37,45
2011,Administración y Comercio,Otros Técnicos de Administración y Comercio,49,126
2011,Administración y Comercio,Secretariado Bilingüe,56,2427
2011,Administración y Comercio,Secretariado Computacional,38,897
2011,Administración y Comercio,Secretariado Ejecutivo,48,865
2011,Administración y Comercio,Técnico Agente o Visitador Médico,167,323
2011,Administración y Comercio,Técnico en Administración Financiera y Finanzas,1526,1924
2011,Administración y Comercio,Técnico en Administración de Empresas,11050,13921
2011,Administración y Comercio,Técnico en Administración de Recursos Humanos y Personal,712,2114
2011,Administración y Comercio,Técnico en Administración de Ventas,370,435
2011,Administración y Comercio,Técnico en Administración en Marketing,43,23
2011,Administración y Comercio,Técnico en Comercio Exterior,1539,1654
2011,Administración y Comercio,Técnico en Contabilidad Computacional,101,198
2011,Administración y Comercio,Técnico en Contabilidad General,2594,4154
2011,Administración y Comercio,Técnico en Contabilidad Tributaria,24,63
2011,Administración y Comercio,Técnico en Gastronomía y Cocina,5357,6243
2011,Administración y Comercio,Técnico en Gestión Previsional,26,36
2011,Administración y Comercio,Técnico en Gestión y Control de Calidad,198,144
2011,Administración y Comercio,Técnico en Logística,1490,448
2011,Administración y Comercio,Técnico en Producción de Eventos,283,364
2011,Administración y Comercio,Técnico en Seguridad Privada,33,3
2011,Administración y Comercio,Técnico en Turismo y Hotelería,2488,4099
2011,Agropecuaria,Agronomía,4717,3009
2011,Agropecuaria,Bachillerato y/o Licenciatura en Agropecuaria,56,40
2011,Agropecuaria,Ingeniería Agrícola,1415,647
2011,Agropecuaria,Ingeniería Forestal,545,354
2011,Agropecuaria,Ingeniería de Ejecución Forestal,24,10
2011,Agropecuaria,Ingeniería en Acuicultura y Pesca,716,409
2011,Agropecuaria,Ingeniería en Vitivinicultura,52,24
2011,Agropecuaria,Medicina Veterinaria,3403,5793
2011,Agropecuaria,Técnico Agropecuario,2429,1214
2011,Agropecuaria,Técnico Veterinario,419,781
2011,Agropecuaria,Técnico en Acuicultura y Pesca,232,92
2011,Agropecuaria,Técnico en Vitivinicultura y/o Enología,228,169
2011,Arte y Arquitectura,Actuación y Teatro,870,1661
2011,Arte y Arquitectura,Animación Digital,392,152
2011,Arte y Arquitectura,Arquitectura,6863,5331
2011,Arte y Arquitectura,Artes y Licenciatura en Artes,1180,2419
2011,Arte y Arquitectura,Comunicación Audiovisual y/o Multimedia,2211,1208
2011,Arte y Arquitectura,Diseño,1445,3423
2011,Arte y Arquitectura,Diseño Gráfico,5631,4177
2011,Arte y Arquitectura,Diseño Teatral,13,35
2011,Arte y Arquitectura,Diseño de Ambientes e Interiores,199,926
2011,Arte y Arquitectura,Diseño de Vestuario,90,1739
2011,Arte y Arquitectura,Fotografía,403,466
2011,Arte y Arquitectura,"Música, Canto o Danza",2243,940
2011,Arte y Arquitectura,Otros Profesionales de Arte y Arquitectura,82,125
2011,Arte y Arquitectura,Otros Técnicos de Arte y Arquitectura,435,461
2011,Arte y Arquitectura,Paisajismo,44,106
2011,Arte y Arquitectura,Realizador de Cine y Televisión,615,373
2011,Arte y Arquitectura,Técnico en Ambientes e Interiores,36,150
2011,Arte y Arquitectura,Técnico en Comunicación Audiovisual,765,254
2011,Arte y Arquitectura,Técnico en Dibujo Arquitectónico,1054,458
2011,Arte y Arquitectura,Técnico en Diseño Gráfico,1641,927
2011,Arte y Arquitectura,Técnico en Diseño de Vestuario,37,359
2011,Arte y Arquitectura,Técnico en Diseño de Áreas Verdes y Paisajismo,73,88
2011,Arte y Arquitectura,Técnico en Fotografía,304,403
2011,Arte y Arquitectura,Técnico en Peluquería y Estética,37,754
2011,Arte y Arquitectura,Técnico en Producción Gráfica y Multimedia,435,114
2011,Arte y Arquitectura,Técnico en Teatro,21,43
2011,Ciencias Básicas,Analista Químico,161,286
2011,Ciencias Básicas,Bachillerato y/o Licenciatura en Ciencias Básicas,1700,1916
2011,Ciencias Básicas,Biología,581,750
2011,Ciencias Básicas,Biología Marina y Ecología Marina,561,773
2011,Ciencias Básicas,Bioquímica,986,1009
2011,Ciencias Básicas,Física y Astronomía,808,362
2011,Ciencias Básicas,Geología,977,496
2011,Ciencias Básicas,Ingeniería Civil Matemática y Estadística,289,73
2011,Ciencias Básicas,Ingeniería Civil en Geomática y Geomensura,51,33
2011,Ciencias Básicas,Ingeniería en Geomensura y Cartografía,706,243
2011,Ciencias Básicas,Ingeniería en Matemática y Estadística,496,365
2011,Ciencias Básicas,Matemática y/o Estadística,402,303
2011,Ciencias Básicas,Otros Profesionales de Ciencias Básicas,52,70
2011,Ciencias Básicas,Química Ambiental,142,243
2011,Ciencias Básicas,"Química, Licenciado en Química",502,533
2011,Ciencias Básicas,Técnico en Geología,236,81
2011,Ciencias Básicas,Técnico en Geominería,230,114
2011,Ciencias Básicas,Técnico en Química (Análisis e Industrial),546,794
2011,Ciencias Sociales,Administración Pública,2025,1948
2011,Ciencias Sociales,Antropología,651,870
2011,Ciencias Sociales,Arqueología,78,71
2011,Ciencias Sociales,Bachillerato y/o Licenciatura en Ciencias Sociales,591,665
2011,Ciencias Sociales,Ciencias Políticas,1223,956
2011,Ciencias Sociales,Comunicación Social,128,112
2011,Ciencias Sociales,Geografía,773,632
2011,Ciencias Sociales,Historia,1262,1036
2011,Ciencias Sociales,Ingeniería en Gestión Pública,280,488
2011,Ciencias Sociales,Orientación Familiar y Relaciones Humanas,137,412
2011,Ciencias Sociales,Otros Profesionales de Ciencias Sociales,617,391
2011,Ciencias Sociales,Otros Técnicos de Ciencias Sociales,270,956
2011,Ciencias Sociales,Periodismo,2706,3452
2011,Ciencias Sociales,Psicología,8214,17686
2011,Ciencias Sociales,Publicidad,3520,2657
2011,Ciencias Sociales,Relaciones Públicas,761,2263
2011,Ciencias Sociales,Sociología,1888,1686
2011,Ciencias Sociales,Trabajo Social,4269,17834
2011,Ciencias Sociales,Técnico en Administración Pública o Municipal,188,520
2011,Ciencias Sociales,Técnico en Comunicación Social,6,10
2011,Ciencias Sociales,Técnico en Prevención y Rehabilitación,96,95
2011,Ciencias Sociales,Técnico en Publicidad,85,79
2011,Ciencias Sociales,Técnico en Relaciones Públicas,319,798
2011,Ciencias Sociales,Técnico en Servicio Social,920,3988
2011,Derecho,Criminalística,107,116
2011,Derecho,Derecho,18900,17966
2011,Derecho,Ingeniería en Administración Jurídica,3,11
2011,Derecho,Técnico Jurídico,1833,4518
2011,Derecho,"Técnico Perito Judicial, Forense o en Criminalística",4,3
2011,Educación,Bachillerato y/o Licenciatura en Educación,85,165
2011,Educación,Otros Profesionales de Educación,791,214
2011,Educación,Otros Técnicos de Educación,30,75
2011,Educación,Pedagogía en Artes y Música,1938,1419
2011,Educación,Pedagogía en Ciencias,1682,3007
2011,Educación,Pedagogía en Educación Básica,3486,16401
2011,Educación,Pedagogía en Educación Diferencial,450,9646
2011,Educación,Pedagogía en Educación Física,14306,5946
2011,Educación,Pedagogía en Educación Media,81,152
2011,Educación,Pedagogía en Educación Tecnológica,32,78
2011,Educación,Pedagogía en Educación Técnico Profesional,196,162
2011,Educación,Pedagogía en Educación de Párvulos,23,16389
2011,Educación,Pedagogía en Filosofía y Religión,760,678
2011,Educación,"Pedagogía en Historia, Geografía y Ciencias Sociales",4054,2873
2011,Educación,Pedagogía en Idiomas,4412,8292
2011,Educación,"Pedagogía en Lenguaje, Comunicación y/o Castellano",1372,3351
2011,Educación,Pedagogía en Matemáticas y Computación,2136,2365
2011,Educación,Programas de Formación Pedagógica,416,553
2011,Educación,Psicopedagogía,1239,9818
2011,Educación,Técnico Asistente del Educador Diferencial,184,4071
2011,Educación,Técnico Asistente del Educador de Párvulos,11,11238
2011,Educación,"Técnico en Deporte, Recreación y Preparación Física",6937,2041
2011,Humanidades,Bachillerato y/o Licenciatura en Humanidades,462,496
2011,Humanidades,Bibliotecología,136,223
2011,Humanidades,Filosofía,333,186
2011,Humanidades,Licenciatura en Letras y Literatura,580,1255
2011,Humanidades,Otros Profesionales de Humanidades,141,14
2011,Humanidades,Otros Técnicos de Humanidades,1,6
2011,Humanidades,Traducción e Interpretación,1529,3056
2011,Humanidades,Técnico en Bibliotecas y Centros de Documentación,93,194
2011,Humanidades,Técnico en Traducción e Interpretariado,622,934
2011,Salud,Bachillerato y/o Licenciatura en Salud,130,213
2011,Salud,Enfermería,5431,28062
2011,Salud,Fonoaudiología,1640,8397
2011,Salud,Kinesiología,12154,13434
2011,Salud,Medicina,6755,5695
2011,Salud,Naturopatía,59,128
2011,Salud,Nutrición y Dietética,1364,10978
2011,Salud,Obstetricia y Puericultura,364,3280
2011,Salud,Odontología,5175,7319
2011,Salud,Otros Profesionales de Salud,66,82
2011,Salud,Otros Técnicos de Salud,344,304
2011,Salud,Química y Farmacia,1871,2499
2011,Salud,Tecnología Médica,3112,4499
2011,Salud,Terapia Ocupacional,841,3640
2011,Salud,Técnico Dental y Asistente de Odontología,657,4323
2011,Salud,Técnico Laboratorista Dental,594,1470
2011,Salud,Técnico en Arsenaleria Quirúrgica,161,745
2011,Salud,Técnico en Enfermería,8093,42076
2011,Salud,Técnico en Farmacia,22,92
2011,Salud,Técnico en Ginecología y Obstetricia,0,3
2011,Salud,Técnico en Laboratorio Clínico,424,1821
2011,Salud,Técnico en Masoterapia,149,625
2011,Salud,Técnico en Nutrición y Dietética,37,103
2011,Salud,Técnico en Podología,67,675
2011,Salud,Técnico en Radiología y Radioterapia,243,551
2011,Salud,Técnico en Terapias Naturales y Naturopatía,130,517
2011,Salud,Técnico en Óptica,39,33
2011,Tecnología,Bachillerato y/o Licenciatura en Tecnología,847,215
2011,Tecnología,Biotecnología,238,303
2011,Tecnología,Construcción Civil,5736,1049
2011,Tecnología,Diseño Industrial,1146,946
2011,Tecnología,Ingeniería Agroindustrial,210,171
2011,Tecnología,Ingeniería Civil Agrícola,98,34
2011,Tecnología,Ingeniería Civil Ambiental,465,567
2011,Tecnología,Ingeniería Civil Bioquímica,130,146
2011,Tecnología,Ingeniería Civil Electrónica,1739,114
2011,Tecnología,Ingeniería Civil Eléctrica,2102,180
2011,Tecnología,Ingeniería Civil Industrial,16807,6022
2011,Tecnología,Ingeniería Civil Mecánica,2765,220
2011,Tecnología,Ingeniería Civil Metalúrgica,1042,299
2011,Tecnología,Ingeniería Civil Química,1237,772
2011,Tecnología,Ingeniería Civil en Agroindustrias,26,11
2011,Tecnología,Ingeniería Civil en Biomédica,345,266
2011,Tecnología,Ingeniería Civil en Biotecnología y/o Bioingeniería,202,167
2011,Tecnología,Ingeniería Civil en Computación e Informática,6455,929
2011,Tecnología,Ingeniería Civil en Geografía,94,43
2011,Tecnología,Ingeniería Civil en Industrias Forestales,71,30
2011,Tecnología,Ingeniería Civil en Materiales,118,42
2011,Tecnología,Ingeniería Civil en Minas,1834,386
2011,Tecnología,Ingeniería Civil en Obras Civiles,1567,420
2011,Tecnología,Ingeniería Civil en Sonido y Acústica,204,27
2011,Tecnología,Ingeniería Civil en Telemática,291,53
2011,Tecnología,"Ingeniería Civil, plan común y licenciatura en Ciencias de la Ingeniería",9766,2601
2011,Tecnología,Ingeniería Industrial,5459,1323
2011,Tecnología,Ingeniería Marina y Marítimo Portuaria,452,63
2011,Tecnología,Ingeniería Mecánica,5980,222
2011,Tecnología,Ingeniería Naval,222,31
2011,Tecnología,Ingeniería Textil,0,1
2011,Tecnología,Ingeniería en Alimentos,534,1280
2011,Tecnología,"Ingeniería en Automatización, Instrumentación y Control",2536,73
2011,Tecnología,Ingeniería en Biotecnología y Bioingeniería,1149,1118
2011,Tecnología,Ingeniería en Computación e Informática,18408,2359
2011,Tecnología,Ingeniería en Conectividad y Redes,1647,115
2011,Tecnología,Ingeniería en Construcción,8930,1974
2011,Tecnología,Ingeniería en Electricidad,4016,115
2011,Tecnología,Ingeniería en Electrónica,1997,80
2011,Tecnología,Ingeniería en Energía,36,4
2011,Tecnología,Ingeniería en Geomensura y Cartografía,57,34
2011,Tecnología,Ingeniería en Industria de la Madera,83,27
2011,Tecnología,Ingeniería en Mecatrónica,204,15
2011,Tecnología,Ingeniería en Mecánica Automotriz,8753,122
2011,Tecnología,Ingeniería en Medio Ambiente,774,908
2011,Tecnología,Ingeniería en Metalurgia,656,214
2011,Tecnología,Ingeniería en Minas,2074,468
2011,Tecnología,Ingeniería en Prevención de Riesgos,13078,8905
2011,Tecnología,Ingeniería en Proyectos Estructurales,63,13
2011,Tecnología,Ingeniería en Química,687,748
2011,Tecnología,Ingeniería en Recursos Renovables,388,409
2011,Tecnología,Ingeniería en Refrigeración y Climatización,356,38
2011,Tecnología,Ingeniería en Sonido,1079,89
2011,Tecnología,Ingeniería en Telecomunicaciones,1345,85
2011,Tecnología,Ingeniería en Telemática,210,12
2011,Tecnología,Ingeniería en Transporte y Tránsito,202,67
2011,Tecnología,Otras Ingenierías,700,332
2011,Tecnología,Otras Ingenierías Civiles,822,208
2011,Tecnología,Otros Profesionales de Tecnología,1293,842
2011,Tecnología,Otros Técnicos de Tecnología,409,95
2011,Tecnología,Química Industrial,151,162
2011,Tecnología,Técnico en Administración de Redes y Soporte,4614,389
2011,Tecnología,Técnico en Agroindustria,32,31
2011,Tecnología,Técnico en Alimentos,314,517
2011,Tecnología,Técnico en Análisis de Sistemas,1502,257
2011,Tecnología,Técnico en Biotecnología Industrial,111,123
2011,Tecnología,Técnico en Computación e Informática,10086,1399
2011,Tecnología,Técnico en Construcción y Obras Civiles,8949,1139
2011,Tecnología,Técnico en Dibujo Técnico,422,121
2011,Tecnología,Técnico en Diseño Industrial,0,1
2011,Tecnología,Técnico en Electricidad y Electricidad Industrial,5884,112
2011,Tecnología,Técnico en Electromecánica,313,1
2011,Tecnología,Técnico en Electrónica y Electrónica Industrial,1621,43
2011,Tecnología,Técnico en Energía,119,20
2011,Tecnología,Técnico en Industria Forestal o de la Madera,118,41
2011,Tecnología,"Técnico en Instrumentación, Automatización y Control Industrial",2916,199
2011,Tecnología,Técnico en Mantenimiento Industrial,2741,62
2011,Tecnología,Técnico en Matriceria,89,8
2011,Tecnología,Técnico en Mecatrónica,4,0
2011,Tecnología,Técnico en Mecánica Automotriz,9995,134
2011,Tecnología,Técnico en Mecánica Industrial,1721,32
2011,Tecnología,Técnico en Medio Ambiente (Control y Gestión),112,82
2011,Tecnología,Técnico en Metalurgia,178,80
2011,Tecnología,Técnico en Minería,1484,285
2011,Tecnología,Técnico en Prevención de Riesgos,13718,9337
2011,Tecnología,Técnico en Procesos Industriales,420,34
2011,Tecnología,"Técnico en Producción, Desarrollo y Diseño Web",78,22
2011,Tecnología,Técnico en Proyecto y Diseño Mecánico,82,19
2011,Tecnología,Técnico en Proyectos de Ingeniería,97,43
2011,Tecnología,Técnico en Refrigeración y Climatización,396,19
2011,Tecnología,Técnico en Sonido,1666,125
2011,Tecnología,Técnico en Telecomunicaciones,2188,149
2011,Tecnología,Técnico en Topografía,1035,178
2011,Tecnología,Técnico en Transporte Marítimo y Puertos,125,119
2012,Administración y Comercio,Administración Gastronómica,1844,2163
2012,Administración y Comercio,Administración Turística y Hotelera,2076,2983
2012,Administración y Comercio,Administración de Empresas e Ing. Asociadas,12833,13690
2012,Administración y Comercio,Bachillerato y/o Licenciatura en Administración y Comercio,94,45
2012,Administración y Comercio,Comunicación Empresarial y Organizacional,1,2
2012,Administración y Comercio,Contador Auditor,9834,12354
2012,Administración y Comercio,Ingeniería Comercial,21306,16068
2012,Administración y Comercio,Ingeniería en Comercio Exterior,958,977
2012,Administración y Comercio,Ingeniería en Control de Gestión,1212,1219
2012,Administración y Comercio,Ingeniería en Finanzas,357,314
2012,Administración y Comercio,Ingeniería en Gestión y Control de Calidad,27,30
2012,Administración y Comercio,Ingeniería en Logística,468,183
2012,Administración y Comercio,Ingeniería en Marketing,570,562
2012,Administración y Comercio,Ingeniería en Recursos Humanos,807,1936
2012,Administración y Comercio,Ingeniería en Seguridad Privada,69,9
2012,Administración y Comercio,Otros Profesionales de Administración y Comercio,25,41
2012,Administración y Comercio,Otros Técnicos de Administración y Comercio,83,153
2012,Administración y Comercio,Secretariado Bilingüe,64,2271
2012,Administración y Comercio,Secretariado Computacional,36,789
2012,Administración y Comercio,Secretariado Ejecutivo,46,824
2012,Administración y Comercio,Técnico Agente o Visitador Médico,130,259
2012,Administración y Comercio,Técnico en Administración Financiera y Finanzas,1549,1910
2012,Administración y Comercio,Técnico en Administración de Empresas,12314,16398
2012,Administración y Comercio,Técnico en Administración de Recursos Humanos y Personal,831,2493
2012,Administración y Comercio,Técnico en Administración de Ventas,323,405
2012,Administración y Comercio,Técnico en Administración en Marketing,72,55
2012,Administración y Comercio,Técnico en Comercio Exterior,1399,1484
2012,Administración y Comercio,Técnico en Contabilidad Computacional,68,149
2012,Administración y Comercio,Técnico en Contabilidad General,2677,4491
2012,Administración y Comercio,Técnico en Contabilidad Tributaria,13,52
2012,Administración y Comercio,Técnico en Gastronomía y Cocina,5057,6164
2012,Administración y Comercio,Técnico en Gestión Previsional,58,252
2012,Administración y Comercio,Técnico en Gestión y Control de Calidad,180,101
2012,Administración y Comercio,Técnico en Logística,1685,461
2012,Administración y Comercio,Técnico en Producción de Eventos,253,300
2012,Administración y Comercio,Técnico en Seguridad Privada,2,0
2012,Administración y Comercio,Técnico en Turismo y Hotelería,2316,3645
2012,Agropecuaria,Agronomía,4644,2874
2012,Agropecuaria,Bachillerato y/o Licenciatura en Agropecuaria,37,29
2012,Agropecuaria,Ingeniería Agrícola,1524,587
2012,Agropecuaria,Ingeniería Forestal,429,286
2012,Agropecuaria,Ingeniería de Ejecución Forestal,14,5
2012,Agropecuaria,Ingeniería en Acuicultura y Pesca,512,330
2012,Agropecuaria,Ingeniería en Vitivinicultura,41,17
2012,Agropecuaria,Medicina Veterinaria,3206,5710
2012,Agropecuaria,Técnico Agropecuario,2526,1254
2012,Agropecuaria,Técnico Veterinario,435,866
2012,Agropecuaria,Técnico en Acuicultura y Pesca,185,106
2012,Agropecuaria,Técnico en Vitivinicultura y/o Enología,195,153
2012,Arte y Arquitectura,Actuación y Teatro,809,1418
2012,Arte y Arquitectura,Animación Digital,416,177
2012,Arte y Arquitectura,Arquitectura,6673,5408
2012,Arte y Arquitectura,Artes y Licenciatura en Artes,1149,2358
2012,Arte y Arquitectura,Comunicación Audiovisual y/o Multimedia,2071,1180
2012,Arte y Arquitectura,Diseño,1375,3465
2012,Arte y Arquitectura,Diseño Gráfico,5220,3958
2012,Arte y Arquitectura,Diseño Teatral,11,34
2012,Arte y Arquitectura,Diseño de Ambientes e Interiores,201,842
2012,Arte y Arquitectura,Diseño de Vestuario,84,1675
2012,Arte y Arquitectura,Fotografía,326,419
2012,Arte y Arquitectura,"Música, Canto o Danza",2168,957
2012,Arte y Arquitectura,Otros Profesionales de Arte y Arquitectura,76,153
2012,Arte y Arquitectura,Otros Técnicos de Arte y Arquitectura,461,530
2012,Arte y Arquitectura,Paisajismo,47,105
2012,Arte y Arquitectura,Realizador de Cine y Televisión,564,372
2012,Arte y Arquitectura,Técnico en Ambientes e Interiores,42,159
2012,Arte y Arquitectura,Técnico en Comunicación Audiovisual,872,285
2012,Arte y Arquitectura,Técnico en Dibujo Arquitectónico,1136,514
2012,Arte y Arquitectura,Técnico en Diseño Gráfico,1605,931
2012,Arte y Arquitectura,Técnico en Diseño de Vestuario,34,404
2012,Arte y Arquitectura,Técnico en Diseño de Áreas Verdes y Paisajismo,82,76
2012,Arte y Arquitectura,Técnico en Fotografía,351,498
2012,Arte y Arquitectura,Técnico en Peluquería y Estética,49,1179
2012,Arte y Arquitectura,Técnico en Producción Gráfica y Multimedia,405,82
2012,Arte y Arquitectura,Técnico en Teatro,33,58
2012,Ciencias Básicas,Analista Químico,147,271
2012,Ciencias Básicas,Bachillerato y/o Licenciatura en Ciencias Básicas,1766,1767
2012,Ciencias Básicas,Biología,530,662
2012,Ciencias Básicas,Biología Marina y Ecología Marina,527,703
2012,Ciencias Básicas,Bioquímica,991,1032
2012,Ciencias Básicas,Física y Astronomía,834,349
2012,Ciencias Básicas,Geología,1324,673
2012,Ciencias Básicas,Ingeniería Civil Matemática y Estadística,284,75
2012,Ciencias Básicas,Ingeniería Civil en Geomática y Geomensura,56,32
2012,Ciencias Básicas,Ingeniería en Geomensura y Cartografía,731,258
2012,Ciencias Básicas,Ingeniería en Matemática y Estadística,446,338
2012,Ciencias Básicas,Matemática y/o Estadística,396,276
2012,Ciencias Básicas,Otros Profesionales de Ciencias Básicas,50,64
2012,Ciencias Básicas,Química Ambiental,131,231
2012,Ciencias Básicas,"Química, Licenciado en Química",490,531
2012,Ciencias Básicas,Técnico en Geología,272,93
2012,Ciencias Básicas,Técnico en Geominería,266,149
2012,Ciencias Básicas,Técnico en Química (Análisis e Industrial),471,703
2012,Ciencias Sociales,Administración Pública,2501,2245
2012,Ciencias Sociales,Antropología,661,843
2012,Ciencias Sociales,Arqueología,75,73
2012,Ciencias Sociales,Bachillerato y/o Licenciatura en Ciencias Sociales,546,629
2012,Ciencias Sociales,Ciencias Políticas,1273,963
2012,Ciencias Sociales,Comunicación Social,91,100
2012,Ciencias Sociales,Geografía,846,674
2012,Ciencias Sociales,Historia,1166,930
2012,Ciencias Sociales,Ingeniería en Gestión Pública,281,433
2012,Ciencias Sociales,Orientación Familiar y Relaciones Humanas,148,340
2012,Ciencias Sociales,Otros Profesionales de Ciencias Sociales,440,297
2012,Ciencias Sociales,Otros Técnicos de Ciencias Sociales,297,909
2012,Ciencias Sociales,Periodismo,2604,3327
2012,Ciencias Sociales,Psicología,8533,18278
2012,Ciencias Sociales,Publicidad,3217,2431
2012,Ciencias Sociales,Relaciones Públicas,731,2071
2012,Ciencias Sociales,Sociología,1854,1708
2012,Ciencias Sociales,Trabajo Social,4287,18418
2012,Ciencias Sociales,Técnico en Administración Pública o Municipal,212,607
2012,Ciencias Sociales,Técnico en Comunicación Social,33,31
2012,Ciencias Sociales,Técnico en Prevención y Rehabilitación,216,206
2012,Ciencias Sociales,Técnico en Publicidad,127,113
2012,Ciencias Sociales,Técnico en Relaciones Públicas,315,776
2012,Ciencias Sociales,Técnico en Servicio Social,1107,5005
2012,Derecho,Criminalística,20,28
2012,Derecho,Derecho,18589,18272
2012,Derecho,Ingeniería en Administración Jurídica,8,13
2012,Derecho,Técnico Jurídico,1419,3633
2012,Derecho,"Técnico Perito Judicial, Forense o en Criminalística",1,0
2012,Educación,Bachillerato y/o Licenciatura en Educación,31,114
2012,Educación,Otros Profesionales de Educación,754,182
2012,Educación,Otros Técnicos de Educación,13,16
2012,Educación,Pedagogía en Artes y Música,1913,1353
2012,Educación,Pedagogía en Ciencias,1552,2680
2012,Educación,Pedagogía en Educación Básica,2936,14774
2012,Educación,Pedagogía en Educación Diferencial,487,10958
2012,Educación,Pedagogía en Educación Física,14020,5613
2012,Educación,Pedagogía en Educación Media,89,173
2012,Educación,Pedagogía en Educación Tecnológica,24,49
2012,Educación,Pedagogía en Educación Técnico Profesional,120,91
2012,Educación,Pedagogía en Educación de Párvulos,18,16636
2012,Educación,Pedagogía en Filosofía y Religión,782,653
2012,Educación,"Pedagogía en Historia, Geografía y Ciencias Sociales",4049,2889
2012,Educación,Pedagogía en Idiomas,4469,8228
2012,Educación,"Pedagogía en Lenguaje, Comunicación y/o Castellano",1383,3318
2012,Educación,Pedagogía en Matemáticas y Computación,2163,2321
2012,Educación,Programas de Formación Pedagógica,393,498
2012,Educación,Psicopedagogía,1283,10848
2012,Educación,Técnico Asistente del Educador Diferencial,205,5090
2012,Educación,Técnico Asistente del Educador de Párvulos,17,12687
2012,Educación,"Técnico en Deporte, Recreación y Preparación Física",7739,2335
2012,Humanidades,Bachillerato y/o Licenciatura en Humanidades,486,415
2012,Humanidades,Bibliotecología,138,211
2012,Humanidades,Filosofía,336,182
2012,Humanidades,Licenciatura en Letras y Literatura,579,1264
2012,Humanidades,Otros Profesionales de Humanidades,187,17
2012,Humanidades,Otros Técnicos de Humanidades,1,2
2012,Humanidades,Traducción e Interpretación,1550,3041
2012,Humanidades,Técnico en Bibliotecas y Centros de Documentación,73,164
2012,Humanidades,Técnico en Traducción e Interpretariado,551,862
2012,Salud,Bachillerato y/o Licenciatura en Salud,227,402
2012,Salud,Enfermería,6188,31310
2012,Salud,Fonoaudiología,1762,9959
2012,Salud,Kinesiología,12754,13801
2012,Salud,Medicina,6915,5915
2012,Salud,Naturopatía,49,126
2012,Salud,Nutrición y Dietética,1519,12415
2012,Salud,Obstetricia y Puericultura,373,3843
2012,Salud,Odontología,5389,8106
2012,Salud,Otros Profesionales de Salud,140,73
2012,Salud,Otros Técnicos de Salud,434,335
2012,Salud,Química y Farmacia,1865,2529
2012,Salud,Tecnología Médica,3443,5068
2012,Salud,Terapia Ocupacional,1017,4747
2012,Salud,Técnico Dental y Asistente de Odontología,722,4834
2012,Salud,Técnico Laboratorista Dental,536,1239
2012,Salud,Técnico en Arsenaleria Quirúrgica,121,594
2012,Salud,Técnico en Enfermería,8496,44942
2012,Salud,Técnico en Farmacia,45,119
2012,Salud,Técnico en Ginecología y Obstetricia,0,2
2012,Salud,Técnico en Laboratorio Clínico,489,1930
2012,Salud,Técnico en Masoterapia,202,870
2012,Salud,Técnico en Nutrición y Dietética,19,138
2012,Salud,Técnico en Podología,86,747
2012,Salud,Técnico en Radiología y Radioterapia,237,517
2012,Salud,Técnico en Terapias Naturales y Naturopatía,152,623
2012,Salud,Técnico en Óptica,25,31
2012,Tecnología,Bachillerato y/o Licenciatura en Tecnología,543,162
2012,Tecnología,Biotecnología,214,261
2012,Tecnología,Construcción Civil,6231,1161
2012,Tecnología,Diseño Industrial,1078,879
2012,Tecnología,Ingeniería Agroindustrial,170,148
2012,Tecnología,Ingeniería Civil Agrícola,99,24
2012,Tecnología,Ingeniería Civil Ambiental,476,549
2012,Tecnología,Ingeniería Civil Bioquímica,139,150
2012,Tecnología,Ingeniería Civil Electrónica,1658,132
2012,Tecnología,Ingeniería Civil Eléctrica,2287,201
2012,Tecnología,Ingeniería Civil Industrial,18176,6727
2012,Tecnología,Ingeniería Civil Mecánica,3040,260
2012,Tecnología,Ingeniería Civil Metalúrgica,1271,425
2012,Tecnología,Ingeniería Civil Química,1284,819
2012,Tecnología,Ingeniería Civil en Agroindustrias,25,6
2012,Tecnología,Ingeniería Civil en Biomédica,323,283
2012,Tecnología,Ingeniería Civil en Biotecnología y/o Bioingeniería,174,157
2012,Tecnología,Ingeniería Civil en Computación e Informática,6496,935
2012,Tecnología,Ingeniería Civil en Energía,4,1
2012,Tecnología,Ingeniería Civil en Geografía,93,37
2012,Tecnología,Ingeniería Civil en Industrias Forestales,64,28
2012,Tecnología,Ingeniería Civil en Materiales,109,40
2012,Tecnología,Ingeniería Civil en Minas,2384,517
2012,Tecnología,Ingeniería Civil en Obras Civiles,1703,442
2012,Tecnología,Ingeniería Civil en Sonido y Acústica,179,23
2012,Tecnología,Ingeniería Civil en Telemática,278,51
2012,Tecnología,"Ingeniería Civil, plan común y licenciatura en Ciencias de la Ingeniería",10089,2685
2012,Tecnología,Ingeniería Industrial,5478,1329
2012,Tecnología,Ingeniería Marina y Marítimo Portuaria,434,56
2012,Tecnología,Ingeniería Mecánica,6118,242
2012,Tecnología,Ingeniería Naval,228,33
2012,Tecnología,Ingeniería en Alimentos,508,1146
2012,Tecnología,"Ingeniería en Automatización, Instrumentación y Control",2632,70
2012,Tecnología,Ingeniería en Biotecnología y Bioingeniería,1077,1108
2012,Tecnología,Ingeniería en Computación e Informática,17765,2201
2012,Tecnología,Ingeniería en Conectividad y Redes,1773,111
2012,Tecnología,Ingeniería en Construcción,9525,2009
2012,Tecnología,Ingeniería en Electricidad,4270,123
2012,Tecnología,Ingeniería en Electrónica,1863,83
2012,Tecnología,Ingeniería en Energía,41,7
2012,Tecnología,Ingeniería en Geomensura y Cartografía,36,23
2012,Tecnología,Ingeniería en Industria de la Madera,58,17
2012,Tecnología,Ingeniería en Mecatrónica,215,15
2012,Tecnología,Ingeniería en Mecánica Automotriz,8966,130
2012,Tecnología,Ingeniería en Medio Ambiente,748,923
2012,Tecnología,Ingeniería en Metalurgia,711,241
2012,Tecnología,Ingeniería en Minas,2643,608
2012,Tecnología,Ingeniería en Prevención de Riesgos,14829,10679
2012,Tecnología,Ingeniería en Proyectos Estructurales,100,18
2012,Tecnología,Ingeniería en Química,695,718
2012,Tecnología,Ingeniería en Recursos Renovables,424,442
2012,Tecnología,Ingeniería en Refrigeración y Climatización,376,38
2012,Tecnología,Ingeniería en Sonido,1002,86
2012,Tecnología,Ingeniería en Telecomunicaciones,1556,110
2012,Tecnología,Ingeniería en Telemática,229,12
2012,Tecnología,Ingeniería en Transporte y Tránsito,161,60
2012,Tecnología,Otras Ingenierías,673,313
2012,Tecnología,Otras Ingenierías Civiles,822,232
2012,Tecnología,Otros Profesionales de Tecnología,1140,739
2012,Tecnología,Otros Técnicos de Tecnología,361,90
2012,Tecnología,Química Industrial,150,159
2012,Tecnología,Técnico en Administración de Redes y Soporte,4441,370
2012,Tecnología,Técnico en Agroindustria,25,28
2012,Tecnología,Técnico en Alimentos,313,459
2012,Tecnología,Técnico en Análisis de Sistemas,1207,193
2012,Tecnología,Técnico en Biotecnología Industrial,106,114
2012,Tecnología,Técnico en Computación e Informática,9931,1237
2012,Tecnología,Técnico en Construcción y Obras Civiles,10491,1330
2012,Tecnología,Técnico en Dibujo Técnico,429,113
2012,Tecnología,Técnico en Diseño Industrial,1,1
2012,Tecnología,Técnico en Electricidad y Electricidad Industrial,6466,125
2012,Tecnología,Técnico en Electromecánica,289,3
2012,Tecnología,Técnico en Electrónica y Electrónica Industrial,1398,37
2012,Tecnología,Técnico en Energía,208,23
2012,Tecnología,Técnico en Industria Forestal o de la Madera,84,26
2012,Tecnología,"Técnico en Instrumentación, Automatización y Control Industrial",3191,178
2012,Tecnología,Técnico en Mantenimiento Industrial,3302,80
2012,Tecnología,Técnico en Matriceria,69,4
2012,Tecnología,Técnico en Mecatrónica,4,0
2012,Tecnología,Técnico en Mecánica Automotriz,10439,151
2012,Tecnología,Técnico en Mecánica Industrial,1756,29
2012,Tecnología,Técnico en Medio Ambiente (Control y Gestión),85,83
2012,Tecnología,Técnico en Metalurgia,215,82
2012,Tecnología,Técnico en Minería,2407,427
2012,Tecnología,Técnico en Prevención de Riesgos,18560,13945
2012,Tecnología,Técnico en Procesos Industriales,389,30
2012,Tecnología,"Técnico en Producción, Desarrollo y Diseño Web",107,46
2012,Tecnología,Técnico en Proyecto y Diseño Mecánico,78,19
2012,Tecnología,Técnico en Proyectos de Ingeniería,89,40
2012,Tecnología,Técnico en Refrigeración y Climatización,418,14
2012,Tecnología,Técnico en Sonido,1636,122
2012,Tecnología,Técnico en Telecomunicaciones,2246,145
2012,Tecnología,Técnico en Topografía,1132,198
2012,Tecnología,Técnico en Transporte Marítimo y Puertos,88,128
2013,Administración y Comercio,Administración Gastronómica,1886,2367
2013,Administración y Comercio,Administración Turística y Hotelera,2069,2941
2013,Administración y Comercio,Administración de Empresas e Ing. Asociadas,13773,15202
2013,Administración y Comercio,Bachillerato y/o Licenciatura en Administración y Comercio,93,51
2013,Administración y Comercio,Comunicación Empresarial y Organizacional,1,2
2013,Administración y Comercio,Contador Auditor,10073,12792
2013,Administración y Comercio,Ingeniería Comercial,22960,17448
2013,Administración y Comercio,Ingeniería en Comercio Exterior,871,958
2013,Administración y Comercio,Ingeniería en Control de Gestión,1277,1279
2013,Administración y Comercio,Ingeniería en Finanzas,392,362
2013,Administración y Comercio,Ingeniería en Gestión y Control de Calidad,47,57
2013,Administración y Comercio,Ingeniería en Logística,549,219
2013,Administración y Comercio,Ingeniería en Marketing,753,694
2013,Administración y Comercio,Ingeniería en Recursos Humanos,1042,2349
2013,Administración y Comercio,Ingeniería en Seguridad Privada,111,29
2013,Administración y Comercio,Otros Profesionales de Administración y Comercio,30,61
2013,Administración y Comercio,Otros Técnicos de Administración y Comercio,77,208
2013,Administración y Comercio,Secretariado Bilingüe,74,2077
2013,Administración y Comercio,Secretariado Computacional,22,541
2013,Administración y Comercio,Secretariado Ejecutivo,41,736
2013,Administración y Comercio,Técnico Agente o Visitador Médico,107,236
2013,Administración y Comercio,Técnico en Administración Financiera y Finanzas,1590,1915
2013,Administración y Comercio,Técnico en Administración de Empresas,13304,18132
2013,Administración y Comercio,Técnico en Administración de Recursos Humanos y Personal,1325,3288
2013,Administración y Comercio,Técnico en Administración de Ventas,248,216
2013,Administración y Comercio,Técnico en Administración en Marketing,72,58
2013,Administración y Comercio,Técnico en Comercio Exterior,1342,1405
2013,Administración y Comercio,Técnico en Contabilidad Computacional,57,130
2013,Administración y Comercio,Técnico en Contabilidad General,2762,4584
2013,Administración y Comercio,Técnico en Contabilidad Tributaria,12,67
2013,Administración y Comercio,Técnico en Gastronomía y Cocina,4751,5822
2013,Administración y Comercio,Técnico en Gestión Previsional,3,62
2013,Administración y Comercio,Técnico en Gestión y Control de Calidad,154,85
2013,Administración y Comercio,Técnico en Logística,1758,608
2013,Administración y Comercio,Técnico en Producción de Eventos,240,292
2013,Administración y Comercio,Técnico en Seguridad Privada,16,1
2013,Administración y Comercio,Técnico en Turismo y Hotelería,2125,3319
2013,Agropecuaria,Agronomía,4472,2775
2013,Agropecuaria,Bachillerato y/o Licenciatura en Agropecuaria,21,10
2013,Agropecuaria,Ingeniería Agrícola,1707,564
2013,Agropecuaria,Ingeniería Forestal,425,300
2013,Agropecuaria,Ingeniería de Ejecución Forestal,14,4
2013,Agropecuaria,Ingeniería en Acuicultura y Pesca,357,217
2013,Agropecuaria,Ingeniería en Vitivinicultura,29,12
2013,Agropecuaria,Medicina Veterinaria,3057,5654
2013,Agropecuaria,Técnico Agropecuario,2598,1370
2013,Agropecuaria,Técnico Veterinario,547,929
2013,Agropecuaria,Técnico en Acuicultura y Pesca,250,117
2013,Agropecuaria,Técnico en Vitivinicultura y/o Enología,180,139
2013,Arte y Arquitectura,Actuación y Teatro,741,1338
2013,Arte y Arquitectura,Animación Digital,531,223
2013,Arte y Arquitectura,Arquitectura,6456,5487
2013,Arte y Arquitectura,Artes y Licenciatura en Artes,1126,2281
2013,Arte y Arquitectura,Comunicación Audiovisual y/o Multimedia,1914,1058
2013,Arte y Arquitectura,Diseño,1257,3346
2013,Arte y Arquitectura,Diseño Gráfico,5125,3903
2013,Arte y Arquitectura,Diseño Teatral,9,33
2013,Arte y Arquitectura,Diseño de Ambientes e Interiores,239,718
2013,Arte y Arquitectura,Diseño de Vestuario,86,1670
2013,Arte y Arquitectura,Fotografía,423,581
2013,Arte y Arquitectura,"Música, Canto o Danza",2309,1043
2013,Arte y Arquitectura,Otros Profesionales de Arte y Arquitectura,83,337
2013,Arte y Arquitectura,Otros Técnicos de Arte y Arquitectura,468,535
2013,Arte y Arquitectura,Paisajismo,49,107
2013,Arte y Arquitectura,Realizador de Cine y Televisión,578,383
2013,Arte y Arquitectura,Técnico en Ambientes e Interiores,51,123
2013,Arte y Arquitectura,Técnico en Comunicación Audiovisual,997,325
2013,Arte y Arquitectura,Técnico en Dibujo Arquitectónico,1264,563
2013,Arte y Arquitectura,Técnico en Diseño Gráfico,1226,716
2013,Arte y Arquitectura,Técnico en Diseño de Vestuario,32,358
2013,Arte y Arquitectura,Técnico en Diseño de Áreas Verdes y Paisajismo,82,80
2013,Arte y Arquitectura,Técnico en Fotografía,318,452
2013,Arte y Arquitectura,Técnico en Peluquería y Estética,59,1554
2013,Arte y Arquitectura,Técnico en Producción Gráfica y Multimedia,397,98
2013,Arte y Arquitectura,Técnico en Teatro,0,3
2013,Ciencias Básicas,Analista Químico,147,264
2013,Ciencias Básicas,Bachillerato y/o Licenciatura en Ciencias Básicas,1876,1941
2013,Ciencias Básicas,Biología,505,569
2013,Ciencias Básicas,Biología Marina y Ecología Marina,517,660
2013,Ciencias Básicas,Bioquímica,928,1007
2013,Ciencias Básicas,Física y Astronomía,854,341
2013,Ciencias Básicas,Geología,1767,902
2013,Ciencias Básicas,Ingeniería Civil Matemática y Estadística,324,71
2013,Ciencias Básicas,Ingeniería Civil en Geomática y Geomensura,60,31
2013,Ciencias Básicas,Ingeniería en Geomensura y Cartografía,818,276
2013,Ciencias Básicas,Ingeniería en Matemática y Estadística,443,323
2013,Ciencias Básicas,Matemática y/o Estadística,365,242
2013,Ciencias Básicas,Otros Profesionales de Ciencias Básicas,39,53
2013,Ciencias Básicas,Otros Técnicos de Ciencias Básicas,18,15
2013,Ciencias Básicas,Química Ambiental,131,222
2013,Ciencias Básicas,"Química, Licenciado en Química",472,443
2013,Ciencias Básicas,Técnico en Geología,685,291
2013,Ciencias Básicas,Técnico en Geominería,390,216
2013,Ciencias Básicas,Técnico en Química (Análisis e Industrial),476,742
2013,Ciencias Sociales,Administración Pública,2410,2314
2013,Ciencias Sociales,Antropología,727,936
2013,Ciencias Sociales,Arqueología,88,105
2013,Ciencias Sociales,Bachillerato y/o Licenciatura en Ciencias Sociales,533,659
2013,Ciencias Sociales,Ciencias Políticas,1353,962
2013,Ciencias Sociales,Comunicación Social,52,71
2013,Ciencias Sociales,Geografía,880,749
2013,Ciencias Sociales,Historia,1164,862
2013,Ciencias Sociales,Ingeniería en Gestión Pública,377,609
2013,Ciencias Sociales,Orientación Familiar y Relaciones Humanas,125,325
2013,Ciencias Sociales,Otros Profesionales de Ciencias Sociales,409,289
2013,Ciencias Sociales,Otros Técnicos de Ciencias Sociales,276,898
2013,Ciencias Sociales,Periodismo,2600,3372
2013,Ciencias Sociales,Psicología,8728,18871
2013,Ciencias Sociales,Publicidad,2975,2216
2013,Ciencias Sociales,Relaciones Públicas,788,2017
2013,Ciencias Sociales,Sociología,1918,1703
2013,Ciencias Sociales,Trabajo Social,4932,20175
2013,Ciencias Sociales,Técnico en Administración Pública o Municipal,174,521
2013,Ciencias Sociales,Técnico en Comunicación Social,29,11
2013,Ciencias Sociales,Técnico en Prevención y Rehabilitación,172,224
2013,Ciencias Sociales,Técnico en Publicidad,110,70
2013,Ciencias Sociales,Técnico en Relaciones Públicas,275,596
2013,Ciencias Sociales,Técnico en Servicio Social,1089,5162
2013,Derecho,Criminalística,8,6
2013,Derecho,Derecho,18939,18613
2013,Derecho,Ingeniería en Administración Jurídica,30,39
2013,Derecho,Técnico Jurídico,1029,2702
2013,Derecho,"Técnico Perito Judicial, Forense o en Criminalística",2,0
2013,Educación,Bachillerato y/o Licenciatura en Educación,43,175
2013,Educación,Otros Profesionales de Educación,685,106
2013,Educación,Otros Técnicos de Educación,7,13
2013,Educación,Pedagogía en Artes y Música,1885,1344
2013,Educación,Pedagogía en Ciencias,1441,2282
2013,Educación,Pedagogía en Educación Básica,2611,13267
2013,Educación,Pedagogía en Educación Diferencial,503,12265
2013,Educación,Pedagogía en Educación Física,13183,5162
2013,Educación,Pedagogía en Educación Media,120,241
2013,Educación,Pedagogía en Educación Tecnológica,22,37
2013,Educación,Pedagogía en Educación Técnico Profesional,71,59
2013,Educación,Pedagogía en Educación de Párvulos,19,15857
2013,Educación,Pedagogía en Filosofía y Religión,737,587
2013,Educación,"Pedagogía en Historia, Geografía y Ciencias Sociales",3739,2516
2013,Educación,Pedagogía en Idiomas,4220,7767
2013,Educación,"Pedagogía en Lenguaje, Comunicación y/o Castellano",1380,3148
2013,Educación,Pedagogía en Matemáticas y Computación,2125,2199
2013,Educación,Programas de Formación Pedagógica,436,464
2013,Educación,Psicopedagogía,1253,11979
2013,Educación,Técnico Asistente del Educador Diferencial,216,5656
2013,Educación,Técnico Asistente del Educador de Párvulos,15,12740
2013,Educación,"Técnico en Deporte, Recreación y Preparación Física",7963,2221
2013,Humanidades,Bachillerato y/o Licenciatura en Humanidades,495,386
2013,Humanidades,Bibliotecología,142,226
2013,Humanidades,Filosofía,383,202
2013,Humanidades,Licenciatura en Letras y Literatura,600,1295
2013,Humanidades,Otros Profesionales de Humanidades,160,8
2013,Humanidades,Otros Técnicos de Humanidades,3,9
2013,Humanidades,Traducción e Interpretación,1538,3090
2013,Humanidades,Técnico en Bibliotecas y Centros de Documentación,92,175
2013,Humanidades,Técnico en Traducción e Interpretariado,525,767
2013,Salud,Bachillerato y/o Licenciatura en Salud,206,424
2013,Salud,Enfermería,6556,32515
2013,Salud,Fonoaudiología,1726,10332
2013,Salud,Kinesiología,12293,13552
2013,Salud,Medicina,7126,6239
2013,Salud,Naturopatía,40,85
2013,Salud,Nutrición y Dietética,1613,13057
2013,Salud,Obstetricia y Puericultura,400,4592
2013,Salud,Odontología,5535,8470
2013,Salud,Otros Profesionales de Salud,97,48
2013,Salud,Otros Técnicos de Salud,538,384
2013,Salud,Química y Farmacia,1857,2544
2013,Salud,Tecnología Médica,3843,5587
2013,Salud,Terapia Ocupacional,1182,5744
2013,Salud,Técnico Dental y Asistente de Odontología,849,4968
2013,Salud,Técnico Laboratorista Dental,421,1105
2013,Salud,Técnico en Arsenaleria Quirúrgica,75,381
2013,Salud,Técnico en Enfermería,8832,44126
2013,Salud,Técnico en Farmacia,61,183
2013,Salud,Técnico en Laboratorio Clínico,632,1852
2013,Salud,Técnico en Masoterapia,259,1168
2013,Salud,Técnico en Nutrición y Dietética,76,278
2013,Salud,Técnico en Podología,95,800
2013,Salud,Técnico en Radiología y Radioterapia,244,436
2013,Salud,Técnico en Terapias Naturales y Naturopatía,204,792
2013,Salud,Técnico en Óptica,43,57
2013,Tecnología,Bachillerato y/o Licenciatura en Tecnología,615,199
2013,Tecnología,Biotecnología,199,219
2013,Tecnología,Construcción Civil,7242,1395
2013,Tecnología,Diseño Industrial,975,822
2013,Tecnología,Ingeniería Agroindustrial,130,108
2013,Tecnología,Ingeniería Civil Agrícola,97,33
2013,Tecnología,Ingeniería Civil Ambiental,448,549
2013,Tecnología,Ingeniería Civil Bioquímica,124,133
2013,Tecnología,Ingeniería Civil Electrónica,1706,133
2013,Tecnología,Ingeniería Civil Eléctrica,2471,207
2013,Tecnología,Ingeniería Civil Industrial,17983,6910
2013,Tecnología,Ingeniería Civil Mecánica,3374,294
2013,Tecnología,Ingeniería Civil Metalúrgica,1547,476
2013,Tecnología,Ingeniería Civil Química,1402,896
2013,Tecnología,Ingeniería Civil en Agroindustrias,16,5
2013,Tecnología,Ingeniería Civil en Biomédica,319,286
2013,Tecnología,Ingeniería Civil en Biotecnología y/o Bioingeniería,160,167
2013,Tecnología,Ingeniería Civil en Computación e Informática,6594,925
2013,Tecnología,Ingeniería Civil en Energía,26,5
2013,Tecnología,Ingeniería Civil en Geografía,103,49
2013,Tecnología,Ingeniería Civil en Industrias Forestales,50,29
2013,Tecnología,Ingeniería Civil en Materiales,118,43
2013,Tecnología,Ingeniería Civil en Minas,3335,766
2013,Tecnología,Ingeniería Civil en Obras Civiles,1794,515
2013,Tecnología,Ingeniería Civil en Sonido y Acústica,157,21
2013,Tecnología,Ingeniería Civil en Telemática,269,55
2013,Tecnología,"Ingeniería Civil, plan común y licenciatura en Ciencias de la Ingeniería",11586,3218
2013,Tecnología,Ingeniería Industrial,5877,1452
2013,Tecnología,Ingeniería Marina y Marítimo Portuaria,406,55
2013,Tecnología,Ingeniería Mecánica,6388,263
2013,Tecnología,Ingeniería Naval,223,33
2013,Tecnología,Ingeniería en Alimentos,428,1070
2013,Tecnología,"Ingeniería en Automatización, Instrumentación y Control",2760,80
2013,Tecnología,Ingeniería en Biotecnología y Bioingeniería,1043,1073
2013,Tecnología,Ingeniería en Computación e Informática,17655,2368
2013,Tecnología,Ingeniería en Conectividad y Redes,1693,269
2013,Tecnología,Ingeniería en Construcción,9784,2722
2013,Tecnología,Ingeniería en Electricidad,4610,260
2013,Tecnología,Ingeniería en Electrónica,1675,73
2013,Tecnología,Ingeniería en Energía,38,6
2013,Tecnología,Ingeniería en Geomensura y Cartografía,42,29
2013,Tecnología,Ingeniería en Industria de la Madera,28,12
2013,Tecnología,Ingeniería en Mecatrónica,234,17
2013,Tecnología,Ingeniería en Mecánica Automotriz,9038,390
2013,Tecnología,Ingeniería en Medio Ambiente,824,922
2013,Tecnología,Ingeniería en Metalurgia,778,271
2013,Tecnología,Ingeniería en Minas,3784,995
2013,Tecnología,Ingeniería en Prevención de Riesgos,17746,13236
2013,Tecnología,Ingeniería en Proyectos Estructurales,84,10
2013,Tecnología,Ingeniería en Química,673,764
2013,Tecnología,Ingeniería en Recursos Renovables,428,464
2013,Tecnología,Ingeniería en Refrigeración y Climatización,401,42
2013,Tecnología,Ingeniería en Sonido,925,95
2013,Tecnología,Ingeniería en Telecomunicaciones,1627,124
2013,Tecnología,Ingeniería en Telemática,291,18
2013,Tecnología,Ingeniería en Transporte y Tránsito,173,65
2013,Tecnología,Otras Ingenierías,643,297
2013,Tecnología,Otras Ingenierías Civiles,850,267
2013,Tecnología,Otros Profesionales de Tecnología,1246,673
2013,Tecnología,Otros Técnicos de Tecnología,286,43
2013,Tecnología,Química Industrial,124,146
2013,Tecnología,Técnico en Administración de Redes y Soporte,3918,500
2013,Tecnología,Técnico en Agroindustria,17,25
2013,Tecnología,Técnico en Alimentos,334,562
2013,Tecnología,Técnico en Análisis de Sistemas,732,120
2013,Tecnología,Técnico en Biotecnología Industrial,85,99
2013,Tecnología,Técnico en Computación e Informática,9905,1360
2013,Tecnología,Técnico en Construcción y Obras Civiles,11982,2062
2013,Tecnología,Técnico en Dibujo Técnico,319,130
2013,Tecnología,Técnico en Diseño Industrial,1,1
2013,Tecnología,Técnico en Electricidad y Electricidad Industrial,7606,294
2013,Tecnología,Técnico en Electromecánica,767,43
2013,Tecnología,Técnico en Electrónica y Electrónica Industrial,1315,60
2013,Tecnología,Técnico en Energía,282,42
2013,Tecnología,Técnico en Industria Forestal o de la Madera,61,15
2013,Tecnología,"Técnico en Instrumentación, Automatización y Control Industrial",3509,174
2013,Tecnología,Técnico en Mantenimiento Industrial,4018,127
2013,Tecnología,Técnico en Matriceria,75,5
2013,Tecnología,Técnico en Mecatrónica,4,0
2013,Tecnología,Técnico en Mecánica Automotriz,10965,387
2013,Tecnología,Técnico en Mecánica Industrial,1829,59
2013,Tecnología,Técnico en Medio Ambiente (Control y Gestión),111,89
2013,Tecnología,Técnico en Metalurgia,331,154
2013,Tecnología,Técnico en Minería,4978,1271
2013,Tecnología,Técnico en Prevención de Riesgos,23894,19736
2013,Tecnología,Técnico en Procesos Industriales,435,38
2013,Tecnología,"Técnico en Producción, Desarrollo y Diseño Web",113,63
2013,Tecnología,Técnico en Proyecto y Diseño Mecánico,100,14
2013,Tecnología,Técnico en Proyectos de Ingeniería,90,48
2013,Tecnología,Técnico en Refrigeración y Climatización,410,14
2013,Tecnología,Técnico en Sonido,1640,118
2013,Tecnología,Técnico en Telecomunicaciones,2253,181
2013,Tecnología,Técnico en Topografía,1625,270
2013,Tecnología,Técnico en Transporte Marítimo y Puertos,119,133
2014,Administración y Comercio,Administración Gastronómica,1821,2259
2014,Administración y Comercio,Administración Turística y Hotelera,2127,2952
2014,Administración y Comercio,Administración de Empresas e Ing. Asociadas,14473,16619
2014,Administración y Comercio,Bachillerato y/o Licenciatura en Administración y Comercio,55,52
2014,Administración y Comercio,Comunicación Empresarial y Organizacional,0,1
2014,Administración y Comercio,Contador Auditor,9629,12433
2014,Administración y Comercio,Ingeniería Comercial,23743,18274
2014,Administración y Comercio,Ingeniería en Comercio Exterior,972,1061
2014,Administración y Comercio,Ingeniería en Control de Gestión,1310,1328
2014,Administración y Comercio,Ingeniería en Finanzas,472,459
2014,Administración y Comercio,Ingeniería en Gestión y Control de Calidad,38,59
2014,Administración y Comercio,Ingeniería en Logística,690,271
2014,Administración y Comercio,Ingeniería en Marketing,823,786
2014,Administración y Comercio,Ingeniería en Recursos Humanos,1241,3039
2014,Administración y Comercio,Otros Profesionales de Administración y Comercio,33,61
2014,Administración y Comercio,Otros Técnicos de Administración y Comercio,58,172
2014,Administración y Comercio,Secretariado Bilingüe,135,1994
2014,Administración y Comercio,Secretariado Computacional,11,349
2014,Administración y Comercio,Secretariado Ejecutivo,33,509
2014,Administración y Comercio,Técnico Agente o Visitador Médico,85,229
2014,Administración y Comercio,Técnico en Administración Financiera y Finanzas,1720,2325
2014,Administración y Comercio,Técnico en Administración de Empresas,14484,20441
2014,Administración y Comercio,Técnico en Administración de Recursos Humanos y Personal,1368,4399
2014,Administración y Comercio,Técnico en Administración de Ventas,382,343
2014,Administración y Comercio,Técnico en Administración en Marketing,130,106
2014,Administración y Comercio,Técnico en Comercio Exterior,1337,1409
2014,Administración y Comercio,Técnico en Contabilidad Computacional,44,92
2014,Administración y Comercio,Técnico en Contabilidad General,2959,5357
2014,Administración y Comercio,Técnico en Contabilidad Tributaria,7,40
2014,Administración y Comercio,Técnico en Gastronomía y Cocina,4662,5979
2014,Administración y Comercio,Técnico en Gestión Previsional,1,41
2014,Administración y Comercio,Técnico en Gestión y Control de Calidad,122,78
2014,Administración y Comercio,Técnico en Logística,2247,751
2014,Administración y Comercio,Técnico en Producción de Eventos,314,325
2014,Administración y Comercio,Técnico en Seguridad Privada,2,2
2014,Administración y Comercio,Técnico en Turismo y Hotelería,2177,3382
2014,Agropecuaria,Agronomía,4189,2750
2014,Agropecuaria,Ingeniería Agrícola,1583,684
2014,Agropecuaria,Ingeniería Forestal,397,302
2014,Agropecuaria,Ingeniería de Ejecución Forestal,8,2
2014,Agropecuaria,Ingeniería en Acuicultura y Pesca,269,180
2014,Agropecuaria,Ingeniería en Vitivinicultura,30,12
2014,Agropecuaria,Medicina Veterinaria,2848,5582
2014,Agropecuaria,Técnico Agropecuario,2459,1407
2014,Agropecuaria,Técnico Veterinario,500,1121
2014,Agropecuaria,Técnico en Acuicultura y Pesca,213,98
2014,Agropecuaria,Técnico en Vitivinicultura y/o Enología,154,124
2014,Arte y Arquitectura,Actuación y Teatro,739,1286
2014,Arte y Arquitectura,Animación Digital,589,273
2014,Arte y Arquitectura,Arquitectura,6360,5478
2014,Arte y Arquitectura,Artes y Licenciatura en Artes,799,1894
2014,Arte y Arquitectura,Comunicación Audiovisual y/o Multimedia,1903,1041
2014,Arte y Arquitectura,Diseño,1134,3273
2014,Arte y Arquitectura,Diseño Gráfico,4487,3619
2014,Arte y Arquitectura,Diseño Teatral,21,94
2014,Arte y Arquitectura,Diseño de Ambientes e Interiores,161,764
2014,Arte y Arquitectura,Diseño de Vestuario,104,1603
2014,Arte y Arquitectura,Fotografía,372,494
2014,Arte y Arquitectura,"Música, Canto o Danza",2483,1271
2014,Arte y Arquitectura,Otros Profesionales de Arte y Arquitectura,110,506
2014,Arte y Arquitectura,Otros Técnicos de Arte y Arquitectura,416,527
2014,Arte y Arquitectura,Paisajismo,40,91
2014,Arte y Arquitectura,Realizador de Cine y Televisión,614,395
2014,Arte y Arquitectura,Técnico en Ambientes e Interiores,53,124
2014,Arte y Arquitectura,Técnico en Comunicación Audiovisual,1075,347
2014,Arte y Arquitectura,Técnico en Dibujo Arquitectónico,1222,614
2014,Arte y Arquitectura,Técnico en Diseño Gráfico,1234,679
2014,Arte y Arquitectura,Técnico en Diseño de Vestuario,30,300
2014,Arte y Arquitectura,Técnico en Diseño de Áreas Verdes y Paisajismo,78,83
2014,Arte y Arquitectura,Técnico en Fotografía,399,522
2014,Arte y Arquitectura,Técnico en Peluquería y Estética,77,1845
2014,Arte y Arquitectura,Técnico en Producción Gráfica y Multimedia,403,166
2014,Arte y Arquitectura,Técnico en Teatro,6,11
2014,Ciencias Básicas,Analista Químico,157,272
2014,Ciencias Básicas,Bachillerato y/o Licenciatura en Ciencias Básicas,1955,2186
2014,Ciencias Básicas,Biología,476,542
2014,Ciencias Básicas,Biología Marina y Ecología Marina,497,667
2014,Ciencias Básicas,Bioquímica,918,968
2014,Ciencias Básicas,Física y Astronomía,870,334
2014,Ciencias Básicas,Geología,2092,1146
2014,Ciencias Básicas,Ingeniería Civil Matemática y Estadística,334,63
2014,Ciencias Básicas,Ingeniería Civil en Geomática y Geomensura,57,31
2014,Ciencias Básicas,Ingeniería en Geomensura y Cartografía,871,292
2014,Ciencias Básicas,Ingeniería en Matemática y Estadística,399,314
2014,Ciencias Básicas,Matemática y/o Estadística,339,193
2014,Ciencias Básicas,Otros Profesionales de Ciencias Básicas,30,48
2014,Ciencias Básicas,Otros Técnicos de Ciencias Básicas,29,24
2014,Ciencias Básicas,Química Ambiental,122,214
2014,Ciencias Básicas,"Química, Licenciado en Química",476,416
2014,Ciencias Básicas,Técnico en Geología,709,396
2014,Ciencias Básicas,Técnico en Geomensura,5,0
2014,Ciencias Básicas,Técnico en Geominería,386,219
2014,Ciencias Básicas,Técnico en Química (Análisis e Industrial),487,762
2014,Ciencias Sociales,Administración Pública,2895,2659
2014,Ciencias Sociales,Antropología,754,995
2014,Ciencias Sociales,Arqueología,85,88
2014,Ciencias Sociales,Bachillerato y/o Licenciatura en Ciencias Sociales,493,609
2014,Ciencias Sociales,Ciencias Políticas,1250,965
2014,Ciencias Sociales,Comunicación Social,27,43
2014,Ciencias Sociales,Geografía,933,743
2014,Ciencias Sociales,Historia,1082,757
2014,Ciencias Sociales,Ingeniería en Gestión Pública,382,630
2014,Ciencias Sociales,Orientación Familiar y Relaciones Humanas,82,260
2014,Ciencias Sociales,Otros Profesionales de Ciencias Sociales,339,202
2014,Ciencias Sociales,Otros Técnicos de Ciencias Sociales,276,920
2014,Ciencias Sociales,Periodismo,2655,3382
2014,Ciencias Sociales,Psicología,9078,19632
2014,Ciencias Sociales,Publicidad,2630,2041
2014,Ciencias Sociales,Relaciones Públicas,678,1692
2014,Ciencias Sociales,Sociología,1871,1676
2014,Ciencias Sociales,Trabajo Social,5037,20562
2014,Ciencias Sociales,Técnico en Administración Pública o Municipal,218,661
2014,Ciencias Sociales,Técnico en Comunicación Social,17,8
2014,Ciencias Sociales,Técnico en Prevención y Rehabilitación,126,220
2014,Ciencias Sociales,Técnico en Publicidad,131,97
2014,Ciencias Sociales,Técnico en Relaciones Públicas,384,705
2014,Ciencias Sociales,Técnico en Servicio Social,1297,6232
2014,Derecho,Criminalística,6,2
2014,Derecho,Derecho,18649,18835
2014,Derecho,Ingeniería en Administración Jurídica,33,55
2014,Derecho,Técnico Jurídico,843,2265
2014,Derecho,"Técnico Perito Judicial, Forense o en Criminalística",0,1
2014,Educación,Bachillerato y/o Licenciatura en Educación,57,148
2014,Educación,Otros Profesionales de Educación,846,147
2014,Educación,Otros Técnicos de Educación,0,2
2014,Educación,Pedagogía en Artes y Música,1861,1316
2014,Educación,Pedagogía en Ciencias,1314,2034
2014,Educación,Pedagogía en Educación Básica,2183,11045
2014,Educación,Pedagogía en Educación Diferencial,651,14230
2014,Educación,Pedagogía en Educación Física,11803,4645
2014,Educación,Pedagogía en Educación Media,126,211
2014,Educación,Pedagogía en Educación Tecnológica,10,21
2014,Educación,Pedagogía en Educación Técnico Profesional,45,36
2014,Educación,Pedagogía en Educación de Párvulos,9,14935
2014,Educación,Pedagogía en Filosofía y Religión,652,516
2014,Educación,"Pedagogía en Historia, Geografía y Ciencias Sociales",3305,2183
2014,Educación,Pedagogía en Idiomas,3893,7154
2014,Educación,"Pedagogía en Lenguaje, Comunicación y/o Castellano",1352,2927
2014,Educación,Pedagogía en Matemáticas y Computación,2063,2029
2014,Educación,Programas de Formación Pedagógica,427,487
2014,Educación,Psicopedagogía,1257,12561
2014,Educación,Técnico Asistente del Educador Diferencial,243,6199
2014,Educación,Técnico Asistente del Educador de Párvulos,16,13978
2014,Educación,"Técnico en Deporte, Recreación y Preparación Física",7860,2336
2014,Humanidades,Bachillerato y/o Licenciatura en Humanidades,555,425
2014,Humanidades,Bibliotecología,143,227
2014,Humanidades,Filosofía,408,185
2014,Humanidades,Licenciatura en Letras y Literatura,639,1341
2014,Humanidades,Otros Profesionales de Humanidades,138,7
2014,Humanidades,Otros Técnicos de Humanidades,2,12
2014,Humanidades,Traducción e Interpretación,1434,3068
2014,Humanidades,Técnico en Bibliotecas y Centros de Documentación,95,212
2014,Humanidades,Técnico en Traducción e Interpretariado,465,729
2014,Salud,Bachillerato y/o Licenciatura en Salud,238,499
2014,Salud,Enfermería,6878,33136
2014,Salud,Fonoaudiología,1699,10795
2014,Salud,Kinesiología,11731,12855
2014,Salud,Medicina,7253,6487
2014,Salud,Naturopatía,44,106
2014,Salud,Nutrición y Dietética,1658,13487
2014,Salud,Obstetricia y Puericultura,387,5383
2014,Salud,Odontología,5601,8822
2014,Salud,Otros Profesionales de Salud,75,30
2014,Salud,Otros Técnicos de Salud,319,382
2014,Salud,Química y Farmacia,1858,2569
2014,Salud,Tecnología Médica,3996,6049
2014,Salud,Terapia Ocupacional,1338,6616
2014,Salud,Técnico Dental y Asistente de Odontología,797,5418
2014,Salud,Técnico Laboratorista Dental,335,904
2014,Salud,Técnico en Arsenaleria Quirúrgica,23,124
2014,Salud,Técnico en Enfermería,7912,44508
2014,Salud,Técnico en Farmacia,107,275
2014,Salud,Técnico en Laboratorio Clínico,515,1992
2014,Salud,Técnico en Masoterapia,332,1465
2014,Salud,Técnico en Nutrición y Dietética,71,561
2014,Salud,Técnico en Podología,102,967
2014,Salud,Técnico en Radiología y Radioterapia,220,496
2014,Salud,Técnico en Terapias Naturales y Naturopatía,202,769
2014,Salud,Técnico en Óptica,36,54
2014,Tecnología,Bachillerato y/o Licenciatura en Tecnología,486,148
2014,Tecnología,Biotecnología,196,190
2014,Tecnología,Construcción Civil,7955,1534
2014,Tecnología,Diseño Industrial,910,812
2014,Tecnología,Ingeniería Agroindustrial,107,94
2014,Tecnología,Ingeniería Civil Agrícola,94,33
2014,Tecnología,Ingeniería Civil Ambiental,440,523
2014,Tecnología,Ingeniería Civil Bioquímica,130,129
2014,Tecnología,Ingeniería Civil Electrónica,1712,136
2014,Tecnología,Ingeniería Civil Eléctrica,2731,221
2014,Tecnología,Ingeniería Civil Industrial,18697,7397
2014,Tecnología,Ingeniería Civil Mecánica,3623,325
2014,Tecnología,Ingeniería Civil Metalúrgica,1782,551
2014,Tecnología,Ingeniería Civil Química,1438,966
2014,Tecnología,Ingeniería Civil en Agroindustrias,6,0
2014,Tecnología,Ingeniería Civil en Biomédica,293,285
2014,Tecnología,Ingeniería Civil en Biotecnología y/o Bioingeniería,147,149
2014,Tecnología,Ingeniería Civil en Computación e Informática,6612,889
2014,Tecnología,Ingeniería Civil en Energía,20,10
2014,Tecnología,Ingeniería Civil en Geografía,96,65
2014,Tecnología,Ingeniería Civil en Industrias Forestales,50,29
2014,Tecnología,Ingeniería Civil en Materiales,107,47
2014,Tecnología,Ingeniería Civil en Minas,4308,1072
2014,Tecnología,Ingeniería Civil en Obras Civiles,1944,531
2014,Tecnología,Ingeniería Civil en Sonido y Acústica,134,19
2014,Tecnología,Ingeniería Civil en Telemática,222,46
2014,Tecnología,"Ingeniería Civil, plan común y licenciatura en Ciencias de la Ingeniería",10882,3252
2014,Tecnología,Ingeniería Industrial,6062,1468
2014,Tecnología,Ingeniería Marina y Marítimo Portuaria,363,54
2014,Tecnología,Ingeniería Mecánica,6489,285
2014,Tecnología,Ingeniería Naval,210,33
2014,Tecnología,Ingeniería en Alimentos,397,940
2014,Tecnología,"Ingeniería en Automatización, Instrumentación y Control",2765,97
2014,Tecnología,Ingeniería en Biotecnología y Bioingeniería,981,1026
2014,Tecnología,Ingeniería en Computación e Informática,16920,1930
2014,Tecnología,Ingeniería en Conectividad y Redes,1939,119
2014,Tecnología,Ingeniería en Construcción,10330,2367
2014,Tecnología,Ingeniería en Electricidad,5062,176
2014,Tecnología,Ingeniería en Electrónica,1509,66
2014,Tecnología,Ingeniería en Energía,19,2
2014,Tecnología,Ingeniería en Geomensura y Cartografía,39,29
2014,Tecnología,Ingeniería en Industria de la Madera,15,6
2014,Tecnología,Ingeniería en Mecatrónica,241,25
2014,Tecnología,Ingeniería en Mecánica Automotriz,9773,190
2014,Tecnología,Ingeniería en Medio Ambiente,861,1022
2014,Tecnología,Ingeniería en Metalurgia,763,302
2014,Tecnología,Ingeniería en Minas,4168,1163
2014,Tecnología,Ingeniería en Prevención de Riesgos,18788,14788
2014,Tecnología,Ingeniería en Proyectos Estructurales,85,18
2014,Tecnología,Ingeniería en Química,647,739
2014,Tecnología,Ingeniería en Recursos Renovables,486,528
2014,Tecnología,Ingeniería en Refrigeración y Climatización,415,28
2014,Tecnología,Ingeniería en Sonido,858,85
2014,Tecnología,Ingeniería en Telecomunicaciones,1674,120
2014,Tecnología,Ingeniería en Telemática,332,25
2014,Tecnología,Ingeniería en Transporte y Tránsito,173,67
2014,Tecnología,Otras Ingenierías,588,269
2014,Tecnología,Otras Ingenierías Civiles,995,349
2014,Tecnología,Otros Profesionales de Tecnología,1141,658
2014,Tecnología,Otros Técnicos de Tecnología,215,33
2014,Tecnología,Química Industrial,118,141
2014,Tecnología,Técnico en Administración de Redes y Soporte,3845,297
2014,Tecnología,Técnico en Agroindustria,32,20
2014,Tecnología,Técnico en Alimentos,374,576
2014,Tecnología,Técnico en Análisis de Sistemas,527,73
2014,Tecnología,Técnico en Biotecnología Industrial,64,83
2014,Tecnología,Técnico en Computación e Informática,10265,1234
2014,Tecnología,Técnico en Construcción y Obras Civiles,13217,2103
2014,Tecnología,Técnico en Dibujo Técnico,254,104
2014,Tecnología,Técnico en Diseño Industrial,58,5
2014,Tecnología,Técnico en Electricidad y Electricidad Industrial,8783,208
2014,Tecnología,Técnico en Electromecánica,1242,38
2014,Tecnología,Técnico en Electrónica y Electrónica Industrial,1188,36
2014,Tecnología,Técnico en Energía,273,35
2014,Tecnología,Técnico en Industria Forestal o de la Madera,23,7
2014,Tecnología,"Técnico en Instrumentación, Automatización y Control Industrial",3794,202
2014,Tecnología,Técnico en Mantenimiento Industrial,4964,151
2014,Tecnología,Técnico en Mecatrónica,10,0
2014,Tecnología,Técnico en Mecánica Automotriz,12218,219
2014,Tecnología,Técnico en Mecánica Industrial,1921,43
2014,Tecnología,Técnico en Medio Ambiente (Control y Gestión),103,93
2014,Tecnología,Técnico en Metalurgia,347,217
2014,Tecnología,Técnico en Minería,6641,1859
2014,Tecnología,Técnico en Prevención de Riesgos,25300,21854
2014,Tecnología,Técnico en Procesos Industriales,542,72
2014,Tecnología,"Técnico en Producción, Desarrollo y Diseño Web",158,64
2014,Tecnología,Técnico en Proyecto y Diseño Mecánico,84,15
2014,Tecnología,Técnico en Proyectos de Ingeniería,73,37
2014,Tecnología,Técnico en Refrigeración y Climatización,374,13
2014,Tecnología,Técnico en Sonido,1621,108
2014,Tecnología,Técnico en Telecomunicaciones,2527,158
2014,Tecnología,Técnico en Topografía,1983,383
2014,Tecnología,Técnico en Transporte Marítimo y Puertos,106,58
2015,Administración y Comercio,Administración Gastronómica,1850,2340
2015,Administración y Comercio,Administración Turística y Hotelera,2176,3011
2015,Administración y Comercio,Administración de Empresas e Ing. Asociadas,15236,18395
2015,Administración y Comercio,Bachillerato y/o Licenciatura en Administración y Comercio,21,36
2015,Administración y Comercio,Contador Auditor,9711,12716
2015,Administración y Comercio,Ingeniería Comercial,24226,18384
2015,Administración y Comercio,Ingeniería en Comercio Exterior,1074,1165
2015,Administración y Comercio,Ingeniería en Control de Gestión,1384,1276
2015,Administración y Comercio,Ingeniería en Finanzas,577,563
2015,Administración y Comercio,Ingeniería en Gestión y Control de Calidad,40,63
2015,Administración y Comercio,Ingeniería en Logística,691,285
2015,Administración y Comercio,Ingeniería en Marketing,948,877
2015,Administración y Comercio,Ingeniería en Recursos Humanos,1446,3646
2015,Administración y Comercio,Ingeniería en Seguridad Privada,344,49
2015,Administración y Comercio,Otros Profesionales de Administración y Comercio,24,54
2015,Administración y Comercio,Otros Técnicos de Administración y Comercio,35,159
2015,Administración y Comercio,Secretariado Bilingüe,60,1476
2015,Administración y Comercio,Secretariado Computacional,3,173
2015,Administración y Comercio,Secretariado Ejecutivo,11,336
2015,Administración y Comercio,Técnico Agente o Visitador Médico,119,250
2015,Administración y Comercio,Técnico en Administración Financiera y Finanzas,1979,2628
2015,Administración y Comercio,Técnico en Administración de Empresas,15651,22368
2015,Administración y Comercio,Técnico en Administración de Recursos Humanos y Personal,1662,5301
2015,Administración y Comercio,Técnico en Administración de Ventas,404,413
2015,Administración y Comercio,Técnico en Administración en Marketing,131,114
2015,Administración y Comercio,Técnico en Comercio Exterior,1433,1469
2015,Administración y Comercio,Técnico en Contabilidad Computacional,23,55
2015,Administración y Comercio,Técnico en Contabilidad General,3260,5991
2015,Administración y Comercio,Técnico en Contabilidad Tributaria,2,16
2015,Administración y Comercio,Técnico en Gastronomía y Cocina,4753,6083
2015,Administración y Comercio,Técnico en Gestión Previsional,0,14
2015,Administración y Comercio,Técnico en Gestión y Control de Calidad,121,98
2015,Administración y Comercio,Técnico en Logística,2685,985
2015,Administración y Comercio,Técnico en Producción de Eventos,357,346
2015,Administración y Comercio,Técnico en Seguridad Privada,30,7
2015,Administración y Comercio,Técnico en Turismo y Hotelería,2424,3547
2015,Agropecuaria,Agronomía,4010,2639
2015,Agropecuaria,Ingeniería Agrícola,1592,771
2015,Agropecuaria,Ingeniería Forestal,352,301
2015,Agropecuaria,Ingeniería de Ejecución Forestal,1,1
2015,Agropecuaria,Ingeniería en Acuicultura y Pesca,182,126
2015,Agropecuaria,Ingeniería en Vitivinicultura,28,6
2015,Agropecuaria,Medicina Veterinaria,2805,5671
2015,Agropecuaria,Técnico Agropecuario,2668,1596
2015,Agropecuaria,Técnico Veterinario,480,1170
2015,Agropecuaria,Técnico en Acuicultura y Pesca,229,95
2015,Agropecuaria,Técnico en Vitivinicultura y/o Enología,124,120
2015,Arte y Arquitectura,Actuación y Teatro,747,1305
2015,Arte y Arquitectura,Animación Digital,639,286
2015,Arte y Arquitectura,Arquitectura,6335,5675
2015,Arte y Arquitectura,Artes y Licenciatura en Artes,786,1853
2015,Arte y Arquitectura,Comunicación Audiovisual y/o Multimedia,1929,1034
2015,Arte y Arquitectura,Diseño,1120,3187
2015,Arte y Arquitectura,Diseño Gráfico,4242,3436
2015,Arte y Arquitectura,Diseño Teatral,17,103
2015,Arte y Arquitectura,Diseño de Ambientes e Interiores,142,686
2015,Arte y Arquitectura,Diseño de Vestuario,108,1557
2015,Arte y Arquitectura,Fotografía,301,429
2015,Arte y Arquitectura,"Música, Canto o Danza",2369,1314
2015,Arte y Arquitectura,Otros Profesionales de Arte y Arquitectura,149,612
2015,Arte y Arquitectura,Otros Técnicos de Arte y Arquitectura,384,549
2015,Arte y Arquitectura,Paisajismo,40,79
2015,Arte y Arquitectura,Realizador de Cine y Televisión,590,390
2015,Arte y Arquitectura,Técnico en Ambientes e Interiores,48,123
2015,Arte y Arquitectura,Técnico en Comunicación Audiovisual,1140,383
2015,Arte y Arquitectura,Técnico en Dibujo Arquitectónico,1287,662
2015,Arte y Arquitectura,Técnico en Diseño Gráfico,1103,632
2015,Arte y Arquitectura,Técnico en Diseño de Vestuario,36,279
2015,Arte y Arquitectura,Técnico en Diseño de Áreas Verdes y Paisajismo,67,80
2015,Arte y Arquitectura,Técnico en Fotografía,334,460
2015,Arte y Arquitectura,Técnico en Peluquería y Estética,88,2239
2015,Arte y Arquitectura,Técnico en Producción Gráfica y Multimedia,466,203
2015,Arte y Arquitectura,Técnico en Producción de Videojuegos,14,5
2015,Arte y Arquitectura,Técnico en Teatro,3,5
2015,Ciencias Básicas,Analista Químico,155,283
2015,Ciencias Básicas,Bachillerato y/o Licenciatura en Ciencias Básicas,2029,2337
2015,Ciencias Básicas,Biología,453,488
2015,Ciencias Básicas,Biología Marina y Ecología Marina,470,627
2015,Ciencias Básicas,Bioquímica,940,985
2015,Ciencias Básicas,Física y Astronomía,884,369
2015,Ciencias Básicas,Geología,2166,1234
2015,Ciencias Básicas,Ingeniería Civil Matemática y Estadística,338,62
2015,Ciencias Básicas,Ingeniería Civil en Geomática y Geomensura,51,28
2015,Ciencias Básicas,Ingeniería en Geomensura y Cartografía,972,343
2015,Ciencias Básicas,Ingeniería en Matemática y Estadística,399,294
2015,Ciencias Básicas,Matemática y/o Estadística,336,172
2015,Ciencias Básicas,Otros Profesionales de Ciencias Básicas,20,36
2015,Ciencias Básicas,Otros Técnicos de Ciencias Básicas,42,28
2015,Ciencias Básicas,Química Ambiental,120,212
2015,Ciencias Básicas,"Química, Licenciado en Química",477,417
2015,Ciencias Básicas,Técnico en Geología,729,377
2015,Ciencias Básicas,Técnico en Geominería,374,238
2015,Ciencias Básicas,Técnico en Química (Análisis e Industrial),495,759
2015,Ciencias Sociales,Administración Pública,3055,2838
2015,Ciencias Sociales,Antropología,796,1035
2015,Ciencias Sociales,Arqueología,92,81
2015,Ciencias Sociales,Bachillerato y/o Licenciatura en Ciencias Sociales,512,658
2015,Ciencias Sociales,Ciencias Políticas,1155,911
2015,Ciencias Sociales,Comunicación Social,17,14
2015,Ciencias Sociales,Geografía,953,770
2015,Ciencias Sociales,Historia,1062,724
2015,Ciencias Sociales,Ingeniería en Gestión Pública,409,686
2015,Ciencias Sociales,Orientación Familiar y Relaciones Humanas,83,243
2015,Ciencias Sociales,Otros Profesionales de Ciencias Sociales,213,201
2015,Ciencias Sociales,Otros Técnicos de Ciencias Sociales,289,945
2015,Ciencias Sociales,Periodismo,2811,3466
2015,Ciencias Sociales,Psicología,9555,20483
2015,Ciencias Sociales,Publicidad,2394,1946
2015,Ciencias Sociales,Relaciones Públicas,596,1479
2015,Ciencias Sociales,Sociología,1830,1588
2015,Ciencias Sociales,Trabajo Social,5033,19545
2015,Ciencias Sociales,Técnico en Administración Pública o Municipal,396,886
2015,Ciencias Sociales,Técnico en Comunicación Social,11,4
2015,Ciencias Sociales,Técnico en Prevención y Rehabilitación,138,239
2015,Ciencias Sociales,Técnico en Publicidad,131,89
2015,Ciencias Sociales,Técnico en Relaciones Públicas,476,838
2015,Ciencias Sociales,Técnico en Servicio Social,1694,7833
2015,Derecho,Derecho,18280,19168
2015,Derecho,Ingeniería en Administración Jurídica,15,34
2015,Derecho,Técnico Jurídico,825,2123
2015,Educación,Bachillerato y/o Licenciatura en Educación,74,399
2015,Educación,Otros Profesionales de Educación,910,154
2015,Educación,Otros Técnicos de Educación,21,115
2015,Educación,Pedagogía en Artes y Música,1860,1281
2015,Educación,Pedagogía en Ciencias,1293,1778
2015,Educación,Pedagogía en Educación Básica,1714,9224
2015,Educación,Pedagogía en Educación Diferencial,608,14588
2015,Educación,Pedagogía en Educación Física,10898,4379
2015,Educación,Pedagogía en Educación Media,129,181
2015,Educación,Pedagogía en Educación Tecnológica,10,10
2015,Educación,Pedagogía en Educación Técnico Profesional,83,61
2015,Educación,Pedagogía en Educación de Párvulos,44,12954
2015,Educación,Pedagogía en Filosofía y Religión,625,478
2015,Educación,"Pedagogía en Historia, Geografía y Ciencias Sociales",2910,1845
2015,Educación,Pedagogía en Idiomas,3583,6644
2015,Educación,"Pedagogía en Lenguaje, Comunicación y/o Castellano",1296,2785
2015,Educación,Pedagogía en Matemáticas y Computación,2037,1961
2015,Educación,Programas de Formación Pedagógica,421,464
2015,Educación,Psicopedagogía,1294,13046
2015,Educación,Técnico Asistente del Educador Diferencial,258,6858
2015,Educación,Técnico Asistente del Educador de Párvulos,33,15340
2015,Educación,"Técnico en Deporte, Recreación y Preparación Física",8108,2450
2015,Humanidades,Bachillerato y/o Licenciatura en Humanidades,546,422
2015,Humanidades,Bibliotecología,160,258
2015,Humanidades,Filosofía,374,180
2015,Humanidades,Licenciatura en Letras y Literatura,618,1318
2015,Humanidades,Otros Profesionales de Humanidades,141,4
2015,Humanidades,Otros Técnicos de Humanidades,0,7
2015,Humanidades,Traducción e Interpretación,1445,2952
2015,Humanidades,Técnico en Bibliotecas y Centros de Documentación,99,201
2015,Humanidades,Técnico en Traducción e Interpretariado,388,606
2015,Salud,Bachillerato y/o Licenciatura en Salud,243,502
2015,Salud,Enfermería,7173,33733
2015,Salud,Fonoaudiología,1638,11049
2015,Salud,Kinesiología,11119,12263
2015,Salud,Medicina,7299,6719
2015,Salud,Naturopatía,62,173
2015,Salud,Nutrición y Dietética,1764,13797
2015,Salud,Obstetricia y Puericultura,410,5984
2015,Salud,Odontología,5557,8962
2015,Salud,Otros Profesionales de Salud,79,32
2015,Salud,Otros Técnicos de Salud,226,356
2015,Salud,Química y Farmacia,1874,2587
2015,Salud,Tecnología Médica,4203,6454
2015,Salud,Terapia Ocupacional,1481,7543
2015,Salud,Técnico Dental y Asistente de Odontología,893,5712
2015,Salud,Técnico Laboratorista Dental,333,843
2015,Salud,Técnico en Arsenaleria Quirúrgica,9,51
2015,Salud,Técnico en Enfermería,7563,44413
2015,Salud,Técnico en Farmacia,114,357
2015,Salud,Técnico en Laboratorio Clínico,519,2122
2015,Salud,Técnico en Masoterapia,433,1718
2015,Salud,Técnico en Nutrición y Dietética,100,729
2015,Salud,Técnico en Podología,116,1122
2015,Salud,Técnico en Radiología y Radioterapia,217,492
2015,Salud,Técnico en Terapias Naturales y Naturopatía,196,822
2015,Salud,Técnico en Óptica,26,35
2015,Tecnología,Bachillerato y/o Licenciatura en Tecnología,411,112
2015,Tecnología,Biotecnología,205,194
2015,Tecnología,Construcción Civil,8940,1804
2015,Tecnología,Diseño Industrial,865,766
2015,Tecnología,Ingeniería Agroindustrial,107,97
2015,Tecnología,Ingeniería Civil Agrícola,82,30
2015,Tecnología,Ingeniería Civil Ambiental,423,525
2015,Tecnología,Ingeniería Civil Bioquímica,132,127
2015,Tecnología,Ingeniería Civil Electrónica,1704,134
2015,Tecnología,Ingeniería Civil Eléctrica,2681,206
2015,Tecnología,Ingeniería Civil Industrial,18993,7619
2015,Tecnología,Ingeniería Civil Mecánica,3666,334
2015,Tecnología,Ingeniería Civil Metalúrgica,1830,616
2015,Tecnología,Ingeniería Civil Química,1424,1011
2015,Tecnología,Ingeniería Civil en Agroindustrias,4,0
2015,Tecnología,Ingeniería Civil en Biomédica,262,264
2015,Tecnología,Ingeniería Civil en Biotecnología y/o Bioingeniería,133,125
2015,Tecnología,Ingeniería Civil en Computación e Informática,6576,852
2015,Tecnología,Ingeniería Civil en Energía,36,9
2015,Tecnología,Ingeniería Civil en Geografía,91,74
2015,Tecnología,Ingeniería Civil en Industrias Forestales,50,17
2015,Tecnología,Ingeniería Civil en Materiales,107,46
2015,Tecnología,Ingeniería Civil en Minas,4812,1271
2015,Tecnología,Ingeniería Civil en Obras Civiles,2012,558
2015,Tecnología,Ingeniería Civil en Sonido y Acústica,120,20
2015,Tecnología,Ingeniería Civil en Telemática,200,37
2015,Tecnología,"Ingeniería Civil, plan común y licenciatura en Ciencias de la Ingeniería",11569,3595
2015,Tecnología,Ingeniería Industrial,6085,1581
2015,Tecnología,Ingeniería Marina y Marítimo Portuaria,376,55
2015,Tecnología,Ingeniería Mecánica,6625,282
2015,Tecnología,Ingeniería Naval,203,32
2015,Tecnología,Ingeniería en Alimentos,393,856
2015,Tecnología,"Ingeniería en Automatización, Instrumentación y Control",2819,105
2015,Tecnología,Ingeniería en Biotecnología y Bioingeniería,991,988
2015,Tecnología,Ingeniería en Computación e Informática,16382,1842
2015,Tecnología,Ingeniería en Conectividad y Redes,2175,144
2015,Tecnología,Ingeniería en Construcción,10527,2568
2015,Tecnología,Ingeniería en Electricidad,5648,201
2015,Tecnología,Ingeniería en Electrónica,1439,55
2015,Tecnología,Ingeniería en Energía,5,0
2015,Tecnología,Ingeniería en Geomensura y Cartografía,55,36
2015,Tecnología,Ingeniería en Industria de la Madera,15,2
2015,Tecnología,Ingeniería en Mecatrónica,254,23
2015,Tecnología,Ingeniería en Mecánica Automotriz,10497,214
2015,Tecnología,Ingeniería en Medio Ambiente,909,1093
2015,Tecnología,Ingeniería en Metalurgia,725,355
2015,Tecnología,Ingeniería en Minas,4553,1413
2015,Tecnología,Ingeniería en Prevención de Riesgos,19536,15619
2015,Tecnología,Ingeniería en Proyectos Estructurales,78,16
2015,Tecnología,Ingeniería en Química,656,702
2015,Tecnología,Ingeniería en Recursos Renovables,564,574
2015,Tecnología,Ingeniería en Refrigeración y Climatización,408,33
2015,Tecnología,Ingeniería en Sonido,919,79
2015,Tecnología,Ingeniería en Telecomunicaciones,1589,100
2015,Tecnología,Ingeniería en Transporte y Tránsito,181,62
2015,Tecnología,Otras Ingenierías,598,262
2015,Tecnología,Otras Ingenierías Civiles,1020,389
2015,Tecnología,Otros Profesionales de Tecnología,1209,653
2015,Tecnología,Otros Técnicos de Tecnología,185,26
2015,Tecnología,Química Industrial,129,135
2015,Tecnología,Técnico en Administración de Redes y Soporte,3627,295
2015,Tecnología,Técnico en Agroindustria,44,30
2015,Tecnología,Técnico en Alimentos,389,601
2015,Tecnología,Técnico en Análisis de Sistemas,371,48
2015,Tecnología,Técnico en Biotecnología Industrial,33,34
2015,Tecnología,Técnico en Computación e Informática,10609,1162
2015,Tecnología,Técnico en Construcción y Obras Civiles,13865,2395
2015,Tecnología,Técnico en Dibujo Técnico,185,89
2015,Tecnología,Técnico en Diseño Industrial,61,9
2015,Tecnología,Técnico en Electricidad y Electricidad Industrial,10051,249
2015,Tecnología,Técnico en Electromecánica,1605,39
2015,Tecnología,Técnico en Electrónica y Electrónica Industrial,1099,44
2015,Tecnología,Técnico en Energía,280,53
2015,Tecnología,Técnico en Industria Forestal o de la Madera,8,0
2015,Tecnología,"Técnico en Instrumentación, Automatización y Control Industrial",4303,237
2015,Tecnología,Técnico en Mantenimiento Industrial,5784,176
2015,Tecnología,Técnico en Mecatrónica,43,1
2015,Tecnología,Técnico en Mecánica Automotriz,13042,269
2015,Tecnología,Técnico en Mecánica Industrial,2092,54
2015,Tecnología,Técnico en Medio Ambiente (Control y Gestión),153,127
2015,Tecnología,Técnico en Metalurgia,374,214
2015,Tecnología,Técnico en Minería,7609,2260
2015,Tecnología,Técnico en Prevención de Riesgos,21714,18818
2015,Tecnología,Técnico en Procesos Industriales,543,70
2015,Tecnología,"Técnico en Producción, Desarrollo y Diseño Web",169,58
2015,Tecnología,Técnico en Proyecto y Diseño Mecánico,74,14
2015,Tecnología,Técnico en Proyectos de Ingeniería,59,36
2015,Tecnología,Técnico en Refrigeración y Climatización,432,6
2015,Tecnología,Técnico en Sonido,1665,101
2015,Tecnología,Técnico en Telecomunicaciones,2457,164
2015,Tecnología,Técnico en Topografía,2509,537
2015,Tecnología,Técnico en Transporte Marítimo y Puertos,150,72
2016,Administración y Comercio,Administración Gastronómica,2006,2537
2016,Administración y Comercio,Administración Turística y Hotelera,2302,3075
2016,Administración y Comercio,Administración de Empresas e Ing. Asociadas,15641,19577
2016,Administración y Comercio,Bachillerato y/o Licenciatura en Administración y Comercio,6,19
2016,Administración y Comercio,Contador Auditor,10046,13380
2016,Administración y Comercio,Ingeniería Comercial,25062,18981
2016,Administración y Comercio,Ingeniería en Comercio Exterior,1154,1323
2016,Administración y Comercio,Ingeniería en Control de Gestión,1538,1365
2016,Administración y Comercio,Ingeniería en Finanzas,620,750
2016,Administración y Comercio,Ingeniería en Gestión y Control de Calidad,46,58
2016,Administración y Comercio,Ingeniería en Logística,880,308
2016,Administración y Comercio,Ingeniería en Marketing,1038,1109
2016,Administración y Comercio,Ingeniería en Recursos Humanos,1676,4319
2016,Administración y Comercio,Ingeniería en Seguridad Privada,1203,200
2016,Administración y Comercio,Otros Profesionales de Administración y Comercio,22,36
2016,Administración y Comercio,Otros Técnicos de Administración y Comercio,58,197
2016,Administración y Comercio,Secretariado Bilingüe,32,1208
2016,Administración y Comercio,Secretariado Computacional,11,179
2016,Administración y Comercio,Secretariado Ejecutivo,11,243
2016,Administración y Comercio,Técnico Agente o Visitador Médico,91,228
2016,Administración y Comercio,Técnico en Administración Financiera y Finanzas,2022,2738
2016,Administración y Comercio,Técnico en Administración de Empresas,16722,24896
2016,Administración y Comercio,Técnico en Administración de Recursos Humanos y Personal,1964,5922
2016,Administración y Comercio,Técnico en Administración de Ventas,347,382
2016,Administración y Comercio,Técnico en Administración en Marketing,100,104
2016,Administración y Comercio,Técnico en Comercio Exterior,1453,1496
2016,Administración y Comercio,Técnico en Contabilidad Computacional,10,32
2016,Administración y Comercio,Técnico en Contabilidad General,3516,6327
2016,Administración y Comercio,Técnico en Contabilidad Tributaria,0,2
2016,Administración y Comercio,Técnico en Gastronomía y Cocina,5206,6381
2016,Administración y Comercio,Técnico en Gestión y Control de Calidad,109,97
2016,Administración y Comercio,Técnico en Logística,3210,1392
2016,Administración y Comercio,Técnico en Producción de Eventos,322,322
2016,Administración y Comercio,Técnico en Seguridad Privada,160,45
2016,Administración y Comercio,Técnico en Turismo y Hotelería,2478,3555
2016,Agropecuaria,Agronomía,4010,2703
2016,Agropecuaria,Ingeniería Agrícola,1721,850
2016,Agropecuaria,Ingeniería Forestal,361,308
2016,Agropecuaria,Ingeniería de Ejecución Forestal,1,0
2016,Agropecuaria,Ingeniería en Acuicultura y Pesca,134,95
2016,Agropecuaria,Ingeniería en Vitivinicultura,27,6
2016,Agropecuaria,Medicina Veterinaria,2715,5961
2016,Agropecuaria,Técnico Agropecuario,3077,1671
2016,Agropecuaria,Técnico Veterinario,550,1313
2016,Agropecuaria,Técnico en Acuicultura y Pesca,213,124
2016,Agropecuaria,Técnico en Vitivinicultura y/o Enología,103,98
2016,Arte y Arquitectura,Actuación y Teatro,737,1270
2016,Arte y Arquitectura,Animación Digital,710,342
2016,Arte y Arquitectura,Arquitectura,6334,5911
2016,Arte y Arquitectura,Artes y Licenciatura en Artes,970,1972
2016,Arte y Arquitectura,Comunicación Audiovisual y/o Multimedia,1849,946
2016,Arte y Arquitectura,Diseño,1135,3203
2016,Arte y Arquitectura,Diseño Gráfico,3906,3285
2016,Arte y Arquitectura,Diseño Teatral,14,97
2016,Arte y Arquitectura,Diseño de Ambientes e Interiores,128,626
2016,Arte y Arquitectura,Diseño de Vestuario,121,1512
2016,Arte y Arquitectura,Fotografía,232,327
2016,Arte y Arquitectura,"Música, Canto o Danza",2492,1353
2016,Arte y Arquitectura,Otros Profesionales de Arte y Arquitectura,178,666
2016,Arte y Arquitectura,Otros Técnicos de Arte y Arquitectura,405,607
2016,Arte y Arquitectura,Paisajismo,24,61
2016,Arte y Arquitectura,Realizador de Cine y Televisión,637,424
2016,Arte y Arquitectura,Técnico en Ambientes e Interiores,54,120
2016,Arte y Arquitectura,Técnico en Comunicación Audiovisual,1171,371
2016,Arte y Arquitectura,Técnico en Dibujo Arquitectónico,1188,576
2016,Arte y Arquitectura,Técnico en Diseño Gráfico,1011,622
2016,Arte y Arquitectura,Técnico en Diseño de Vestuario,24,239
2016,Arte y Arquitectura,Técnico en Diseño de Áreas Verdes y Paisajismo,94,88
2016,Arte y Arquitectura,Técnico en Fotografía,336,378
2016,Arte y Arquitectura,Técnico en Peluquería y Estética,102,2781
2016,Arte y Arquitectura,Técnico en Producción Gráfica y Multimedia,512,206
2016,Arte y Arquitectura,Técnico en Producción de Videojuegos,24,4
2016,Arte y Arquitectura,Técnico en Teatro,1,2
2016,Ciencias Básicas,Analista Químico,161,265
2016,Ciencias Básicas,Bachillerato y/o Licenciatura en Ciencias Básicas,2164,2378
2016,Ciencias Básicas,Biología,431,483
2016,Ciencias Básicas,Biología Marina y Ecología Marina,480,615
2016,Ciencias Básicas,Bioquímica,953,1006
2016,Ciencias Básicas,Física y Astronomía,955,436
2016,Ciencias Básicas,Geología,2336,1374
2016,Ciencias Básicas,Ingeniería Civil Matemática y Estadística,347,86
2016,Ciencias Básicas,Ingeniería Civil en Geomática y Geomensura,37,25
2016,Ciencias Básicas,Ingeniería en Geomensura y Cartografía,1053,364
2016,Ciencias Básicas,Ingeniería en Matemática y Estadística,383,297
2016,Ciencias Básicas,Matemática y/o Estadística,344,170
2016,Ciencias Básicas,Otros Profesionales de Ciencias Básicas,26,31
2016,Ciencias Básicas,Otros Técnicos de Ciencias Básicas,28,22
2016,Ciencias Básicas,Química Ambiental,109,184
2016,Ciencias Básicas,"Química, Licenciado en Química",459,383
2016,Ciencias Básicas,Técnico en Geología,657,346
2016,Ciencias Básicas,Técnico en Geominería,253,182
2016,Ciencias Básicas,Técnico en Química (Análisis e Industrial),478,682
2016,Ciencias Sociales,Administración Pública,2460,2601
2016,Ciencias Sociales,Antropología,838,1137
2016,Ciencias Sociales,Arqueología,104,92
2016,Ciencias Sociales,Bachillerato y/o Licenciatura en Ciencias Sociales,558,730
2016,Ciencias Sociales,Ciencias Políticas,1122,906
2016,Ciencias Sociales,Comunicación Social,0,1
2016,Ciencias Sociales,Geografía,1023,808
2016,Ciencias Sociales,Historia,1037,709
2016,Ciencias Sociales,Ingeniería en Gestión Pública,429,849
2016,Ciencias Sociales,Orientación Familiar y Relaciones Humanas,58,146
2016,Ciencias Sociales,Otros Profesionales de Ciencias Sociales,147,195
2016,Ciencias Sociales,Otros Técnicos de Ciencias Sociales,169,711
2016,Ciencias Sociales,Periodismo,3015,3707
2016,Ciencias Sociales,Psicología,10042,21792
2016,Ciencias Sociales,Publicidad,2227,1865
2016,Ciencias Sociales,Relaciones Públicas,546,1211
2016,Ciencias Sociales,Sociología,1809,1598
2016,Ciencias Sociales,Trabajo Social,5143,20364
2016,Ciencias Sociales,Técnico en Administración Pública o Municipal,417,983
2016,Ciencias Sociales,Técnico en Comunicación Social,12,4
2016,Ciencias Sociales,Técnico en Prevención y Rehabilitación,171,229
2016,Ciencias Sociales,Técnico en Publicidad,105,68
2016,Ciencias Sociales,Técnico en Relaciones Públicas,439,733
2016,Ciencias Sociales,Técnico en Servicio Social,1741,8409
2016,Derecho,Bachillerato y/o Licenciatura en Derecho,13,28
2016,Derecho,Derecho,18618,19983
2016,Derecho,Ingeniería en Administración Jurídica,3,5
2016,Derecho,Técnico Jurídico,736,2052
2016,Educación,Bachillerato y/o Licenciatura en Educación,85,721
2016,Educación,Otros Profesionales de Educación,996,160
2016,Educación,Otros Técnicos de Educación,48,323
2016,Educación,Pedagogía en Artes y Música,1783,1285
2016,Educación,Pedagogía en Ciencias,1246,1654
2016,Educación,Pedagogía en Educación Básica,1463,8130
2016,Educación,Pedagogía en Educación Diferencial,646,15446
2016,Educación,Pedagogía en Educación Física,10124,4137
2016,Educación,Pedagogía en Educación Media,76,135
2016,Educación,Pedagogía en Educación Tecnológica,1,6
2016,Educación,Pedagogía en Educación Técnico Profesional,98,78
2016,Educación,Pedagogía en Educación de Párvulos,11,12343
2016,Educación,Pedagogía en Filosofía y Religión,608,484
2016,Educación,"Pedagogía en Historia, Geografía y Ciencias Sociales",2627,1708
2016,Educación,Pedagogía en Idiomas,3325,6276
2016,Educación,"Pedagogía en Lenguaje, Comunicación y/o Castellano",1262,2664
2016,Educación,Pedagogía en Matemáticas y Computación,1938,1816
2016,Educación,Programas de Formación Pedagógica,403,469
2016,Educación,Psicopedagogía,1243,12671
2016,Educación,Técnico Asistente del Educador Diferencial,274,7518
2016,Educación,Técnico Asistente del Educador de Párvulos,20,19028
2016,Educación,"Técnico en Deporte, Recreación y Preparación Física",8287,2493
2016,Humanidades,Bachillerato y/o Licenciatura en Humanidades,526,414
2016,Humanidades,Bibliotecología,169,329
2016,Humanidades,Filosofía,361,190
2016,Humanidades,Licenciatura en Letras y Literatura,618,1379
2016,Humanidades,Otros Profesionales de Humanidades,122,4
2016,Humanidades,Otros Técnicos de Humanidades,2,8
2016,Humanidades,Traducción e Interpretación,1398,2826
2016,Humanidades,Técnico en Bibliotecas y Centros de Documentación,100,215
2016,Humanidades,Técnico en Traducción e Interpretariado,370,649
2016,Salud,Bachillerato y/o Licenciatura en Salud,258,521
2016,Salud,Enfermería,7376,33723
2016,Salud,Fonoaudiología,1585,11227
2016,Salud,Kinesiología,10617,11819
2016,Salud,Medicina,7437,7061
2016,Salud,Naturopatía,49,206
2016,Salud,Nutrición y Dietética,1858,14102
2016,Salud,Obstetricia y Puericultura,424,6666
2016,Salud,Odontología,5443,9245
2016,Salud,Otros Profesionales de Salud,69,25
2016,Salud,Otros Técnicos de Salud,177,312
2016,Salud,Química y Farmacia,1936,2580
2016,Salud,Tecnología Médica,4449,6829
2016,Salud,Terapia Ocupacional,1626,8513
2016,Salud,Técnico Dental y Asistente de Odontología,876,5906
2016,Salud,Técnico Laboratorista Dental,340,751
2016,Salud,Técnico en Arsenaleria Quirúrgica,3,17
2016,Salud,Técnico en Enfermería,7599,43137
2016,Salud,Técnico en Farmacia,149,415
2016,Salud,Técnico en Laboratorio Clínico,512,2145
2016,Salud,Técnico en Masoterapia,504,1769
2016,Salud,Técnico en Nutrición y Dietética,126,729
2016,Salud,Técnico en Podología,119,1379
2016,Salud,Técnico en Radiología y Radioterapia,208,482
2016,Salud,Técnico en Terapias Naturales y Naturopatía,152,760
2016,Salud,Técnico en Óptica,24,30
2016,Tecnología,Bachillerato y/o Licenciatura en Tecnología,389,88
2016,Tecnología,Biotecnología,202,170
2016,Tecnología,Construcción Civil,9580,1983
2016,Tecnología,Diseño Industrial,850,772
2016,Tecnología,Ingeniería Agroindustrial,125,116
2016,Tecnología,Ingeniería Civil Agrícola,98,36
2016,Tecnología,Ingeniería Civil Ambiental,416,526
2016,Tecnología,Ingeniería Civil Bioquímica,128,131
2016,Tecnología,Ingeniería Civil Electrónica,1711,138
2016,Tecnología,Ingeniería Civil Eléctrica,2758,238
2016,Tecnología,Ingeniería Civil Industrial,19486,7976
2016,Tecnología,Ingeniería Civil Mecánica,3879,398
2016,Tecnología,Ingeniería Civil Metalúrgica,1835,637
2016,Tecnología,Ingeniería Civil Química,1445,1032
2016,Tecnología,Ingeniería Civil en Agroindustrias,2,0
2016,Tecnología,Ingeniería Civil en Biomédica,278,262
2016,Tecnología,Ingeniería Civil en Biotecnología y/o Bioingeniería,130,123
2016,Tecnología,Ingeniería Civil en Computación e Informática,6982,848
2016,Tecnología,Ingeniería Civil en Energía,40,12
2016,Tecnología,Ingeniería Civil en Geografía,80,53
2016,Tecnología,Ingeniería Civil en Industrias Forestales,58,18
2016,Tecnología,Ingeniería Civil en Materiales,111,46
2016,Tecnología,Ingeniería Civil en Minas,4688,1285
2016,Tecnología,Ingeniería Civil en Obras Civiles,2171,628
2016,Tecnología,Ingeniería Civil en Sonido y Acústica,98,17
2016,Tecnología,Ingeniería Civil en Telemática,187,38
2016,Tecnología,"Ingeniería Civil, plan común y licenciatura en Ciencias de la Ingeniería",11485,3786
2016,Tecnología,Ingeniería Industrial,6422,1704
2016,Tecnología,Ingeniería Marina y Marítimo Portuaria,375,57
2016,Tecnología,Ingeniería Mecánica,6424,297
2016,Tecnología,Ingeniería Naval,208,36
2016,Tecnología,Ingeniería en Alimentos,380,764
2016,Tecnología,"Ingeniería en Automatización, Instrumentación y Control",2870,129
2016,Tecnología,Ingeniería en Biotecnología y Bioingeniería,924,930
2016,Tecnología,Ingeniería en Computación e Informática,16395,1784
2016,Tecnología,Ingeniería en Conectividad y Redes,2218,124
2016,Tecnología,Ingeniería en Construcción,10825,2680
2016,Tecnología,Ingeniería en Electricidad,6291,236
2016,Tecnología,Ingeniería en Electrónica,1297,36
2016,Tecnología,Ingeniería en Energía,35,19
2016,Tecnología,Ingeniería en Geomensura y Cartografía,55,36
2016,Tecnología,Ingeniería en Industria de la Madera,3,3
2016,Tecnología,Ingeniería en Mecatrónica,188,16
2016,Tecnología,Ingeniería en Mecánica Automotriz,11647,277
2016,Tecnología,Ingeniería en Medio Ambiente,951,1186
2016,Tecnología,Ingeniería en Metalurgia,691,327
2016,Tecnología,Ingeniería en Minas,4484,1471
2016,Tecnología,Ingeniería en Prevención de Riesgos,17611,14507
2016,Tecnología,Ingeniería en Proyectos Estructurales,56,16
2016,Tecnología,Ingeniería en Química,603,665
2016,Tecnología,Ingeniería en Recursos Renovables,616,629
2016,Tecnología,Ingeniería en Refrigeración y Climatización,399,32
2016,Tecnología,Ingeniería en Sonido,943,80
2016,Tecnología,Ingeniería en Telecomunicaciones,1424,88
2016,Tecnología,Ingeniería en Transporte y Tránsito,194,72
2016,Tecnología,Otras Ingenierías,527,249
2016,Tecnología,Otras Ingenierías Civiles,1169,443
2016,Tecnología,Otros Profesionales de Tecnología,1207,624
2016,Tecnología,Otros Técnicos de Tecnología,112,14
2016,Tecnología,Química Industrial,134,131
2016,Tecnología,Técnico en Administración de Redes y Soporte,3259,247
2016,Tecnología,Técnico en Agroindustria,66,37
2016,Tecnología,Técnico en Alimentos,356,579
2016,Tecnología,Técnico en Análisis de Sistemas,259,42
2016,Tecnología,Técnico en Biotecnología Industrial,17,18
2016,Tecnología,Técnico en Computación e Informática,10757,1227
2016,Tecnología,Técnico en Construcción y Obras Civiles,14202,2479
2016,Tecnología,Técnico en Dibujo Técnico,152,63
2016,Tecnología,Técnico en Diseño Industrial,52,10
2016,Tecnología,Técnico en Electricidad y Electricidad Industrial,10816,295
2016,Tecnología,Técnico en Electromecánica,1691,47
2016,Tecnología,Técnico en Electrónica y Electrónica Industrial,964,44
2016,Tecnología,Técnico en Energía,388,74
2016,Tecnología,Técnico en Industria Forestal o de la Madera,14,2
2016,Tecnología,"Técnico en Instrumentación, Automatización y Control Industrial",4686,244
2016,Tecnología,Técnico en Mantenimiento Industrial,6590,236
2016,Tecnología,Técnico en Matriceria,12,0
2016,Tecnología,Técnico en Mecatrónica,60,2
2016,Tecnología,Técnico en Mecánica Automotriz,13774,335
2016,Tecnología,Técnico en Mecánica Industrial,1986,61
2016,Tecnología,Técnico en Medio Ambiente (Control y Gestión),203,146
2016,Tecnología,Técnico en Metalurgia,327,218
2016,Tecnología,Técnico en Minería,6089,1879
2016,Tecnología,Técnico en Prevención de Riesgos,14885,13106
2016,Tecnología,Técnico en Procesos Industriales,443,70
2016,Tecnología,"Técnico en Producción, Desarrollo y Diseño Web",132,51
2016,Tecnología,Técnico en Proyecto y Diseño Mecánico,71,15
2016,Tecnología,Técnico en Proyectos de Ingeniería,53,27
2016,Tecnología,Técnico en Refrigeración y Climatización,431,9
2016,Tecnología,Técnico en Sonido,1651,104
2016,Tecnología,Técnico en Telecomunicaciones,2178,162
2016,Tecnología,Técnico en Topografía,3037,726
2016,Tecnología,Técnico en Transporte Marítimo y Puertos,141,75
2017,Administración y Comercio,Administración Gastronómica,2330,2941
2017,Administración y Comercio,Administración Turística y Hotelera,2440,3368
2017,Administración y Comercio,Administración de Empresas e Ing. Asociadas,16057,20546
2017,Administración y Comercio,Bachillerato y/o Licenciatura en Administración y Comercio,6,10
2017,Administración y Comercio,Contador Auditor,10043,13903
2017,Administración y Comercio,Ingeniería Comercial,25478,19184
2017,Administración y Comercio,Ingeniería en Comercio Exterior,1218,1393
2017,Administración y Comercio,Ingeniería en Control de Gestión,1706,1547
2017,Administración y Comercio,Ingeniería en Finanzas,641,856
2017,Administración y Comercio,Ingeniería en Gestión y Control de Calidad,44,56
2017,Administración y Comercio,Ingeniería en Logística,1060,365
2017,Administración y Comercio,Ingeniería en Marketing,1145,1181
2017,Administración y Comercio,Ingeniería en Recursos Humanos,1729,4746
2017,Administración y Comercio,Ingeniería en Seguridad Privada,1374,236
2017,Administración y Comercio,Otros Profesionales de Administración y Comercio,26,43
2017,Administración y Comercio,Otros Técnicos de Administración y Comercio,94,285
2017,Administración y Comercio,Secretariado Bilingüe,33,973
2017,Administración y Comercio,Secretariado Computacional,3,32
2017,Administración y Comercio,Secretariado Ejecutivo,16,263
2017,Administración y Comercio,Técnico Agente o Visitador Médico,80,196
2017,Administración y Comercio,Técnico en Administración Financiera y Finanzas,1784,2674
2017,Administración y Comercio,Técnico en Administración de Empresas,16456,23774
2017,Administración y Comercio,Técnico en Administración de Recursos Humanos y Personal,1884,6188
2017,Administración y Comercio,Técnico en Administración de Ventas,337,389
2017,Administración y Comercio,Técnico en Administración en Marketing,86,110
2017,Administración y Comercio,Técnico en Comercio Exterior,1424,1475
2017,Administración y Comercio,Técnico en Contabilidad Computacional,1,2
2017,Administración y Comercio,Técnico en Contabilidad General,3431,6541
2017,Administración y Comercio,Técnico en Contabilidad Tributaria,9,21
2017,Administración y Comercio,Técnico en Gastronomía y Cocina,5275,6019
2017,Administración y Comercio,Técnico en Gestión y Control de Calidad,88,86
2017,Administración y Comercio,Técnico en Logística,3733,1709
2017,Administración y Comercio,Técnico en Producción de Eventos,329,382
2017,Administración y Comercio,Técnico en Seguridad Privada,18,3
2017,Administración y Comercio,Técnico en Turismo y Hotelería,2623,3790
2017,Agropecuaria,Agronomía,4128,2699
2017,Agropecuaria,Ingeniería Agrícola,1845,905
2017,Agropecuaria,Ingeniería Forestal,351,317
2017,Agropecuaria,Ingeniería de Ejecución Forestal,1,0
2017,Agropecuaria,Ingeniería en Acuicultura y Pesca,111,68
2017,Agropecuaria,Ingeniería en Vitivinicultura,12,2
2017,Agropecuaria,Medicina Veterinaria,2737,6390
2017,Agropecuaria,Técnico Agropecuario,3403,1999
2017,Agropecuaria,Técnico Veterinario,553,1353
2017,Agropecuaria,Técnico en Acuicultura y Pesca,158,100
2017,Agropecuaria,Técnico en Vitivinicultura y/o Enología,107,91
2017,Arte y Arquitectura,Actuación y Teatro,727,1247
2017,Arte y Arquitectura,Animación Digital,800,432
2017,Arte y Arquitectura,Arquitectura,6355,6156
2017,Arte y Arquitectura,Artes y Licenciatura en Artes,855,1926
2017,Arte y Arquitectura,Comunicación Audiovisual y/o Multimedia,1965,924
2017,Arte y Arquitectura,Diseño,1090,3189
2017,Arte y Arquitectura,Diseño Gráfico,3730,3353
2017,Arte y Arquitectura,Diseño Teatral,14,85
2017,Arte y Arquitectura,Diseño de Ambientes e Interiores,123,631
2017,Arte y Arquitectura,Diseño de Vestuario,151,1553
2017,Arte y Arquitectura,Fotografía,226,355
2017,Arte y Arquitectura,"Música, Canto o Danza",2529,1537
2017,Arte y Arquitectura,Otros Profesionales de Arte y Arquitectura,222,791
2017,Arte y Arquitectura,Otros Técnicos de Arte y Arquitectura,413,567
2017,Arte y Arquitectura,Paisajismo,24,53
2017,Arte y Arquitectura,Realizador de Cine y Televisión,691,453
2017,Arte y Arquitectura,Técnico en Ambientes e Interiores,51,129
2017,Arte y Arquitectura,Técnico en Comunicación Audiovisual,1177,369
2017,Arte y Arquitectura,Técnico en Dibujo Arquitectónico,1086,554
2017,Arte y Arquitectura,Técnico en Diseño Gráfico,830,555
2017,Arte y Arquitectura,Técnico en Diseño de Vestuario,19,185
2017,Arte y Arquitectura,Técnico en Diseño de Áreas Verdes y Paisajismo,94,84
2017,Arte y Arquitectura,Técnico en Fotografía,283,330
2017,Arte y Arquitectura,Técnico en Peluquería y Estética,120,3192
2017,Arte y Arquitectura,Técnico en Producción Gráfica y Multimedia,567,273
2017,Arte y Arquitectura,Técnico en Producción de Videojuegos,37,1
2017,Ciencias Básicas,Analista Químico,150,247
2017,Ciencias Básicas,Bachillerato y/o Licenciatura en Ciencias Básicas,2009,2335
2017,Ciencias Básicas,Biología,440,489
2017,Ciencias Básicas,Biología Marina y Ecología Marina,519,583
2017,Ciencias Básicas,Bioquímica,953,1044
2017,Ciencias Básicas,Física y Astronomía,1014,459
2017,Ciencias Básicas,Geología,2290,1457
2017,Ciencias Básicas,Ingeniería Civil Matemática y Estadística,407,105
2017,Ciencias Básicas,Ingeniería Civil en Geomática y Geomensura,41,25
2017,Ciencias Básicas,Ingeniería en Geomensura y Cartografía,1171,374
2017,Ciencias Básicas,Ingeniería en Matemática y Estadística,405,273
2017,Ciencias Básicas,Matemática y/o Estadística,332,162
2017,Ciencias Básicas,Otros Profesionales de Ciencias Básicas,33,35
2017,Ciencias Básicas,Otros Técnicos de Ciencias Básicas,21,23
2017,Ciencias Básicas,Química Ambiental,125,171
2017,Ciencias Básicas,"Química, Licenciado en Química",478,389
2017,Ciencias Básicas,Técnico en Geología,471,240
2017,Ciencias Básicas,Técnico en Geominería,171,115
2017,Ciencias Básicas,Técnico en Química (Análisis e Industrial),454,669
2017,Ciencias Sociales,Administración Pública,2469,2949
2017,Ciencias Sociales,Antropología,809,1167
2017,Ciencias Sociales,Arqueología,115,98
2017,Ciencias Sociales,Bachillerato y/o Licenciatura en Ciencias Sociales,572,700
2017,Ciencias Sociales,Ciencias Políticas,1045,855
2017,Ciencias Sociales,Geografía,1032,826
2017,Ciencias Sociales,Historia,985,725
2017,Ciencias Sociales,Ingeniería en Gestión Pública,538,943
2017,Ciencias Sociales,Orientación Familiar y Relaciones Humanas,30,100
2017,Ciencias Sociales,Otros Profesionales de Ciencias Sociales,104,145
2017,Ciencias Sociales,Otros Técnicos de Ciencias Sociales,117,513
2017,Ciencias Sociales,Periodismo,3241,3753
2017,Ciencias Sociales,Psicología,10445,22886
2017,Ciencias Sociales,Publicidad,2060,1812
2017,Ciencias Sociales,Relaciones Públicas,543,1178
2017,Ciencias Sociales,Sociología,1834,1561
2017,Ciencias Sociales,Trabajo Social,4968,20210
2017,Ciencias Sociales,Técnico en Administración Pública o Municipal,466,1060
2017,Ciencias Sociales,Técnico en Comunicación Social,25,26
2017,Ciencias Sociales,Técnico en Prevención y Rehabilitación,258,332
2017,Ciencias Sociales,Técnico en Publicidad,82,64
2017,Ciencias Sociales,Técnico en Relaciones Públicas,361,678
2017,Ciencias Sociales,Técnico en Servicio Social,2101,10068
2017,Derecho,Bachillerato y/o Licenciatura en Derecho,36,23
2017,Derecho,Derecho,18480,20944
2017,Derecho,Ingeniería en Administración Jurídica,0,1
2017,Derecho,Técnico Jurídico,753,2009
2017,Educación,Bachillerato y/o Licenciatura en Educación,67,943
2017,Educación,Otros Profesionales de Educación,1109,215
2017,Educación,Otros Técnicos de Educación,67,454
2017,Educación,Pedagogía en Artes y Música,1769,1320
2017,Educación,Pedagogía en Ciencias,1243,1639
2017,Educación,Pedagogía en Educación Básica,1313,7250
2017,Educación,Pedagogía en Educación Diferencial,769,15492
2017,Educación,Pedagogía en Educación Física,8614,3684
2017,Educación,Pedagogía en Educación Media,84,147
2017,Educación,Pedagogía en Educación Tecnológica,3,4
2017,Educación,Pedagogía en Educación Técnico Profesional,104,87
2017,Educación,Pedagogía en Educación de Párvulos,82,11785
2017,Educación,Pedagogía en Filosofía y Religión,565,438
2017,Educación,"Pedagogía en Historia, Geografía y Ciencias Sociales",2420,1588
2017,Educación,Pedagogía en Idiomas,3022,5711
2017,Educación,"Pedagogía en Lenguaje, Comunicación y/o Castellano",1275,2614
2017,Educación,Pedagogía en Matemáticas y Computación,1855,1765
2017,Educación,Programas de Formación Pedagógica,425,508
2017,Educación,Psicopedagogía,1220,12087
2017,Educación,Técnico Asistente del Educador Diferencial,326,8215
2017,Educación,Técnico Asistente del Educador de Párvulos,37,23618
2017,Educación,"Técnico en Deporte, Recreación y Preparación Física",8575,2525
2017,Humanidades,Bachillerato y/o Licenciatura en Humanidades,437,382
2017,Humanidades,Bibliotecología,178,351
2017,Humanidades,Filosofía,340,194
2017,Humanidades,Licenciatura en Letras y Literatura,636,1395
2017,Humanidades,Otros Profesionales de Humanidades,150,3
2017,Humanidades,Otros Técnicos de Humanidades,3,10
2017,Humanidades,Traducción e Interpretación,1413,2754
2017,Humanidades,Técnico en Bibliotecas y Centros de Documentación,92,173
2017,Humanidades,Técnico en Traducción e Interpretariado,413,615
2017,Salud,Bachillerato y/o Licenciatura en Salud,248,538
2017,Salud,Enfermería,7452,32925
2017,Salud,Fonoaudiología,1465,11353
2017,Salud,Kinesiología,10149,11512
2017,Salud,Medicina,7584,7441
2017,Salud,Naturopatía,65,255
2017,Salud,Nutrición y Dietética,1945,14214
2017,Salud,Obstetricia y Puericultura,467,7471
2017,Salud,Odontología,5404,9376
2017,Salud,Otros Profesionales de Salud,96,24
2017,Salud,Otros Técnicos de Salud,185,320
2017,Salud,Química y Farmacia,2067,2741
2017,Salud,Tecnología Médica,4735,7346
2017,Salud,Terapia Ocupacional,1771,9520
2017,Salud,Técnico Dental y Asistente de Odontología,938,6151
2017,Salud,Técnico Laboratorista Dental,351,746
2017,Salud,Técnico en Enfermería,7576,40912
2017,Salud,Técnico en Farmacia,203,508
2017,Salud,Técnico en Laboratorio Clínico,480,2041
2017,Salud,Técnico en Masoterapia,492,1628
2017,Salud,Técnico en Nutrición y Dietética,122,651
2017,Salud,Técnico en Podología,116,1372
2017,Salud,Técnico en Radiología y Radioterapia,189,473
2017,Salud,Técnico en Terapias Naturales y Naturopatía,150,764
2017,Salud,Técnico en Óptica,32,19
2017,Tecnología,Bachillerato y/o Licenciatura en Tecnología,399,84
2017,Tecnología,Biotecnología,214,182
2017,Tecnología,Construcción Civil,10319,2202
2017,Tecnología,Diseño Industrial,866,738
2017,Tecnología,Ingeniería Agroindustrial,122,95
2017,Tecnología,Ingeniería Civil Agrícola,114,43
2017,Tecnología,Ingeniería Civil Ambiental,412,526
2017,Tecnología,Ingeniería Civil Bioquímica,120,159
2017,Tecnología,Ingeniería Civil Electrónica,1772,150
2017,Tecnología,Ingeniería Civil Eléctrica,2900,286
2017,Tecnología,Ingeniería Civil Industrial,19405,8195
2017,Tecnología,Ingeniería Civil Mecánica,4019,437
2017,Tecnología,Ingeniería Civil Metalúrgica,1713,645
2017,Tecnología,Ingeniería Civil Química,1489,1061
2017,Tecnología,Ingeniería Civil en Agroindustrias,1,0
2017,Tecnología,Ingeniería Civil en Biomédica,266,267
2017,Tecnología,Ingeniería Civil en Biotecnología y/o Bioingeniería,104,105
2017,Tecnología,Ingeniería Civil en Computación e Informática,7236,860
2017,Tecnología,Ingeniería Civil en Energía,38,8
2017,Tecnología,Ingeniería Civil en Geografía,85,54
2017,Tecnología,Ingeniería Civil en Industrias Forestales,66,18
2017,Tecnología,Ingeniería Civil en Materiales,104,37
2017,Tecnología,Ingeniería Civil en Minas,4394,1262
2017,Tecnología,Ingeniería Civil en Obras Civiles,2266,682
2017,Tecnología,Ingeniería Civil en Sonido y Acústica,91,14
2017,Tecnología,Ingeniería Civil en Telemática,203,42
2017,Tecnología,"Ingeniería Civil, plan común y licenciatura en Ciencias de la Ingeniería",12037,4197
2017,Tecnología,Ingeniería Industrial,7072,1913
2017,Tecnología,Ingeniería Marina y Marítimo Portuaria,401,57
2017,Tecnología,Ingeniería Mecánica,6701,310
2017,Tecnología,Ingeniería Naval,212,35
2017,Tecnología,Ingeniería en Alimentos,394,711
2017,Tecnología,"Ingeniería en Automatización, Instrumentación y Control",2955,140
2017,Tecnología,Ingeniería en Biotecnología y Bioingeniería,953,949
2017,Tecnología,Ingeniería en Computación e Informática,16501,1772
2017,Tecnología,Ingeniería en Conectividad y Redes,2181,154
2017,Tecnología,Ingeniería en Construcción,11178,2907
2017,Tecnología,Ingeniería en Electricidad,6938,290
2017,Tecnología,Ingeniería en Electrónica,1151,42
2017,Tecnología,Ingeniería en Energía,85,41
2017,Tecnología,Ingeniería en Geomensura y Cartografía,44,32
2017,Tecnología,Ingeniería en Industria de la Madera,6,1
2017,Tecnología,Ingeniería en Mecatrónica,47,2
2017,Tecnología,Ingeniería en Mecánica Automotriz,13130,320
2017,Tecnología,Ingeniería en Medio Ambiente,1038,1266
2017,Tecnología,Ingeniería en Metalurgia,676,309
2017,Tecnología,Ingeniería en Minas,4332,1557
2017,Tecnología,Ingeniería en Prevención de Riesgos,13521,11961
2017,Tecnología,Ingeniería en Proyectos Estructurales,77,15
2017,Tecnología,Ingeniería en Química,617,653
2017,Tecnología,Ingeniería en Recursos Renovables,665,703
2017,Tecnología,Ingeniería en Refrigeración y Climatización,466,45
2017,Tecnología,Ingeniería en Sonido,1044,76
2017,Tecnología,Ingeniería en Telecomunicaciones,1483,139
2017,Tecnología,Ingeniería en Transporte y Tránsito,193,68
2017,Tecnología,Otras Ingenierías,524,242
2017,Tecnología,Otras Ingenierías Civiles,1342,470
2017,Tecnología,Otros Profesionales de Tecnología,1198,616
2017,Tecnología,Otros Técnicos de Tecnología,94,11
2017,Tecnología,Química Industrial,141,122
2017,Tecnología,Técnico en Administración de Redes y Soporte,2861,205
2017,Tecnología,Técnico en Agroindustria,32,13
2017,Tecnología,Técnico en Alimentos,292,560
2017,Tecnología,Técnico en Análisis de Sistemas,222,29
2017,Tecnología,Técnico en Biotecnología Industrial,3,3
2017,Tecnología,Técnico en Computación e Informática,10766,1256
2017,Tecnología,Técnico en Construcción y Obras Civiles,14379,2562
2017,Tecnología,Técnico en Dibujo Técnico,140,53
2017,Tecnología,Técnico en Diseño Industrial,57,7
2017,Tecnología,Técnico en Electricidad y Electricidad Industrial,11007,352
2017,Tecnología,Técnico en Electromecánica,1598,43
2017,Tecnología,Técnico en Electrónica y Electrónica Industrial,851,38
2017,Tecnología,Técnico en Energía,569,115
2017,Tecnología,Técnico en Industria Forestal o de la Madera,28,5
2017,Tecnología,"Técnico en Instrumentación, Automatización y Control Industrial",5138,283
2017,Tecnología,Técnico en Mantenimiento Industrial,6563,273
2017,Tecnología,Técnico en Mecatrónica,70,3
2017,Tecnología,Técnico en Mecánica Automotriz,13969,379
2017,Tecnología,Técnico en Mecánica Industrial,1925,60
2017,Tecnología,Técnico en Medio Ambiente (Control y Gestión),272,174
2017,Tecnología,Técnico en Metalurgia,348,347
2017,Tecnología,Técnico en Minería,4334,1506
2017,Tecnología,Técnico en Prevención de Riesgos,8406,7888
2017,Tecnología,Técnico en Procesos Industriales,423,56
2017,Tecnología,"Técnico en Producción, Desarrollo y Diseño Web",110,47
2017,Tecnología,Técnico en Proyecto y Diseño Mecánico,65,11
2017,Tecnología,Técnico en Proyectos de Ingeniería,42,22
2017,Tecnología,Técnico en Refrigeración y Climatización,402,13
2017,Tecnología,Técnico en Sonido,1692,112
2017,Tecnología,Técnico en Telecomunicaciones,1978,157
2017,Tecnología,Técnico en Topografía,3076,806
2017,Tecnología,Técnico en Transporte Marítimo y Puertos,152,101
2018,Administración y Comercio,Administración Gastronómica,2620,3240
2018,Administración y Comercio,Administración Turística y Hotelera,2570,3840
2018,Administración y Comercio,Administración de Empresas e Ing. Asociadas,16016,21292
2018,Administración y Comercio,Bachillerato y/o Licenciatura en Administración y Comercio,8,18
2018,Administración y Comercio,Contador Auditor,10446,14611
2018,Administración y Comercio,Ingeniería Comercial,26471,19666
2018,Administración y Comercio,Ingeniería en Comercio Exterior,1380,1593
2018,Administración y Comercio,Ingeniería en Control de Gestión,1757,1664
2018,Administración y Comercio,Ingeniería en Finanzas,778,1108
2018,Administración y Comercio,Ingeniería en Gestión y Control de Calidad,41,49
2018,Administración y Comercio,Ingeniería en Logística,1225,499
2018,Administración y Comercio,Ingeniería en Marketing,1201,1178
2018,Administración y Comercio,Ingeniería en Recursos Humanos,1702,4927
2018,Administración y Comercio,Ingeniería en Seguridad Privada,1433,262
2018,Administración y Comercio,Otros Profesionales de Administración y Comercio,26,42
2018,Administración y Comercio,Otros Técnicos de Administración y Comercio,107,371
2018,Administración y Comercio,Secretariado Bilingüe,27,664
2018,Administración y Comercio,Secretariado Computacional,1,34
2018,Administración y Comercio,Secretariado Ejecutivo,11,258
2018,Administración y Comercio,Técnico Agente o Visitador Médico,56,145
2018,Administración y Comercio,Técnico en Administración Financiera y Finanzas,1526,2330
2018,Administración y Comercio,Técnico en Administración de Empresas,16482,23969
2018,Administración y Comercio,Técnico en Administración de Recursos Humanos y Personal,1681,5553
2018,Administración y Comercio,Técnico en Administración de Ventas,305,404
2018,Administración y Comercio,Técnico en Administración en Marketing,87,112
2018,Administración y Comercio,Técnico en Comercio Exterior,1375,1376
2018,Administración y Comercio,Técnico en Contabilidad Computacional,1,4
2018,Administración y Comercio,Técnico en Contabilidad General,3343,6509
2018,Administración y Comercio,Técnico en Contabilidad Tributaria,14,37
2018,Administración y Comercio,Técnico en Gastronomía y Cocina,5313,5964
2018,Administración y Comercio,Técnico en Gestión y Control de Calidad,81,102
2018,Administración y Comercio,Técnico en Logística,4240,2377
2018,Administración y Comercio,Técnico en Producción de Eventos,292,307
2018,Administración y Comercio,Técnico en Seguridad Privada,127,14
2018,Administración y Comercio,Técnico en Turismo y Hotelería,2715,4122
2018,Agropecuaria,Agronomía,4182,2810
2018,Agropecuaria,Ingeniería Agrícola,2066,1096
2018,Agropecuaria,Ingeniería Forestal,350,322
2018,Agropecuaria,Ingeniería en Acuicultura y Pesca,71,46
2018,Agropecuaria,Ingeniería en Vitivinicultura,4,2
2018,Agropecuaria,Medicina Veterinaria,2855,6978
2018,Agropecuaria,Técnico Agropecuario,3512,2161
2018,Agropecuaria,Técnico Veterinario,639,1510
2018,Agropecuaria,Técnico en Acuicultura y Pesca,186,97
2018,Agropecuaria,Técnico en Vitivinicultura y/o Enología,119,111
2018,Arte y Arquitectura,Actuación y Teatro,720,1198
2018,Arte y Arquitectura,Animación Digital,915,535
2018,Arte y Arquitectura,Arquitectura,6487,6390
2018,Arte y Arquitectura,Artes y Licenciatura en Artes,902,2019
2018,Arte y Arquitectura,Comunicación Audiovisual y/o Multimedia,2054,1050
2018,Arte y Arquitectura,Diseño,1116,3317
2018,Arte y Arquitectura,Diseño Gráfico,3855,3492
2018,Arte y Arquitectura,Diseño Teatral,15,88
2018,Arte y Arquitectura,Diseño de Ambientes e Interiores,124,634
2018,Arte y Arquitectura,Diseño de Vestuario,154,1544
2018,Arte y Arquitectura,Fotografía,236,355
2018,Arte y Arquitectura,"Música, Canto o Danza",2695,1701
2018,Arte y Arquitectura,Otros Profesionales de Arte y Arquitectura,324,999
2018,Arte y Arquitectura,Otros Técnicos de Arte y Arquitectura,439,611
2018,Arte y Arquitectura,Paisajismo,27,59
2018,Arte y Arquitectura,Realizador de Cine y Televisión,756,508
2018,Arte y Arquitectura,Técnico en Ambientes e Interiores,50,112
2018,Arte y Arquitectura,Técnico en Comunicación Audiovisual,1116,347
2018,Arte y Arquitectura,Técnico en Dibujo Arquitectónico,1010,519
2018,Arte y Arquitectura,Técnico en Diseño Gráfico,655,428
2018,Arte y Arquitectura,Técnico en Diseño de Vestuario,21,217
2018,Arte y Arquitectura,Técnico en Diseño de Áreas Verdes y Paisajismo,97,73
2018,Arte y Arquitectura,Técnico en Fotografía,244,265
2018,Arte y Arquitectura,Técnico en Peluquería y Estética,161,3772
2018,Arte y Arquitectura,Técnico en Producción Gráfica y Multimedia,528,326
2018,Arte y Arquitectura,Técnico en Producción de Videojuegos,38,1
2018,Ciencias Básicas,Analista Químico,166,218
2018,Ciencias Básicas,Bachillerato y/o Licenciatura en Ciencias Básicas,1846,2244
2018,Ciencias Básicas,Biología,442,518
2018,Ciencias Básicas,Biología Marina y Ecología Marina,528,640
2018,Ciencias Básicas,Bioquímica,961,1091
2018,Ciencias Básicas,Física y Astronomía,1116,492
2018,Ciencias Básicas,Geología,2287,1459
2018,Ciencias Básicas,Ingeniería Civil Matemática y Estadística,406,127
2018,Ciencias Básicas,Ingeniería Civil en Geomática y Geomensura,47,31
2018,Ciencias Básicas,Ingeniería en Geomensura y Cartografía,1236,444
2018,Ciencias Básicas,Ingeniería en Matemática y Estadística,383,278
2018,Ciencias Básicas,Matemática y/o Estadística,367,171
2018,Ciencias Básicas,Otros Profesionales de Ciencias Básicas,39,36
2018,Ciencias Básicas,Otros Técnicos de Ciencias Básicas,27,25
2018,Ciencias Básicas,Química Ambiental,128,171
2018,Ciencias Básicas,"Química, Licenciado en Química",489,414
2018,Ciencias Básicas,Técnico en Geología,407,239
2018,Ciencias Básicas,Técnico en Geominería,128,86
2018,Ciencias Básicas,Técnico en Química (Análisis e Industrial),433,633
2018,Ciencias Sociales,Administración Pública,2757,3576
2018,Ciencias Sociales,Antropología,793,1193
2018,Ciencias Sociales,Arqueología,116,114
2018,Ciencias Sociales,Bachillerato y/o Licenciatura en Ciencias Sociales,693,774
2018,Ciencias Sociales,Ciencias Políticas,1025,871
2018,Ciencias Sociales,Geografía,1041,812
2018,Ciencias Sociales,Historia,1050,755
2018,Ciencias Sociales,Ingeniería en Gestión Pública,594,1076
2018,Ciencias Sociales,Orientación Familiar y Relaciones Humanas,28,67
2018,Ciencias Sociales,Otros Profesionales de Ciencias Sociales,127,215
2018,Ciencias Sociales,Otros Técnicos de Ciencias Sociales,123,584
2018,Ciencias Sociales,Periodismo,3378,3750
2018,Ciencias Sociales,Psicología,10964,23866
2018,Ciencias Sociales,Publicidad,2077,1852
2018,Ciencias Sociales,Relaciones Públicas,547,1156
2018,Ciencias Sociales,Sociología,1789,1532
2018,Ciencias Sociales,Trabajo Social,4829,20143
2018,Ciencias Sociales,Técnico en Administración Pública o Municipal,594,1134
2018,Ciencias Sociales,Técnico en Comunicación Social,39,37
2018,Ciencias Sociales,Técnico en Prevención y Rehabilitación,365,526
2018,Ciencias Sociales,Técnico en Publicidad,59,36
2018,Ciencias Sociales,Técnico en Relaciones Públicas,290,563
2018,Ciencias Sociales,Técnico en Servicio Social,2304,10796
2018,Derecho,Bachillerato y/o Licenciatura en Derecho,19,15
2018,Derecho,Derecho,18699,21322
2018,Derecho,Técnico Jurídico,726,2047
2018,Educación,Bachillerato y/o Licenciatura en Educación,51,1229
2018,Educación,Otros Profesionales de Educación,1255,258
2018,Educación,Otros Técnicos de Educación,54,510
2018,Educación,Pedagogía en Artes y Música,1789,1364
2018,Educación,Pedagogía en Ciencias,1302,1756
2018,Educación,Pedagogía en Educación Básica,1286,7057
2018,Educación,Pedagogía en Educación Diferencial,709,16101
2018,Educación,Pedagogía en Educación Física,8032,3434
2018,Educación,Pedagogía en Educación Media,76,110
2018,Educación,Pedagogía en Educación Tecnológica,2,4
2018,Educación,Pedagogía en Educación Técnico Profesional,130,114
2018,Educación,Pedagogía en Educación de Párvulos,20,12040
2018,Educación,Pedagogía en Filosofía y Religión,519,399
2018,Educación,"Pedagogía en Historia, Geografía y Ciencias Sociales",2351,1634
2018,Educación,Pedagogía en Idiomas,2961,5595
2018,Educación,"Pedagogía en Lenguaje, Comunicación y/o Castellano",1307,2762
2018,Educación,Pedagogía en Matemáticas y Computación,1933,1815
2018,Educación,Programas de Formación Pedagógica,358,474
2018,Educación,Psicopedagogía,1145,10849
2018,Educación,Técnico Asistente del Educador Diferencial,401,9238
2018,Educación,Técnico Asistente del Educador de Párvulos,44,27160
2018,Educación,"Técnico en Deporte, Recreación y Preparación Física",8867,2672
2018,Humanidades,Bachillerato y/o Licenciatura en Humanidades,417,357
2018,Humanidades,Bibliotecología,180,364
2018,Humanidades,Filosofía,358,191
2018,Humanidades,Licenciatura en Letras y Literatura,656,1410
2018,Humanidades,Otros Profesionales de Humanidades,165,8
2018,Humanidades,Otros Técnicos de Humanidades,0,4
2018,Humanidades,Traducción e Interpretación,1379,2651
2018,Humanidades,Técnico en Bibliotecas y Centros de Documentación,89,196
2018,Humanidades,Técnico en Traducción e Interpretariado,487,654
2018,Salud,Bachillerato y/o Licenciatura en Salud,279,562
2018,Salud,Enfermería,7257,31696
2018,Salud,Fonoaudiología,1372,11101
2018,Salud,Kinesiología,9758,11203
2018,Salud,Medicina,7726,8081
2018,Salud,Naturopatía,73,288
2018,Salud,Nutrición y Dietética,2066,14158
2018,Salud,Obstetricia y Puericultura,479,8235
2018,Salud,Odontología,5173,9312
2018,Salud,Otros Profesionales de Salud,105,24
2018,Salud,Otros Técnicos de Salud,218,368
2018,Salud,Química y Farmacia,2306,3122
2018,Salud,Tecnología Médica,5081,7924
2018,Salud,Terapia Ocupacional,1959,10713
2018,Salud,Técnico Dental y Asistente de Odontología,930,6284
2018,Salud,Técnico Laboratorista Dental,353,724
2018,Salud,Técnico en Enfermería,7472,39463
2018,Salud,Técnico en Farmacia,271,665
2018,Salud,Técnico en Laboratorio Clínico,492,1984
2018,Salud,Técnico en Masoterapia,507,1524
2018,Salud,Técnico en Nutrición y Dietética,81,427
2018,Salud,Técnico en Podología,114,1306
2018,Salud,Técnico en Radiología y Radioterapia,190,468
2018,Salud,Técnico en Terapias Naturales y Naturopatía,126,690
2018,Salud,Técnico en Óptica,30,30
2018,Tecnología,Bachillerato y/o Licenciatura en Tecnología,437,96
2018,Tecnología,Biotecnología,217,180
2018,Tecnología,Construcción Civil,10986,2440
2018,Tecnología,Diseño Industrial,825,732
2018,Tecnología,Ingeniería Agroindustrial,139,117
2018,Tecnología,Ingeniería Civil Agrícola,121,44
2018,Tecnología,Ingeniería Civil Ambiental,444,547
2018,Tecnología,Ingeniería Civil Bioquímica,126,164
2018,Tecnología,Ingeniería Civil Electrónica,1877,171
2018,Tecnología,Ingeniería Civil Eléctrica,3067,295
2018,Tecnología,Ingeniería Civil Industrial,19487,8397
2018,Tecnología,Ingeniería Civil Mecánica,4163,472
2018,Tecnología,Ingeniería Civil Metalúrgica,1671,653
2018,Tecnología,Ingeniería Civil Química,1530,1091
2018,Tecnología,Ingeniería Civil en Biomédica,277,284
2018,Tecnología,Ingeniería Civil en Biotecnología y/o Bioingeniería,108,107
2018,Tecnología,Ingeniería Civil en Computación e Informática,7647,859
2018,Tecnología,Ingeniería Civil en Energía,77,21
2018,Tecnología,Ingeniería Civil en Geografía,80,62
2018,Tecnología,Ingeniería Civil en Industrias Forestales,60,23
2018,Tecnología,Ingeniería Civil en Materiales,108,34
2018,Tecnología,Ingeniería Civil en Minas,4201,1291
2018,Tecnología,Ingeniería Civil en Obras Civiles,2190,708
2018,Tecnología,Ingeniería Civil en Sonido y Acústica,104,14
2018,Tecnología,Ingeniería Civil en Telemática,226,32
2018,Tecnología,"Ingeniería Civil, plan común y licenciatura en Ciencias de la Ingeniería",12086,4412
2018,Tecnología,Ingeniería Industrial,7634,2018
2018,Tecnología,Ingeniería Marina y Marítimo Portuaria,412,62
2018,Tecnología,Ingeniería Mecánica,6836,352
2018,Tecnología,Ingeniería Naval,202,36
2018,Tecnología,Ingeniería en Alimentos,394,683
2018,Tecnología,"Ingeniería en Automatización, Instrumentación y Control",2988,157
2018,Tecnología,Ingeniería en Biotecnología y Bioingeniería,990,992
2018,Tecnología,Ingeniería en Computación e Informática,16971,1821
2018,Tecnología,Ingeniería en Conectividad y Redes,2372,190
2018,Tecnología,Ingeniería en Construcción,11315,3048
2018,Tecnología,Ingeniería en Electricidad,7480,358
2018,Tecnología,Ingeniería en Electrónica,1001,43
2018,Tecnología,Ingeniería en Energía,125,63
2018,Tecnología,Ingeniería en Geomensura y Cartografía,43,32
2018,Tecnología,Ingeniería en Industria de la Madera,3,1
2018,Tecnología,Ingeniería en Mecatrónica,39,3
2018,Tecnología,Ingeniería en Mecánica Automotriz,14544,408
2018,Tecnología,Ingeniería en Medio Ambiente,1117,1358
2018,Tecnología,Ingeniería en Metalurgia,681,334
2018,Tecnología,Ingeniería en Minas,4052,1542
2018,Tecnología,Ingeniería en Prevención de Riesgos,10204,9203
2018,Tecnología,Ingeniería en Proyectos Estructurales,82,15
2018,Tecnología,Ingeniería en Química,670,686
2018,Tecnología,Ingeniería en Recursos Renovables,688,744
2018,Tecnología,Ingeniería en Refrigeración y Climatización,526,52
2018,Tecnología,Ingeniería en Sonido,1171,85
2018,Tecnología,Ingeniería en Telecomunicaciones,1664,175
2018,Tecnología,Ingeniería en Transporte y Tránsito,201,60
2018,Tecnología,Otras Ingenierías,609,327
2018,Tecnología,Otras Ingenierías Civiles,1355,451
2018,Tecnología,Otros Profesionales de Tecnología,1181,599
2018,Tecnología,Otros Técnicos de Tecnología,91,7
2018,Tecnología,Química Industrial,150,138
2018,Tecnología,Técnico en Administración de Redes y Soporte,2406,174
2018,Tecnología,Técnico en Agroindustria,15,6
2018,Tecnología,Técnico en Alimentos,251,601
2018,Tecnología,Técnico en Análisis de Sistemas,127,21
2018,Tecnología,Técnico en Computación e Informática,10728,1223
2018,Tecnología,Técnico en Construcción y Obras Civiles,13338,2501
2018,Tecnología,Técnico en Dibujo Técnico,96,46
2018,Tecnología,Técnico en Diseño Industrial,48,7
2018,Tecnología,Técnico en Electricidad y Electricidad Industrial,11061,379
2018,Tecnología,Técnico en Electromecánica,1842,71
2018,Tecnología,Técnico en Electrónica y Electrónica Industrial,793,44
2018,Tecnología,Técnico en Energía,881,183
2018,Tecnología,Técnico en Industria Forestal o de la Madera,20,4
2018,Tecnología,"Técnico en Instrumentación, Automatización y Control Industrial",5820,367
2018,Tecnología,Técnico en Mantenimiento Industrial,6267,317
2018,Tecnología,Técnico en Matriceria,2,0
2018,Tecnología,Técnico en Mecatrónica,60,3
2018,Tecnología,Técnico en Mecánica Automotriz,14045,416
2018,Tecnología,Técnico en Mecánica Industrial,2045,66
2018,Tecnología,Técnico en Medio Ambiente (Control y Gestión),308,227
2018,Tecnología,Técnico en Metalurgia,265,210
2018,Tecnología,Técnico en Minería,3524,1187
2018,Tecnología,Técnico en Prevención de Riesgos,4610,4789
2018,Tecnología,Técnico en Procesos Industriales,334,34
2018,Tecnología,"Técnico en Producción, Desarrollo y Diseño Web",121,60
2018,Tecnología,Técnico en Proyecto y Diseño Mecánico,73,7
2018,Tecnología,Técnico en Proyectos de Ingeniería,48,24
2018,Tecnología,Técnico en Refrigeración y Climatización,397,20
2018,Tecnología,Técnico en Sonido,1651,114
2018,Tecnología,Técnico en Telecomunicaciones,1811,148
2018,Tecnología,Técnico en Topografía,2833,786
2018,Tecnología,Técnico en Transporte Marítimo y Puertos,134,113
2019,Administración y Comercio,Administración Gastronómica,2987,3641
2019,Administración y Comercio,Administración Turística y Hotelera,2947,4300
2019,Administración y Comercio,Administración de Empresas e Ing. Asociadas,15296,21509
2019,Administración y Comercio,Bachillerato y/o Licenciatura en Administración y Comercio,1,8
2019,Administración y Comercio,Contador Auditor,10489,15082
2019,Administración y Comercio,Ingeniería Comercial,26648,19882
2019,Administración y Comercio,Ingeniería en Comercio Exterior,1566,1931
2019,Administración y Comercio,Ingeniería en Control de Gestión,1916,1862
2019,Administración y Comercio,Ingeniería en Finanzas,872,1393
2019,Administración y Comercio,Ingeniería en Gestión y Control de Calidad,39,49
2019,Administración y Comercio,Ingeniería en Logística,1617,932
2019,Administración y Comercio,Ingeniería en Marketing,1407,1347
2019,Administración y Comercio,Ingeniería en Recursos Humanos,1739,5246
2019,Administración y Comercio,Ingeniería en Seguridad Privada,1700,329
2019,Administración y Comercio,Otros Profesionales de Administración y Comercio,31,57
2019,Administración y Comercio,Otros Técnicos de Administración y Comercio,135,386
2019,Administración y Comercio,Secretariado Bilingüe,32,509
2019,Administración y Comercio,Secretariado Computacional,1,63
2019,Administración y Comercio,Secretariado Ejecutivo,6,151
2019,Administración y Comercio,Técnico Agente o Visitador Médico,38,77
2019,Administración y Comercio,Técnico en Administración Financiera y Finanzas,1247,1765
2019,Administración y Comercio,Técnico en Administración de Empresas,15616,22973
2019,Administración y Comercio,Técnico en Administración de Recursos Humanos y Personal,1508,4937
2019,Administración y Comercio,Técnico en Administración de Ventas,266,322
2019,Administración y Comercio,Técnico en Administración en Marketing,182,168
2019,Administración y Comercio,Técnico en Comercio Exterior,1391,1388
2019,Administración y Comercio,Técnico en Contabilidad Computacional,0,1
2019,Administración y Comercio,Técnico en Contabilidad General,3122,6310
2019,Administración y Comercio,Técnico en Contabilidad Tributaria,27,76
2019,Administración y Comercio,Técnico en Gastronomía y Cocina,5413,5865
2019,Administración y Comercio,Técnico en Gestión y Control de Calidad,69,70
2019,Administración y Comercio,Técnico en Logística,5171,2886
2019,Administración y Comercio,Técnico en Producción de Eventos,192,176
2019,Administración y Comercio,Técnico en Seguridad Privada,171,19
2019,Administración y Comercio,Técnico en Turismo y Hotelería,2781,3699
2019,Agropecuaria,Agronomía,4247,2872
2019,Agropecuaria,Ingeniería Agrícola,2343,1399
2019,Agropecuaria,Ingeniería Forestal,328,295
2019,Agropecuaria,Ingeniería de Ejecución Forestal,1,0
2019,Agropecuaria,Ingeniería en Acuicultura y Pesca,38,28
2019,Agropecuaria,Ingeniería en Vitivinicultura,13,4
2019,Agropecuaria,Medicina Veterinaria,3102,7869
2019,Agropecuaria,Técnico Agropecuario,3579,2187
2019,Agropecuaria,Técnico Veterinario,738,1797
2019,Agropecuaria,Técnico en Acuicultura y Pesca,184,102
2019,Agropecuaria,Técnico en Vitivinicultura y/o Enología,118,127
2019,Arte y Arquitectura,Actuación y Teatro,694,1213
2019,Arte y Arquitectura,Animación Digital,977,644
2019,Arte y Arquitectura,Arquitectura,6546,6532
2019,Arte y Arquitectura,Artes y Licenciatura en Artes,928,2100
2019,Arte y Arquitectura,Comunicación Audiovisual y/o Multimedia,2071,973
2019,Arte y Arquitectura,Diseño,1149,3525
2019,Arte y Arquitectura,Diseño Gráfico,3956,3683
2019,Arte y Arquitectura,Diseño Teatral,16,100
2019,Arte y Arquitectura,Diseño de Ambientes e Interiores,115,601
2019,Arte y Arquitectura,Diseño de Vestuario,191,1425
2019,Arte y Arquitectura,Fotografía,225,359
2019,Arte y Arquitectura,"Música, Canto o Danza",2902,1825
2019,Arte y Arquitectura,Otros Profesionales de Arte y Arquitectura,401,1412
2019,Arte y Arquitectura,Otros Técnicos de Arte y Arquitectura,419,615
2019,Arte y Arquitectura,Paisajismo,20,44
2019,Arte y Arquitectura,Realizador de Cine y Televisión,847,549
2019,Arte y Arquitectura,Técnico en Ambientes e Interiores,47,105
2019,Arte y Arquitectura,Técnico en Comunicación Audiovisual,1055,339
2019,Arte y Arquitectura,Técnico en Dibujo Arquitectónico,961,531
2019,Arte y Arquitectura,Técnico en Diseño Gráfico,544,410
2019,Arte y Arquitectura,Técnico en Diseño de Vestuario,31,268
2019,Arte y Arquitectura,Técnico en Diseño de Áreas Verdes y Paisajismo,79,64
2019,Arte y Arquitectura,Técnico en Fotografía,204,191
2019,Arte y Arquitectura,Técnico en Peluquería y Estética,207,4631
2019,Arte y Arquitectura,Técnico en Producción Gráfica y Multimedia,538,351
2019,Arte y Arquitectura,Técnico en Producción de Videojuegos,15,0
2019,Ciencias Básicas,Analista Químico,178,262
2019,Ciencias Básicas,Bachillerato y/o Licenciatura en Ciencias Básicas,1894,2258
2019,Ciencias Básicas,Biología,455,538
2019,Ciencias Básicas,Biología Marina y Ecología Marina,601,675
2019,Ciencias Básicas,Bioquímica,1033,1164
2019,Ciencias Básicas,Física y Astronomía,1206,503
2019,Ciencias Básicas,Geología,2272,1432
2019,Ciencias Básicas,Ingeniería Civil Matemática y Estadística,461,145
2019,Ciencias Básicas,Ingeniería Civil en Geomática y Geomensura,49,28
2019,Ciencias Básicas,Ingeniería en Geomensura y Cartografía,1227,453
2019,Ciencias Básicas,Ingeniería en Matemática y Estadística,398,271
2019,Ciencias Básicas,Matemática y/o Estadística,389,168
2019,Ciencias Básicas,Otros Profesionales de Ciencias Básicas,40,46
2019,Ciencias Básicas,Otros Técnicos de Ciencias Básicas,26,19
2019,Ciencias Básicas,Química Ambiental,122,181
2019,Ciencias Básicas,"Química, Licenciado en Química",510,436
2019,Ciencias Básicas,Técnico en Geología,356,221
2019,Ciencias Básicas,Técnico en Geominería,107,77
2019,Ciencias Básicas,Técnico en Química (Análisis e Industrial),388,568
2019,Ciencias Sociales,Administración Pública,3203,4392
2019,Ciencias Sociales,Antropología,812,1237
2019,Ciencias Sociales,Arqueología,150,126
2019,Ciencias Sociales,Bachillerato y/o Licenciatura en Ciencias Sociales,726,856
2019,Ciencias Sociales,Ciencias Políticas,948,913
2019,Ciencias Sociales,Geografía,1072,814
2019,Ciencias Sociales,Historia,1059,792
2019,Ciencias Sociales,Ingeniería en Gestión Pública,647,1209
2019,Ciencias Sociales,Orientación Familiar y Relaciones Humanas,13,31
2019,Ciencias Sociales,Otros Profesionales de Ciencias Sociales,127,268
2019,Ciencias Sociales,Otros Técnicos de Ciencias Sociales,153,630
2019,Ciencias Sociales,Periodismo,3596,3959
2019,Ciencias Sociales,Psicología,11606,25280
2019,Ciencias Sociales,Publicidad,2065,1958
2019,Ciencias Sociales,Relaciones Públicas,518,1063
2019,Ciencias Sociales,Sociología,1839,1623
2019,Ciencias Sociales,Trabajo Social,4953,20244
2019,Ciencias Sociales,Técnico en Administración Pública o Municipal,751,1507
2019,Ciencias Sociales,Técnico en Comunicación Social,27,21
2019,Ciencias Sociales,Técnico en Prevención y Rehabilitación,439,833
2019,Ciencias Sociales,Técnico en Publicidad,47,27
2019,Ciencias Sociales,Técnico en Relaciones Públicas,232,532
2019,Ciencias Sociales,Técnico en Servicio Social,2331,11292
2019,Derecho,Bachillerato y/o Licenciatura en Derecho,12,13
2019,Derecho,Derecho,19264,22426
2019,Derecho,Ingeniería en Administración Jurídica,1,0
2019,Derecho,Técnico Jurídico,790,2064
2019,Educación,Bachillerato y/o Licenciatura en Educación,66,1329
2019,Educación,Otros Profesionales de Educación,1447,294
2019,Educación,Otros Técnicos de Educación,80,665
2019,Educación,Pedagogía en Artes y Música,1771,1368
2019,Educación,Pedagogía en Ciencias,1369,1790
2019,Educación,Pedagogía en Educación Básica,1346,7092
2019,Educación,Pedagogía en Educación Diferencial,634,13650
2019,Educación,Pedagogía en Educación Física,7450,3245
2019,Educación,Pedagogía en Educación Media,68,70
2019,Educación,Pedagogía en Educación Tecnológica,0,5
2019,Educación,Pedagogía en Educación Técnico Profesional,103,95
2019,Educación,Pedagogía en Educación de Párvulos,15,10957
2019,Educación,Pedagogía en Filosofía y Religión,450,371
2019,Educación,"Pedagogía en Historia, Geografía y Ciencias Sociales",2298,1623
2019,Educación,Pedagogía en Idiomas,2811,5527
2019,Educación,"Pedagogía en Lenguaje, Comunicación y/o Castellano",1374,2918
2019,Educación,Pedagogía en Matemáticas y Computación,2088,1857
2019,Educación,Programas de Formación Pedagógica,407,435
2019,Educación,Psicopedagogía,1086,10472
2019,Educación,Técnico Asistente del Educador Diferencial,420,10250
2019,Educación,Técnico Asistente del Educador de Párvulos,35,29463
2019,Educación,"Técnico en Deporte, Recreación y Preparación Física",8766,2757
2019,Humanidades,Bachillerato y/o Licenciatura en Humanidades,424,343
2019,Humanidades,Bibliotecología,164,358
2019,Humanidades,Filosofía,391,197
2019,Humanidades,Licenciatura en Letras y Literatura,678,1423
2019,Humanidades,Otros Profesionales de Humanidades,148,8
2019,Humanidades,Otros Técnicos de Humanidades,0,3
2019,Humanidades,Traducción e Interpretación,1309,2482
2019,Humanidades,Técnico en Bibliotecas y Centros de Documentación,72,174
2019,Humanidades,Técnico en Traducción e Interpretariado,425,607
2019,Salud,Bachillerato y/o Licenciatura en Salud,293,657
2019,Salud,Enfermería,6977,30328
2019,Salud,Fonoaudiología,1269,10487
2019,Salud,Kinesiología,9543,10763
2019,Salud,Medicina,7785,8544
2019,Salud,Naturopatía,33,159
2019,Salud,Nutrición y Dietética,2129,13329
2019,Salud,Obstetricia y Puericultura,510,9078
2019,Salud,Odontología,4994,9354
2019,Salud,Otros Profesionales de Salud,49,12
2019,Salud,Otros Técnicos de Salud,80,134
2019,Salud,Química y Farmacia,2639,3568
2019,Salud,Tecnología Médica,5472,8361
2019,Salud,Terapia Ocupacional,2063,11423
2019,Salud,Técnico Dental y Asistente de Odontología,989,6417
2019,Salud,Técnico Laboratorista Dental,334,724
2019,Salud,Técnico en Enfermería,7224,38043
2019,Salud,Técnico en Farmacia,410,1118
2019,Salud,Técnico en Laboratorio Clínico,509,1975
2019,Salud,Técnico en Masoterapia,400,1232
2019,Salud,Técnico en Nutrición y Dietética,48,244
2019,Salud,Técnico en Podología,137,1483
2019,Salud,Técnico en Radiología y Radioterapia,203,503
2019,Salud,Técnico en Terapias Naturales y Naturopatía,104,599
2019,Salud,Técnico en Óptica,23,24
2019,Tecnología,Bachillerato y/o Licenciatura en Tecnología,336,67
2019,Tecnología,Biotecnología,229,190
2019,Tecnología,Construcción Civil,11403,2505
2019,Tecnología,Diseño Industrial,795,723
2019,Tecnología,Ingeniería Agroindustrial,112,88
2019,Tecnología,Ingeniería Civil Agrícola,113,41
2019,Tecnología,Ingeniería Civil Ambiental,422,513
2019,Tecnología,Ingeniería Civil Bioquímica,131,178
2019,Tecnología,Ingeniería Civil Electrónica,1968,171
2019,Tecnología,Ingeniería Civil Eléctrica,3292,320
2019,Tecnología,Ingeniería Civil Industrial,19099,8365
2019,Tecnología,Ingeniería Civil Mecánica,4102,504
2019,Tecnología,Ingeniería Civil Metalúrgica,1502,593
2019,Tecnología,Ingeniería Civil Química,1580,1144
2019,Tecnología,Ingeniería Civil en Biomédica,280,305
2019,Tecnología,Ingeniería Civil en Biotecnología y/o Bioingeniería,100,106
2019,Tecnología,Ingeniería Civil en Computación e Informática,8171,898
2019,Tecnología,Ingeniería Civil en Energía,65,20
2019,Tecnología,Ingeniería Civil en Geografía,83,57
2019,Tecnología,Ingeniería Civil en Industrias Forestales,54,15
2019,Tecnología,Ingeniería Civil en Materiales,100,31
2019,Tecnología,Ingeniería Civil en Minas,4007,1316
2019,Tecnología,Ingeniería Civil en Obras Civiles,2200,729
2019,Tecnología,Ingeniería Civil en Sonido y Acústica,106,13
2019,Tecnología,Ingeniería Civil en Telemática,302,45
2019,Tecnología,"Ingeniería Civil, plan común y licenciatura en Ciencias de la Ingeniería",12916,4835
2019,Tecnología,Ingeniería Industrial,8174,2169
2019,Tecnología,Ingeniería Marina y Marítimo Portuaria,407,67
2019,Tecnología,Ingeniería Mecánica,6940,367
2019,Tecnología,Ingeniería Naval,200,42
2019,Tecnología,Ingeniería en Alimentos,399,694
2019,Tecnología,"Ingeniería en Automatización, Instrumentación y Control",3075,161
2019,Tecnología,Ingeniería en Biotecnología y Bioingeniería,1049,1037
2019,Tecnología,Ingeniería en Computación e Informática,17460,1939
2019,Tecnología,Ingeniería en Conectividad y Redes,2913,268
2019,Tecnología,Ingeniería en Construcción,11248,3159
2019,Tecnología,Ingeniería en Electricidad,7904,390
2019,Tecnología,Ingeniería en Electrónica,855,43
2019,Tecnología,Ingeniería en Energía,148,73
2019,Tecnología,Ingeniería en Geomensura y Cartografía,24,20
2019,Tecnología,Ingeniería en Mecatrónica,36,5
2019,Tecnología,Ingeniería en Mecánica Automotriz,15887,530
2019,Tecnología,Ingeniería en Medio Ambiente,1209,1445
2019,Tecnología,Ingeniería en Metalurgia,657,330
2019,Tecnología,Ingeniería en Minas,3575,1514
2019,Tecnología,Ingeniería en Prevención de Riesgos,7346,6876
2019,Tecnología,Ingeniería en Proyectos Estructurales,96,22
2019,Tecnología,Ingeniería en Química,744,808
2019,Tecnología,Ingeniería en Recursos Renovables,737,846
2019,Tecnología,Ingeniería en Refrigeración y Climatización,545,50
2019,Tecnología,Ingeniería en Sonido,1268,86
2019,Tecnología,Ingeniería en Telecomunicaciones,1843,216
2019,Tecnología,Ingeniería en Transporte y Tránsito,175,55
2019,Tecnología,Otras Ingenierías,599,320
2019,Tecnología,Otras Ingenierías Civiles,1370,454
2019,Tecnología,Otros Profesionales de Tecnología,1075,568
2019,Tecnología,Otros Técnicos de Tecnología,78,4
2019,Tecnología,Química Industrial,148,129
2019,Tecnología,Técnico en Administración de Redes y Soporte,2238,189
2019,Tecnología,Técnico en Agroindustria,10,12
2019,Tecnología,Técnico en Alimentos,252,616
2019,Tecnología,Técnico en Análisis de Sistemas,121,28
2019,Tecnología,Técnico en Computación e Informática,11082,1323
2019,Tecnología,Técnico en Construcción y Obras Civiles,12499,2302
2019,Tecnología,Técnico en Dibujo Técnico,72,40
2019,Tecnología,Técnico en Diseño Industrial,40,9
2019,Tecnología,Técnico en Electricidad y Electricidad Industrial,11156,410
2019,Tecnología,Técnico en Electromecánica,1941,91
2019,Tecnología,Técnico en Electrónica y Electrónica Industrial,725,42
2019,Tecnología,Técnico en Energía,1004,156
2019,Tecnología,Técnico en Industria Forestal o de la Madera,9,1
2019,Tecnología,"Técnico en Instrumentación, Automatización y Control Industrial",6524,438
2019,Tecnología,Técnico en Mantenimiento Industrial,6167,337
2019,Tecnología,Técnico en Mecatrónica,50,3
2019,Tecnología,Técnico en Mecánica Automotriz,13450,428
2019,Tecnología,Técnico en Mecánica Industrial,2112,80
2019,Tecnología,Técnico en Medio Ambiente (Control y Gestión),386,273
2019,Tecnología,Técnico en Metalurgia,266,171
2019,Tecnología,Técnico en Minería,3198,1037
2019,Tecnología,Técnico en Prevención de Riesgos,2712,2605
2019,Tecnología,Técnico en Procesos Industriales,332,23
2019,Tecnología,"Técnico en Producción, Desarrollo y Diseño Web",135,73
2019,Tecnología,Técnico en Proyecto y Diseño Mecánico,53,4
2019,Tecnología,Técnico en Proyectos de Ingeniería,44,24
2019,Tecnología,Técnico en Refrigeración y Climatización,416,18
2019,Tecnología,Técnico en Sonido,1564,99
2019,Tecnología,Técnico en Telecomunicaciones,1543,141
2019,Tecnología,Técnico en Topografía,2374,650
2019,Tecnología,Técnico en Transporte Marítimo y Puertos,169,103
2020,Administración y Comercio,Administración Gastronómica,3007,3657
2020,Administración y Comercio,Administración Turística y Hotelera,2902,4561
2020,Administración y Comercio,Administración de Empresas e Ing. Asociadas,13636,20236
2020,Administración y Comercio,Bachillerato y/o Licenciatura en Administración y Comercio,1,7
2020,Administración y Comercio,Contador Auditor,10046,14949
2020,Administración y Comercio,Ingeniería Comercial,25851,19323
2020,Administración y Comercio,Ingeniería en Comercio Exterior,1693,2119
2020,Administración y Comercio,Ingeniería en Control de Gestión,1883,1894
2020,Administración y Comercio,Ingeniería en Finanzas,897,1579
2020,Administración y Comercio,Ingeniería en Gestión y Control de Calidad,85,70
2020,Administración y Comercio,Ingeniería en Logística,2009,1277
2020,Administración y Comercio,Ingeniería en Marketing,1399,1427
2020,Administración y Comercio,Ingeniería en Recursos Humanos,1615,5029
2020,Administración y Comercio,Ingeniería en Seguridad Privada,1967,369
2020,Administración y Comercio,Otros Profesionales de Administración y Comercio,34,59
2020,Administración y Comercio,Otros Técnicos de Administración y Comercio,113,328
2020,Administración y Comercio,Secretariado Bilingüe,22,338
2020,Administración y Comercio,Secretariado Computacional,0,51
2020,Administración y Comercio,Secretariado Ejecutivo,8,166
2020,Administración y Comercio,Técnico Agente o Visitador Médico,11,27
2020,Administración y Comercio,Técnico en Administración Financiera y Finanzas,914,1272
2020,Administración y Comercio,Técnico en Administración de Empresas,12975,19928
2020,Administración y Comercio,Técnico en Administración de Recursos Humanos y Personal,1165,3947
2020,Administración y Comercio,Técnico en Administración de Ventas,181,236
2020,Administración y Comercio,Técnico en Administración en Marketing,261,195
2020,Administración y Comercio,Técnico en Comercio Exterior,1217,1318
2020,Administración y Comercio,Técnico en Contabilidad Computacional,0,1
2020,Administración y Comercio,Técnico en Contabilidad General,2748,5585
2020,Administración y Comercio,Técnico en Contabilidad Tributaria,38,89
2020,Administración y Comercio,Técnico en Gastronomía y Cocina,5164,5432
2020,Administración y Comercio,Técnico en Gestión y Control de Calidad,60,51
2020,Administración y Comercio,Técnico en Logística,5394,3207
2020,Administración y Comercio,Técnico en Producción de Eventos,122,149
2020,Administración y Comercio,Técnico en Seguridad Privada,50,4
2020,Administración y Comercio,Técnico en Turismo y Hotelería,2561,3493
2020,Agropecuaria,Agronomía,4203,2892
2020,Agropecuaria,Ingeniería Agrícola,2516,1708
2020,Agropecuaria,Ingeniería Forestal,337,308
2020,Agropecuaria,Ingeniería en Acuicultura y Pesca,26,23
2020,Agropecuaria,Ingeniería en Vitivinicultura,10,3
2020,Agropecuaria,Medicina Veterinaria,3360,8887
2020,Agropecuaria,Técnico Agropecuario,3108,2004
2020,Agropecuaria,Técnico Veterinario,724,1979
2020,Agropecuaria,Técnico en Acuicultura y Pesca,200,114
2020,Agropecuaria,Técnico en Vitivinicultura y/o Enología,101,116
2020,Arte y Arquitectura,Actuación y Teatro,631,1167
2020,Arte y Arquitectura,Animación Digital,1008,830
2020,Arte y Arquitectura,Arquitectura,6537,6714
2020,Arte y Arquitectura,Artes y Licenciatura en Artes,850,2215
2020,Arte y Arquitectura,Comunicación Audiovisual y/o Multimedia,2078,1059
2020,Arte y Arquitectura,Diseño,1144,3604
2020,Arte y Arquitectura,Diseño Gráfico,3905,3841
2020,Arte y Arquitectura,Diseño Teatral,11,88
2020,Arte y Arquitectura,Diseño de Ambientes e Interiores,110,576
2020,Arte y Arquitectura,Diseño de Vestuario,195,1342
2020,Arte y Arquitectura,Fotografía,211,329
2020,Arte y Arquitectura,"Música, Canto o Danza",2913,1794
2020,Arte y Arquitectura,Otros Profesionales de Arte y Arquitectura,441,1643
2020,Arte y Arquitectura,Otros Técnicos de Arte y Arquitectura,371,533
2020,Arte y Arquitectura,Paisajismo,19,33
2020,Arte y Arquitectura,Realizador de Cine y Televisión,862,534
2020,Arte y Arquitectura,Técnico en Ambientes e Interiores,36,86
2020,Arte y Arquitectura,Técnico en Comunicación Audiovisual,781,268
2020,Arte y Arquitectura,Técnico en Dibujo Arquitectónico,794,485
2020,Arte y Arquitectura,Técnico en Diseño Gráfico,401,338
2020,Arte y Arquitectura,Técnico en Diseño de Vestuario,31,172
2020,Arte y Arquitectura,Técnico en Diseño de Áreas Verdes y Paisajismo,36,33
2020,Arte y Arquitectura,Técnico en Fotografía,133,114
2020,Arte y Arquitectura,Técnico en Peluquería y Estética,226,5524
2020,Arte y Arquitectura,Técnico en Producción Gráfica y Multimedia,577,366
2020,Arte y Arquitectura,Técnico en Producción de Videojuegos,45,3
2020,Ciencias Básicas,Analista Químico,189,246
2020,Ciencias Básicas,Bachillerato y/o Licenciatura en Ciencias Básicas,2004,2184
2020,Ciencias Básicas,Biología,480,561
2020,Ciencias Básicas,Biología Marina y Ecología Marina,620,717
2020,Ciencias Básicas,Bioquímica,1038,1221
2020,Ciencias Básicas,Física y Astronomía,1354,586
2020,Ciencias Básicas,Geología,2203,1419
2020,Ciencias Básicas,Ingeniería Civil Matemática y Estadística,582,191
2020,Ciencias Básicas,Ingeniería Civil en Geomática y Geomensura,40,18
2020,Ciencias Básicas,Ingeniería en Geomensura y Cartografía,1144,403
2020,Ciencias Básicas,Ingeniería en Matemática y Estadística,410,274
2020,Ciencias Básicas,Matemática y/o Estadística,411,163
2020,Ciencias Básicas,Otros Profesionales de Ciencias Básicas,48,49
2020,Ciencias Básicas,Otros Técnicos de Ciencias Básicas,24,19
2020,Ciencias Básicas,Química Ambiental,134,183
2020,Ciencias Básicas,"Química, Licenciado en Química",506,419
2020,Ciencias Básicas,Técnico en Geología,310,175
2020,Ciencias Básicas,Técnico en Geominería,88,58
2020,Ciencias Básicas,Técnico en Química (Análisis e Industrial),342,545
2020,Ciencias Sociales,Administración Pública,3641,5061
2020,Ciencias Sociales,Antropología,819,1273
2020,Ciencias Sociales,Arqueología,161,140
2020,Ciencias Sociales,Bachillerato y/o Licenciatura en Ciencias Sociales,713,875
2020,Ciencias Sociales,Ciencias Políticas,922,896
2020,Ciencias Sociales,Geografía,1026,754
2020,Ciencias Sociales,Historia,975,746
2020,Ciencias Sociales,Ingeniería en Gestión Pública,606,1164
2020,Ciencias Sociales,Orientación Familiar y Relaciones Humanas,5,9
2020,Ciencias Sociales,Otros Profesionales de Ciencias Sociales,125,333
2020,Ciencias Sociales,Otros Técnicos de Ciencias Sociales,132,633
2020,Ciencias Sociales,Periodismo,3485,3754
2020,Ciencias Sociales,Psicología,11707,25931
2020,Ciencias Sociales,Publicidad,1975,2034
2020,Ciencias Sociales,Relaciones Públicas,470,1059
2020,Ciencias Sociales,Sociología,1756,1568
2020,Ciencias Sociales,Trabajo Social,5081,21730
2020,Ciencias Sociales,Técnico en Administración Pública o Municipal,987,2018
2020,Ciencias Sociales,Técnico en Comunicación Social,62,40
2020,Ciencias Sociales,Técnico en Prevención y Rehabilitación,449,1015
2020,Ciencias Sociales,Técnico en Publicidad,27,20
2020,Ciencias Sociales,Técnico en Relaciones Públicas,171,347
2020,Ciencias Sociales,Técnico en Servicio Social,2118,10476
2020,Derecho,Bachillerato y/o Licenciatura en Derecho,34,26
2020,Derecho,Derecho,19032,22903
2020,Derecho,Técnico Jurídico,860,2143
2020,Educación,Bachillerato y/o Licenciatura en Educación,82,860
2020,Educación,Otros Profesionales de Educación,1450,309
2020,Educación,Otros Técnicos de Educación,103,779
2020,Educación,Pedagogía en Artes y Música,1695,1333
2020,Educación,Pedagogía en Ciencias,1431,1879
2020,Educación,Pedagogía en Educación Básica,1335,6958
2020,Educación,Pedagogía en Educación Diferencial,482,9856
2020,Educación,Pedagogía en Educación Física,6423,2789
2020,Educación,Pedagogía en Educación Media,67,98
2020,Educación,Pedagogía en Educación Técnico Profesional,104,103
2020,Educación,Pedagogía en Educación de Párvulos,30,9403
2020,Educación,Pedagogía en Filosofía y Religión,428,336
2020,Educación,"Pedagogía en Historia, Geografía y Ciencias Sociales",2116,1534
2020,Educación,Pedagogía en Idiomas,2794,5377
2020,Educación,"Pedagogía en Lenguaje, Comunicación y/o Castellano",1390,2977
2020,Educación,Pedagogía en Matemáticas y Computación,2157,1971
2020,Educación,Programas de Formación Pedagógica,321,432
2020,Educación,Psicopedagogía,957,9680
2020,Educación,Técnico Asistente del Educador Diferencial,382,10380
2020,Educación,Técnico Asistente del Educador de Párvulos,39,28235
2020,Educación,"Técnico en Deporte, Recreación y Preparación Física",7583,2435
2020,Humanidades,Bachillerato y/o Licenciatura en Humanidades,361,357
2020,Humanidades,Bibliotecología,129,311
2020,Humanidades,Filosofía,409,212
2020,Humanidades,Licenciatura en Letras y Literatura,634,1380
2020,Humanidades,Otros Profesionales de Humanidades,117,4
2020,Humanidades,Traducción e Interpretación,1134,2235
2020,Humanidades,Técnico en Bibliotecas y Centros de Documentación,75,171
2020,Humanidades,Técnico en Traducción e Interpretariado,354,536
2020,Salud,Bachillerato y/o Licenciatura en Salud,322,703
2020,Salud,Enfermería,6608,29405
2020,Salud,Fonoaudiología,1170,9795
2020,Salud,Kinesiología,9427,10550
2020,Salud,Medicina,7837,9092
2020,Salud,Naturopatía,28,114
2020,Salud,Nutrición y Dietética,2092,12568
2020,Salud,Obstetricia y Puericultura,512,9739
2020,Salud,Odontología,4776,9254
2020,Salud,Otros Profesionales de Salud,71,15
2020,Salud,Otros Técnicos de Salud,29,41
2020,Salud,Química y Farmacia,2932,3967
2020,Salud,Tecnología Médica,5610,8730
2020,Salud,Terapia Ocupacional,2138,11915
2020,Salud,Técnico Dental y Asistente de Odontología,931,6177
2020,Salud,Técnico Laboratorista Dental,245,593
2020,Salud,Técnico en Enfermería,6588,35213
2020,Salud,Técnico en Farmacia,485,1485
2020,Salud,Técnico en Laboratorio Clínico,458,1784
2020,Salud,Técnico en Masoterapia,345,1035
2020,Salud,Técnico en Nutrición y Dietética,20,119
2020,Salud,Técnico en Podología,118,1363
2020,Salud,Técnico en Radiología y Radioterapia,225,559
2020,Salud,Técnico en Terapias Naturales y Naturopatía,67,387
2020,Salud,Técnico en Óptica,16,23
2020,Tecnología,Bachillerato y/o Licenciatura en Tecnología,300,59
2020,Tecnología,Biotecnología,239,212
2020,Tecnología,Construcción Civil,10841,2480
2020,Tecnología,Diseño Industrial,704,629
2020,Tecnología,Ingeniería Agroindustrial,99,80
2020,Tecnología,Ingeniería Civil Agrícola,113,39
2020,Tecnología,Ingeniería Civil Ambiental,433,557
2020,Tecnología,Ingeniería Civil Bioquímica,149,192
2020,Tecnología,Ingeniería Civil Electrónica,2070,197
2020,Tecnología,Ingeniería Civil Eléctrica,3736,387
2020,Tecnología,Ingeniería Civil Industrial,19261,8553
2020,Tecnología,Ingeniería Civil Mecánica,4137,497
2020,Tecnología,Ingeniería Civil Metalúrgica,1398,537
2020,Tecnología,Ingeniería Civil Química,1634,1161
2020,Tecnología,Ingeniería Civil en Biomédica,335,360
2020,Tecnología,Ingeniería Civil en Biotecnología y/o Bioingeniería,148,174
2020,Tecnología,Ingeniería Civil en Computación e Informática,9199,1039
2020,Tecnología,Ingeniería Civil en Energía,69,17
2020,Tecnología,Ingeniería Civil en Geografía,87,49
2020,Tecnología,Ingeniería Civil en Industrias Forestales,42,13
2020,Tecnología,Ingeniería Civil en Materiales,106,27
2020,Tecnología,Ingeniería Civil en Minas,3671,1268
2020,Tecnología,Ingeniería Civil en Obras Civiles,2251,733
2020,Tecnología,Ingeniería Civil en Sonido y Acústica,110,15
2020,Tecnología,Ingeniería Civil en Telemática,370,62
2020,Tecnología,"Ingeniería Civil, plan común y licenciatura en Ciencias de la Ingeniería",12515,4799
2020,Tecnología,Ingeniería Industrial,7911,2113
2020,Tecnología,Ingeniería Marina y Marítimo Portuaria,459,70
2020,Tecnología,Ingeniería Mecánica,6225,357
2020,Tecnología,Ingeniería Naval,205,51
2020,Tecnología,Ingeniería en Alimentos,361,661
2020,Tecnología,"Ingeniería en Automatización, Instrumentación y Control",3038,195
2020,Tecnología,Ingeniería en Biotecnología y Bioingeniería,1068,1051
2020,Tecnología,Ingeniería en Computación e Informática,16760,1984
2020,Tecnología,Ingeniería en Conectividad y Redes,3083,336
2020,Tecnología,Ingeniería en Construcción,10718,3076
2020,Tecnología,Ingeniería en Electricidad,7452,374
2020,Tecnología,Ingeniería en Electrónica,743,43
2020,Tecnología,Ingeniería en Energía,163,90
2020,Tecnología,Ingeniería en Geomensura y Cartografía,18,11
2020,Tecnología,Ingeniería en Mecatrónica,63,13
2020,Tecnología,Ingeniería en Mecánica Automotriz,16020,586
2020,Tecnología,Ingeniería en Medio Ambiente,1245,1429
2020,Tecnología,Ingeniería en Metalurgia,542,340
2020,Tecnología,Ingeniería en Minas,2911,1366
2020,Tecnología,Ingeniería en Prevención de Riesgos,4976,4897
2020,Tecnología,Ingeniería en Proyectos Estructurales,80,18
2020,Tecnología,Ingeniería en Química,750,810
2020,Tecnología,Ingeniería en Recursos Renovables,753,857
2020,Tecnología,Ingeniería en Refrigeración y Climatización,529,40
2020,Tecnología,Ingeniería en Sonido,1264,89
2020,Tecnología,Ingeniería en Telecomunicaciones,1959,243
2020,Tecnología,Ingeniería en Transporte y Tránsito,155,51
2020,Tecnología,Otras Ingenierías,598,324
2020,Tecnología,Otras Ingenierías Civiles,1420,430
2020,Tecnología,Otros Profesionales de Tecnología,874,498
2020,Tecnología,Otros Técnicos de Tecnología,155,12
2020,Tecnología,Química Industrial,138,122
2020,Tecnología,Técnico en Administración de Redes y Soporte,1997,205
2020,Tecnología,Técnico en Agroindustria,24,66
2020,Tecnología,Técnico en Alimentos,267,640
2020,Tecnología,Técnico en Análisis de Sistemas,102,21
2020,Tecnología,Técnico en Computación e Informática,10980,1350
2020,Tecnología,Técnico en Construcción y Obras Civiles,10230,1837
2020,Tecnología,Técnico en Dibujo Técnico,55,42
2020,Tecnología,Técnico en Diseño Industrial,38,11
2020,Tecnología,Técnico en Electricidad y Electricidad Industrial,10843,440
2020,Tecnología,Técnico en Electromecánica,1728,81
2020,Tecnología,Técnico en Electrónica y Electrónica Industrial,662,54
2020,Tecnología,Técnico en Energía,896,154
2020,Tecnología,Técnico en Industria Forestal o de la Madera,2,0
2020,Tecnología,"Técnico en Instrumentación, Automatización y Control Industrial",6604,492
2020,Tecnología,Técnico en Mantenimiento Industrial,5554,409
2020,Tecnología,Técnico en Mecatrónica,106,16
2020,Tecnología,Técnico en Mecánica Automotriz,11962,396
2020,Tecnología,Técnico en Mecánica Industrial,1838,87
2020,Tecnología,Técnico en Medio Ambiente (Control y Gestión),401,318
2020,Tecnología,Técnico en Metalurgia,254,142
2020,Tecnología,Técnico en Minería,2822,941
2020,Tecnología,Técnico en Prevención de Riesgos,1576,1388
2020,Tecnología,Técnico en Procesos Industriales,290,24
2020,Tecnología,"Técnico en Producción, Desarrollo y Diseño Web",150,85
2020,Tecnología,Técnico en Proyecto y Diseño Mecánico,60,6
2020,Tecnología,Técnico en Proyectos de Ingeniería,44,19
2020,Tecnología,Técnico en Refrigeración y Climatización,366,17
2020,Tecnología,Técnico en Sonido,1327,99
2020,Tecnología,Técnico en Telecomunicaciones,1360,128
2020,Tecnología,Técnico en Topografía,1829,511
2020,Tecnología,Técnico en Transporte Marítimo y Puertos,167,104
2021,Administración y Comercio,Administración Gastronómica,2952,3700
2021,Administración y Comercio,Administración Turística y Hotelera,2668,4633
2021,Administración y Comercio,Administración de Empresas e Ing. Asociadas,13540,21076
2021,Administración y Comercio,Bachillerato y/o Licenciatura en Administración y Comercio,2,4
2021,Administración y Comercio,Contador Auditor,10173,15586
2021,Administración y Comercio,Ingeniería Comercial,26553,20120
2021,Administración y Comercio,Ingeniería en Comercio Exterior,1742,2254
2021,Administración y Comercio,Ingeniería en Control de Gestión,1965,2031
2021,Administración y Comercio,Ingeniería en Finanzas,1518,2415
2021,Administración y Comercio,Ingeniería en Gestión y Control de Calidad,190,177
2021,Administración y Comercio,Ingeniería en Logística,3137,2069
2021,Administración y Comercio,Ingeniería en Marketing,1430,1535
2021,Administración y Comercio,Ingeniería en Recursos Humanos,1663,5402
2021,Administración y Comercio,Ingeniería en Seguridad Privada,2350,436
2021,Administración y Comercio,Otros Profesionales de Administración y Comercio,27,61
2021,Administración y Comercio,Otros Técnicos de Administración y Comercio,124,332
2021,Administración y Comercio,Secretariado Bilingüe,12,290
2021,Administración y Comercio,Secretariado Computacional,0,24
2021,Administración y Comercio,Secretariado Ejecutivo,8,170
2021,Administración y Comercio,Técnico Agente o Visitador Médico,0,6
2021,Administración y Comercio,Técnico en Administración Financiera y Finanzas,659,897
2021,Administración y Comercio,Técnico en Administración de Empresas,11783,19033
2021,Administración y Comercio,Técnico en Administración de Recursos Humanos y Personal,1092,3866
2021,Administración y Comercio,Técnico en Administración de Ventas,155,189
2021,Administración y Comercio,Técnico en Administración en Marketing,596,560
2021,Administración y Comercio,Técnico en Comercio Exterior,996,1229
2021,Administración y Comercio,Técnico en Contabilidad Computacional,0,1
2021,Administración y Comercio,Técnico en Contabilidad General,2757,5610
2021,Administración y Comercio,Técnico en Contabilidad Tributaria,54,101
2021,Administración y Comercio,Técnico en Gastronomía y Cocina,4812,5584
2021,Administración y Comercio,Técnico en Gestión y Control de Calidad,69,54
2021,Administración y Comercio,Técnico en Logística,6259,3647
2021,Administración y Comercio,Técnico en Producción de Eventos,79,108
2021,Administración y Comercio,Técnico en Seguridad Privada,109,15
2021,Administración y Comercio,Técnico en Turismo y Hotelería,2042,2972
2021,Agropecuaria,Agronomía,4368,2933
2021,Agropecuaria,Ingeniería Agrícola,2458,1884
2021,Agropecuaria,Ingeniería Forestal,347,316
2021,Agropecuaria,Ingeniería en Acuicultura y Pesca,27,24
2021,Agropecuaria,Ingeniería en Vitivinicultura,8,2
2021,Agropecuaria,Medicina Veterinaria,3820,10558
2021,Agropecuaria,Técnico Agropecuario,2933,2159
2021,Agropecuaria,Técnico Veterinario,780,2542
2021,Agropecuaria,Técnico en Acuicultura y Pesca,240,117
2021,Agropecuaria,Técnico en Vitivinicultura y/o Enología,89,112
2021,Arte y Arquitectura,Actuación y Teatro,597,1176
2021,Arte y Arquitectura,Animación Digital,1074,987
2021,Arte y Arquitectura,Arquitectura,6965,7503
2021,Arte y Arquitectura,Artes y Licenciatura en Artes,862,2276
2021,Arte y Arquitectura,Comunicación Audiovisual y/o Multimedia,2110,1027
2021,Arte y Arquitectura,Diseño,1238,3976
2021,Arte y Arquitectura,Diseño Gráfico,3605,3916
2021,Arte y Arquitectura,Diseño Teatral,17,95
2021,Arte y Arquitectura,Diseño de Ambientes e Interiores,112,645
2021,Arte y Arquitectura,Diseño de Vestuario,208,1413
2021,Arte y Arquitectura,Fotografía,231,340
2021,Arte y Arquitectura,"Música, Canto o Danza",2889,1741
2021,Arte y Arquitectura,Otros Profesionales de Arte y Arquitectura,507,1889
2021,Arte y Arquitectura,Otros Técnicos de Arte y Arquitectura,367,553
2021,Arte y Arquitectura,Paisajismo,22,34
2021,Arte y Arquitectura,Realizador de Cine y Televisión,955,594
2021,Arte y Arquitectura,Técnico en Ambientes e Interiores,34,91
2021,Arte y Arquitectura,Técnico en Comunicación Audiovisual,680,262
2021,Arte y Arquitectura,Técnico en Dibujo Arquitectónico,690,442
2021,Arte y Arquitectura,Técnico en Diseño Gráfico,456,424
2021,Arte y Arquitectura,Técnico en Diseño de Vestuario,18,129
2021,Arte y Arquitectura,Técnico en Diseño de Áreas Verdes y Paisajismo,55,43
2021,Arte y Arquitectura,Técnico en Fotografía,110,102
2021,Arte y Arquitectura,Técnico en Peluquería y Estética,228,6331
2021,Arte y Arquitectura,Técnico en Producción Gráfica y Multimedia,373,205
2021,Arte y Arquitectura,Técnico en Producción de Videojuegos,50,8
2021,Ciencias Básicas,Analista Químico,201,246
2021,Ciencias Básicas,Bachillerato y/o Licenciatura en Ciencias Básicas,1849,2162
2021,Ciencias Básicas,Biología,524,660
2021,Ciencias Básicas,Biología Marina y Ecología Marina,683,814
2021,Ciencias Básicas,Bioquímica,1169,1410
2021,Ciencias Básicas,Física y Astronomía,1534,687
2021,Ciencias Básicas,Geología,2399,1572
2021,Ciencias Básicas,Ingeniería Civil Matemática y Estadística,661,241
2021,Ciencias Básicas,Ingeniería Civil en Geomática y Geomensura,46,24
2021,Ciencias Básicas,Ingeniería en Geomensura y Cartografía,1177,400
2021,Ciencias Básicas,Ingeniería en Matemática y Estadística,461,309
2021,Ciencias Básicas,Matemática y/o Estadística,437,166
2021,Ciencias Básicas,Otros Profesionales de Ciencias Básicas,43,50
2021,Ciencias Básicas,Otros Técnicos de Ciencias Básicas,13,14
2021,Ciencias Básicas,Química Ambiental,143,200
2021,Ciencias Básicas,"Química, Licenciado en Química",520,464
2021,Ciencias Básicas,Técnico en Análisis de Datos,7,3
2021,Ciencias Básicas,Técnico en Geología,239,151
2021,Ciencias Básicas,Técnico en Geominería,88,55
2021,Ciencias Básicas,Técnico en Química (Análisis e Industrial),301,470
2021,Ciencias Sociales,Administración Pública,4330,5784
2021,Ciencias Sociales,Antropología,816,1373
2021,Ciencias Sociales,Arqueología,184,170
2021,Ciencias Sociales,Bachillerato y/o Licenciatura en Ciencias Sociales,589,837
2021,Ciencias Sociales,Ciencias Políticas,926,938
2021,Ciencias Sociales,Geografía,944,652
2021,Ciencias Sociales,Historia,968,729
2021,Ciencias Sociales,Ingeniería en Gestión Pública,604,1197
2021,Ciencias Sociales,Orientación Familiar y Relaciones Humanas,0,1
2021,Ciencias Sociales,Otros Profesionales de Ciencias Sociales,135,415
2021,Ciencias Sociales,Otros Técnicos de Ciencias Sociales,124,653
2021,Ciencias Sociales,Periodismo,3738,3825
2021,Ciencias Sociales,Psicología,12717,28913
2021,Ciencias Sociales,Publicidad,1911,2213
2021,Ciencias Sociales,Relaciones Públicas,400,975
2021,Ciencias Sociales,Sociología,1707,1593
2021,Ciencias Sociales,Trabajo Social,5691,25508
2021,Ciencias Sociales,Técnico en Administración Pública o Municipal,1242,2459
2021,Ciencias Sociales,Técnico en Comunicación Social,64,57
2021,Ciencias Sociales,Técnico en Prevención y Rehabilitación,511,1086
2021,Ciencias Sociales,Técnico en Publicidad,28,15
2021,Ciencias Sociales,Técnico en Relaciones Públicas,112,188
2021,Ciencias Sociales,Técnico en Servicio Social,2055,11383
2021,Derecho,Bachillerato y/o Licenciatura en Derecho,17,19
2021,Derecho,Derecho,20497,25343
2021,Derecho,Técnico Jurídico,1006,2666
2021,Educación,Bachillerato y/o Licenciatura en Educación,135,1290
2021,Educación,Otros Profesionales de Educación,1525,308
2021,Educación,Otros Técnicos de Educación,104,688
2021,Educación,Pedagogía en Artes y Música,1622,1317
2021,Educación,Pedagogía en Ciencias,1445,1893
2021,Educación,Pedagogía en Educación Básica,1321,6758
2021,Educación,Pedagogía en Educación Diferencial,453,9054
2021,Educación,Pedagogía en Educación Física,5560,2456
2021,Educación,Pedagogía en Educación Media,76,115
2021,Educación,Pedagogía en Educación Técnico Profesional,118,130
2021,Educación,Pedagogía en Educación de Párvulos,19,8159
2021,Educación,Pedagogía en Filosofía y Religión,408,367
2021,Educación,"Pedagogía en Historia, Geografía y Ciencias Sociales",2126,1541
2021,Educación,Pedagogía en Idiomas,2684,5236
2021,Educación,"Pedagogía en Lenguaje, Comunicación y/o Castellano",1434,3035
2021,Educación,Pedagogía en Matemáticas y Computación,2191,2029
2021,Educación,Programas de Formación Pedagógica,447,529
2021,Educación,Psicopedagogía,903,10061
2021,Educación,Técnico Asistente del Educador Diferencial,331,10255
2021,Educación,Técnico Asistente del Educador de Párvulos,59,25435
2021,Educación,"Técnico en Deporte, Recreación y Preparación Física",6855,2384
2021,Humanidades,Bachillerato y/o Licenciatura en Humanidades,332,340
2021,Humanidades,Bibliotecología,141,327
2021,Humanidades,Filosofía,440,206
2021,Humanidades,Licenciatura en Letras y Literatura,627,1437
2021,Humanidades,Otros Profesionales de Humanidades,108,4
2021,Humanidades,Traducción e Interpretación,1148,2284
2021,Humanidades,Técnico en Bibliotecas y Centros de Documentación,80,176
2021,Humanidades,Técnico en Traducción e Interpretariado,335,493
2021,Salud,Bachillerato y/o Licenciatura en Salud,359,770
2021,Salud,Enfermería,7105,31721
2021,Salud,Fonoaudiología,1158,9996
2021,Salud,Kinesiología,10424,11533
2021,Salud,Medicina,7994,9849
2021,Salud,Naturopatía,24,162
2021,Salud,Nutrición y Dietética,2295,13121
2021,Salud,Obstetricia y Puericultura,529,11272
2021,Salud,Odontología,4884,9596
2021,Salud,Otros Profesionales de Salud,50,12
2021,Salud,Otros Técnicos de Salud,4,4
2021,Salud,Química y Farmacia,3341,4711
2021,Salud,Tecnología Médica,6225,9933
2021,Salud,Terapia Ocupacional,2293,13269
2021,Salud,Técnico Dental y Asistente de Odontología,853,6420
2021,Salud,Técnico Laboratorista Dental,303,739
2021,Salud,Técnico en Enfermería,7671,39512
2021,Salud,Técnico en Farmacia,611,2191
2021,Salud,Técnico en Laboratorio Clínico,481,2003
2021,Salud,Técnico en Masoterapia,362,1113
2021,Salud,Técnico en Nutrición y Dietética,31,151
2021,Salud,Técnico en Podología,161,2073
2021,Salud,Técnico en Radiología y Radioterapia,237,544
2021,Salud,Técnico en Terapias Naturales y Naturopatía,62,392
2021,Salud,Técnico en Óptica,26,36
2021,Tecnología,Bachillerato y/o Licenciatura en Tecnología,216,55
2021,Tecnología,Biotecnología,261,240
2021,Tecnología,Construcción Civil,10962,2652
2021,Tecnología,Diseño Industrial,678,633
2021,Tecnología,Ingeniería Agroindustrial,90,76
2021,Tecnología,Ingeniería Civil Agrícola,107,37
2021,Tecnología,Ingeniería Civil Ambiental,499,657
2021,Tecnología,Ingeniería Civil Bioquímica,157,188
2021,Tecnología,Ingeniería Civil Electrónica,2217,224
2021,Tecnología,Ingeniería Civil Eléctrica,4188,419
2021,Tecnología,Ingeniería Civil Industrial,20977,9049
2021,Tecnología,Ingeniería Civil Mecánica,4439,561
2021,Tecnología,Ingeniería Civil Metalúrgica,1358,535
2021,Tecnología,Ingeniería Civil Química,1805,1293
2021,Tecnología,Ingeniería Civil en Biomédica,404,419
2021,Tecnología,Ingeniería Civil en Biotecnología y/o Bioingeniería,196,227
2021,Tecnología,Ingeniería Civil en Computación e Informática,10688,1248
2021,Tecnología,Ingeniería Civil en Energía,54,26
2021,Tecnología,Ingeniería Civil en Geografía,74,45
2021,Tecnología,Ingeniería Civil en Industrias Forestales,55,17
2021,Tecnología,Ingeniería Civil en Materiales,104,23
2021,Tecnología,Ingeniería Civil en Minas,3896,1359
2021,Tecnología,Ingeniería Civil en Obras Civiles,2401,806
2021,Tecnología,Ingeniería Civil en Sonido y Acústica,110,15
2021,Tecnología,Ingeniería Civil en Telemática,436,70
2021,Tecnología,"Ingeniería Civil, plan común y licenciatura en Ciencias de la Ingeniería",13067,5174
2021,Tecnología,Ingeniería Industrial,9358,2291
2021,Tecnología,Ingeniería Marina y Marítimo Portuaria,498,70
2021,Tecnología,Ingeniería Mecánica,5624,343
2021,Tecnología,Ingeniería Naval,173,48
2021,Tecnología,Ingeniería en Alimentos,347,653
2021,Tecnología,"Ingeniería en Automatización, Instrumentación y Control",3260,246
2021,Tecnología,Ingeniería en Biotecnología y Bioingeniería,1095,1132
2021,Tecnología,Ingeniería en Computación e Informática,19116,2327
2021,Tecnología,Ingeniería en Conectividad y Redes,3323,363
2021,Tecnología,Ingeniería en Construcción,10480,2895
2021,Tecnología,Ingeniería en Electricidad,8465,447
2021,Tecnología,Ingeniería en Electrónica,706,41
2021,Tecnología,Ingeniería en Energía,151,84
2021,Tecnología,Ingeniería en Geomensura y Cartografía,15,9
2021,Tecnología,Ingeniería en Industria de la Madera,1,0
2021,Tecnología,Ingeniería en Mecatrónica,103,21
2021,Tecnología,Ingeniería en Mecánica Automotriz,15248,647
2021,Tecnología,Ingeniería en Medio Ambiente,1250,1483
2021,Tecnología,Ingeniería en Metalurgia,551,367
2021,Tecnología,Ingeniería en Minas,3254,1421
2021,Tecnología,Ingeniería en Prevención de Riesgos,4697,4599
2021,Tecnología,Ingeniería en Proyectos Estructurales,86,15
2021,Tecnología,Ingeniería en Química,690,734
2021,Tecnología,Ingeniería en Recursos Renovables,801,945
2021,Tecnología,Ingeniería en Refrigeración y Climatización,417,23
2021,Tecnología,Ingeniería en Sonido,1350,94
2021,Tecnología,Ingeniería en Telecomunicaciones,1795,232
2021,Tecnología,Ingeniería en Transporte y Tránsito,133,54
2021,Tecnología,Otras Ingenierías,740,410
2021,Tecnología,Otras Ingenierías Civiles,1527,438
2021,Tecnología,Otros Profesionales de Tecnología,943,498
2021,Tecnología,Otros Técnicos de Tecnología,235,20
2021,Tecnología,Química Industrial,130,112
2021,Tecnología,Técnico en Administración de Redes y Soporte,1675,159
2021,Tecnología,Técnico en Agroindustria,36,82
2021,Tecnología,Técnico en Alimentos,232,592
2021,Tecnología,Técnico en Análisis de Sistemas,79,10
2021,Tecnología,Técnico en Computación e Informática,11602,1591
2021,Tecnología,Técnico en Construcción y Obras Civiles,9857,1940
2021,Tecnología,Técnico en Dibujo Técnico,57,36
2021,Tecnología,Técnico en Diseño Industrial,25,8
2021,Tecnología,Técnico en Electricidad y Electricidad Industrial,10622,441
2021,Tecnología,Técnico en Electromecánica,1465,96
2021,Tecnología,Técnico en Electrónica y Electrónica Industrial,537,38
2021,Tecnología,Técnico en Energía,842,159
2021,Tecnología,"Técnico en Instrumentación, Automatización y Control Industrial",6903,528
2021,Tecnología,Técnico en Mantenimiento Industrial,5172,421
2021,Tecnología,Técnico en Mecatrónica,113,13
2021,Tecnología,Técnico en Mecánica Automotriz,10099,397
2021,Tecnología,Técnico en Mecánica Industrial,1667,87
2021,Tecnología,Técnico en Medio Ambiente (Control y Gestión),493,429
2021,Tecnología,Técnico en Metalurgia,243,150
2021,Tecnología,Técnico en Minería,2994,970
2021,Tecnología,Técnico en Prevención de Riesgos,1880,1459
2021,Tecnología,Técnico en Procesos Industriales,210,16
2021,Tecnología,"Técnico en Producción, Desarrollo y Diseño Web",133,100
2021,Tecnología,Técnico en Proyecto y Diseño Mecánico,46,5
2021,Tecnología,Técnico en Proyectos de Ingeniería,32,20
2021,Tecnología,Técnico en Refrigeración y Climatización,187,9
2021,Tecnología,Técnico en Sonido,1253,84
2021,Tecnología,Técnico en Telecomunicaciones,1484,116
2021,Tecnología,Técnico en Topografía,1696,450
2021,Tecnología,Técnico en Transporte Marítimo y Puertos,186,123
2022,Administración y Comercio,Administración Gastronómica,3087,3714
2022,Administración y Comercio,Administración Turística y Hotelera,2349,4256
2022,Administración y Comercio,Administración de Empresas e Ing. Asociadas,13176,21187
2022,Administración y Comercio,Bachillerato y/o Licenciatura en Administración y Comercio,17,25
2022,Administración y Comercio,Contador Auditor,9706,14825
2022,Administración y Comercio,Ingeniería Comercial,26703,19802
2022,Administración y Comercio,Ingeniería en Comercio Exterior,1872,2409
2022,Administración y Comercio,Ingeniería en Control de Gestión,1950,2057
2022,Administración y Comercio,Ingeniería en Finanzas,1800,2566
2022,Administración y Comercio,Ingeniería en Gestión y Control de Calidad,286,271
2022,Administración y Comercio,Ingeniería en Logística,4290,2777
2022,Administración y Comercio,Ingeniería en Marketing,1408,1617
2022,Administración y Comercio,Ingeniería en Recursos Humanos,1634,5222
2022,Administración y Comercio,Ingeniería en Seguridad Privada,2540,449
2022,Administración y Comercio,Otros Profesionales de Administración y Comercio,17,37
2022,Administración y Comercio,Otros Técnicos de Administración y Comercio,118,284
2022,Administración y Comercio,Secretariado Bilingüe,11,200
2022,Administración y Comercio,Secretariado Ejecutivo,9,144
2022,Administración y Comercio,Técnico en Administración Financiera y Finanzas,515,604
2022,Administración y Comercio,Técnico en Administración de Empresas,11303,18575
2022,Administración y Comercio,Técnico en Administración de Recursos Humanos y Personal,954,3481
2022,Administración y Comercio,Técnico en Administración de Ventas,164,181
2022,Administración y Comercio,Técnico en Administración en Marketing,886,891
2022,Administración y Comercio,Técnico en Comercio Exterior,1116,1330
2022,Administración y Comercio,Técnico en Contabilidad General,2683,5583
2022,Administración y Comercio,Técnico en Contabilidad Tributaria,52,98
2022,Administración y Comercio,Técnico en Gastronomía y Cocina,5313,5985
2022,Administración y Comercio,Técnico en Gestión y Control de Calidad,76,70
2022,Administración y Comercio,Técnico en Logística,6824,3775
2022,Administración y Comercio,Técnico en Producción de Eventos,53,73
2022,Administración y Comercio,Técnico en Seguridad Privada,131,20
2022,Administración y Comercio,Técnico en Turismo y Hotelería,1818,2585
2022,Agropecuaria,Agronomía,4286,2856
2022,Agropecuaria,Ingeniería Agrícola,2347,1850
2022,Agropecuaria,Ingeniería Forestal,318,280
2022,Agropecuaria,Ingeniería en Acuicultura y Pesca,20,20
2022,Agropecuaria,Ingeniería en Vitivinicultura,4,1
2022,Agropecuaria,Medicina Veterinaria,4109,11602
2022,Agropecuaria,Técnico Agropecuario,2834,2055
2022,Agropecuaria,Técnico Veterinario,868,2967
2022,Agropecuaria,Técnico en Acuicultura y Pesca,254,129
2022,Agropecuaria,Técnico en Vitivinicultura y/o Enología,69,93
2022,Arte y Arquitectura,Actuación y Teatro,632,1233
2022,Arte y Arquitectura,Animación Digital,1240,1205
2022,Arte y Arquitectura,Arquitectura,7231,7883
2022,Arte y Arquitectura,Artes y Licenciatura en Artes,844,2393
2022,Arte y Arquitectura,Comunicación Audiovisual y/o Multimedia,2277,1200
2022,Arte y Arquitectura,Diseño,1258,4200
2022,Arte y Arquitectura,Diseño Gráfico,3408,4019
2022,Arte y Arquitectura,Diseño Teatral,24,95
2022,Arte y Arquitectura,Diseño de Ambientes e Interiores,120,702
2022,Arte y Arquitectura,Diseño de Vestuario,224,1372
2022,Arte y Arquitectura,Fotografía,226,294
2022,Arte y Arquitectura,"Música, Canto o Danza",3023,1714
2022,Arte y Arquitectura,Otros Profesionales de Arte y Arquitectura,565,2577
2022,Arte y Arquitectura,Otros Técnicos de Arte y Arquitectura,404,658
2022,Arte y Arquitectura,Paisajismo,20,34
2022,Arte y Arquitectura,Realizador de Cine y Televisión,963,593
2022,Arte y Arquitectura,Técnico en Ambientes e Interiores,30,78
2022,Arte y Arquitectura,Técnico en Comunicación Audiovisual,587,201
2022,Arte y Arquitectura,Técnico en Dibujo Arquitectónico,617,383
2022,Arte y Arquitectura,Técnico en Diseño Gráfico,530,543
2022,Arte y Arquitectura,Técnico en Diseño de Vestuario,55,282
2022,Arte y Arquitectura,Técnico en Diseño de Áreas Verdes y Paisajismo,54,58
2022,Arte y Arquitectura,Técnico en Fotografía,58,36
2022,Arte y Arquitectura,Técnico en Peluquería y Estética,241,7486
2022,Arte y Arquitectura,Técnico en Producción Gráfica y Multimedia,799,568
2022,Arte y Arquitectura,Técnico en Producción de Videojuegos,79,10
2022,Ciencias Básicas,Analista Químico,194,246
2022,Ciencias Básicas,Bachillerato y/o Licenciatura en Ciencias Básicas,1770,1883
2022,Ciencias Básicas,Biología,552,703
2022,Ciencias Básicas,Biología Marina y Ecología Marina,743,881
2022,Ciencias Básicas,Bioquímica,1196,1516
2022,Ciencias Básicas,Física y Astronomía,1694,769
2022,Ciencias Básicas,Geología,2395,1521
2022,Ciencias Básicas,Ingeniería Civil Matemática y Estadística,721,262
2022,Ciencias Básicas,Ingeniería Civil en Geomática y Geomensura,54,25
2022,Ciencias Básicas,Ingeniería en Geomensura y Cartografía,1119,351
2022,Ciencias Básicas,Ingeniería en Matemática y Estadística,531,302
2022,Ciencias Básicas,Matemática y/o Estadística,452,178
2022,Ciencias Básicas,Otros Profesionales de Ciencias Básicas,42,55
2022,Ciencias Básicas,Otros Técnicos de Ciencias Básicas,6,7
2022,Ciencias Básicas,Química Ambiental,133,175
2022,Ciencias Básicas,"Química, Licenciado en Química",501,467
2022,Ciencias Básicas,Técnico en Análisis de Datos,60,37
2022,Ciencias Básicas,Técnico en Geología,174,97
2022,Ciencias Básicas,Técnico en Geominería,75,53
2022,Ciencias Básicas,Técnico en Química (Análisis e Industrial),221,340
2022,Ciencias Sociales,Administración Pública,5006,6498
2022,Ciencias Sociales,Antropología,799,1322
2022,Ciencias Sociales,Arqueología,185,187
2022,Ciencias Sociales,Bachillerato y/o Licenciatura en Ciencias Sociales,616,801
2022,Ciencias Sociales,Ciencias Políticas,882,917
2022,Ciencias Sociales,Geografía,828,549
2022,Ciencias Sociales,Historia,937,712
2022,Ciencias Sociales,Ingeniería en Gestión Pública,692,1233
2022,Ciencias Sociales,Otros Profesionales de Ciencias Sociales,140,467
2022,Ciencias Sociales,Otros Técnicos de Ciencias Sociales,91,485
2022,Ciencias Sociales,Periodismo,3680,3688
2022,Ciencias Sociales,Psicología,13490,31411
2022,Ciencias Sociales,Publicidad,1838,2304
2022,Ciencias Sociales,Relaciones Públicas,335,849
2022,Ciencias Sociales,Sociología,1549,1529
2022,Ciencias Sociales,Trabajo Social,5795,27026
2022,Ciencias Sociales,Técnico en Administración Pública o Municipal,1358,2577
2022,Ciencias Sociales,Técnico en Comunicación Social,61,54
2022,Ciencias Sociales,Técnico en Prevención y Rehabilitación,459,890
2022,Ciencias Sociales,Técnico en Publicidad,33,24
2022,Ciencias Sociales,Técnico en Relaciones Públicas,79,142
2022,Ciencias Sociales,Técnico en Servicio Social,1905,10938
2022,Derecho,Bachillerato y/o Licenciatura en Derecho,15,20
2022,Derecho,Derecho,20420,25601
2022,Derecho,Técnico Jurídico,1109,2909
2022,Educación,Bachillerato y/o Licenciatura en Educación,161,811
2022,Educación,Otros Profesionales de Educación,1570,319
2022,Educación,Otros Técnicos de Educación,79,538
2022,Educación,Pedagogía en Artes y Música,1404,1200
2022,Educación,Pedagogía en Ciencias,1289,1663
2022,Educación,Pedagogía en Educación Básica,1191,6068
2022,Educación,Pedagogía en Educación Diferencial,456,8306
2022,Educación,Pedagogía en Educación Física,5006,2196
2022,Educación,Pedagogía en Educación Media,84,114
2022,Educación,Pedagogía en Educación Técnico Profesional,104,90
2022,Educación,Pedagogía en Educación de Párvulos,26,7970
2022,Educación,Pedagogía en Filosofía y Religión,373,306
2022,Educación,"Pedagogía en Historia, Geografía y Ciencias Sociales",1939,1423
2022,Educación,Pedagogía en Idiomas,2630,4998
2022,Educación,"Pedagogía en Lenguaje, Comunicación y/o Castellano",1330,2963
2022,Educación,Pedagogía en Matemáticas y Computación,2080,1951
2022,Educación,Programas de Formación Pedagógica,471,536
2022,Educación,Psicopedagogía,857,10479
2022,Educación,Técnico Asistente del Educador Diferencial,308,9543
2022,Educación,Técnico Asistente del Educador de Párvulos,45,22629
2022,Educación,"Técnico en Deporte, Recreación y Preparación Física",6796,2119
2022,Humanidades,Bachillerato y/o Licenciatura en Humanidades,326,354
2022,Humanidades,Bibliotecología,118,307
2022,Humanidades,Filosofía,441,191
2022,Humanidades,Licenciatura en Letras y Literatura,601,1486
2022,Humanidades,Otros Profesionales de Humanidades,86,4
2022,Humanidades,Otros Técnicos de Humanidades,6,24
2022,Humanidades,Traducción e Interpretación,1131,2468
2022,Humanidades,Técnico en Bibliotecas y Centros de Documentación,76,147
2022,Humanidades,Técnico en Traducción e Interpretariado,296,446
2022,Salud,Bachillerato y/o Licenciatura en Salud,333,879
2022,Salud,Enfermería,6961,30571
2022,Salud,Fonoaudiología,1024,8605
2022,Salud,Kinesiología,10554,11307
2022,Salud,Medicina,8160,10614
2022,Salud,Naturopatía,39,245
2022,Salud,Nutrición y Dietética,2401,12253
2022,Salud,Obstetricia y Puericultura,538,11887
2022,Salud,Odontología,4665,9537
2022,Salud,Otros Profesionales de Salud,49,12
2022,Salud,Química y Farmacia,3525,5021
2022,Salud,Tecnología Médica,6016,9793
2022,Salud,Terapia Ocupacional,2231,12550
2022,Salud,Técnico Dental y Asistente de Odontología,862,6207
2022,Salud,Técnico Laboratorista Dental,317,784
2022,Salud,Técnico en Enfermería,8140,40626
2022,Salud,Técnico en Farmacia,697,2331
2022,Salud,Técnico en Laboratorio Clínico,463,1807
2022,Salud,Técnico en Masoterapia,434,1182
2022,Salud,Técnico en Nutrición y Dietética,55,195
2022,Salud,Técnico en Podología,224,3038
2022,Salud,Técnico en Radiología y Radioterapia,234,441
2022,Salud,Técnico en Terapias Naturales y Naturopatía,55,375
2022,Salud,Técnico en Óptica,16,29
2022,Tecnología,Bachillerato y/o Licenciatura en Tecnología,175,42
2022,Tecnología,Biotecnología,257,249
2022,Tecnología,Construcción Civil,10624,2566
2022,Tecnología,Diseño Industrial,655,624
2022,Tecnología,Ingeniería Agroindustrial,77,59
2022,Tecnología,Ingeniería Civil Agrícola,105,35
2022,Tecnología,Ingeniería Civil Ambiental,546,700
2022,Tecnología,Ingeniería Civil Bioquímica,160,186
2022,Tecnología,Ingeniería Civil Electrónica,2287,225
2022,Tecnología,Ingeniería Civil Eléctrica,4313,460
2022,Tecnología,Ingeniería Civil Industrial,22223,9283
2022,Tecnología,Ingeniería Civil Mecánica,4416,552
2022,Tecnología,Ingeniería Civil Metalúrgica,1298,515
2022,Tecnología,Ingeniería Civil Química,1823,1372
2022,Tecnología,Ingeniería Civil en Biomédica,457,442
2022,Tecnología,Ingeniería Civil en Biotecnología y/o Bioingeniería,221,275
2022,Tecnología,Ingeniería Civil en Computación e Informática,11896,1457
2022,Tecnología,Ingeniería Civil en Energía,39,29
2022,Tecnología,Ingeniería Civil en Geografía,66,34
2022,Tecnología,Ingeniería Civil en Industrias Forestales,38,13
2022,Tecnología,Ingeniería Civil en Materiales,96,16
2022,Tecnología,Ingeniería Civil en Minas,4050,1438
2022,Tecnología,Ingeniería Civil en Obras Civiles,2334,750
2022,Tecnología,Ingeniería Civil en Sonido y Acústica,114,14
2022,Tecnología,Ingeniería Civil en Telemática,474,73
2022,Tecnología,"Ingeniería Civil, plan común y licenciatura en Ciencias de la Ingeniería",12987,5190
2022,Tecnología,Ingeniería Industrial,11356,2469
2022,Tecnología,Ingeniería Marina y Marítimo Portuaria,554,82
2022,Tecnología,Ingeniería Mecánica,4229,261
2022,Tecnología,Ingeniería Naval,175,54
2022,Tecnología,Ingeniería en Alimentos,317,584
2022,Tecnología,"Ingeniería en Automatización, Instrumentación y Control",3951,297
2022,Tecnología,Ingeniería en Biotecnología y Bioingeniería,1137,1168
2022,Tecnología,Ingeniería en Computación e Informática,20914,2669
2022,Tecnología,Ingeniería en Conectividad y Redes,3606,369
2022,Tecnología,Ingeniería en Construcción,9802,2632
2022,Tecnología,Ingeniería en Electricidad,9449,470
2022,Tecnología,Ingeniería en Electrónica,639,47
2022,Tecnología,Ingeniería en Energía,330,117
2022,Tecnología,Ingeniería en Geomensura y Cartografía,7,5
2022,Tecnología,Ingeniería en Mecatrónica,112,18
2022,Tecnología,Ingeniería en Mecánica Automotriz,15691,690
2022,Tecnología,Ingeniería en Medio Ambiente,1183,1438
2022,Tecnología,Ingeniería en Metalurgia,550,345
2022,Tecnología,Ingeniería en Minas,3157,1352
2022,Tecnología,Ingeniería en Prevención de Riesgos,4544,4319
2022,Tecnología,Ingeniería en Proyectos Estructurales,73,14
2022,Tecnología,Ingeniería en Química,580,648
2022,Tecnología,Ingeniería en Recursos Renovables,796,891
2022,Tecnología,Ingeniería en Refrigeración y Climatización,321,18
2022,Tecnología,Ingeniería en Sonido,1356,119
2022,Tecnología,Ingeniería en Telecomunicaciones,1537,191
2022,Tecnología,Ingeniería en Transporte y Tránsito,108,47
2022,Tecnología,Otras Ingenierías,890,481
2022,Tecnología,Otras Ingenierías Civiles,1535,404
2022,Tecnología,Otros Profesionales de Tecnología,889,437
2022,Tecnología,Otros Técnicos de Tecnología,350,24
2022,Tecnología,Química Industrial,114,98
2022,Tecnología,Técnico en Administración de Redes y Soporte,1464,150
2022,Tecnología,Técnico en Agroindustria,27,76
2022,Tecnología,Técnico en Alimentos,202,483
2022,Tecnología,Técnico en Análisis de Sistemas,95,22
2022,Tecnología,Técnico en Biotecnología Industrial,26,29
2022,Tecnología,Técnico en Computación e Informática,12342,1781
2022,Tecnología,Técnico en Construcción y Obras Civiles,9632,1822
2022,Tecnología,Técnico en Dibujo Técnico,76,36
2022,Tecnología,Técnico en Diseño Industrial,3,3
2022,Tecnología,Técnico en Electricidad y Electricidad Industrial,10952,470
2022,Tecnología,Técnico en Electromecánica,1303,76
2022,Tecnología,Técnico en Electrónica y Electrónica Industrial,430,21
2022,Tecnología,Técnico en Energía,1062,178
2022,Tecnología,Técnico en Industria Forestal o de la Madera,1,0
2022,Tecnología,"Técnico en Instrumentación, Automatización y Control Industrial",6470,535
2022,Tecnología,Técnico en Mantenimiento Industrial,5137,444
2022,Tecnología,Técnico en Mecatrónica,105,13
2022,Tecnología,Técnico en Mecánica Automotriz,10008,438
2022,Tecnología,Técnico en Mecánica Industrial,1441,97
2022,Tecnología,Técnico en Medio Ambiente (Control y Gestión),509,466
2022,Tecnología,Técnico en Metalurgia,179,131
2022,Tecnología,Técnico en Minería,3304,1042
2022,Tecnología,Técnico en Prevención de Riesgos,2202,1854
2022,Tecnología,Técnico en Procesos Industriales,150,9
2022,Tecnología,"Técnico en Producción, Desarrollo y Diseño Web",153,104
2022,Tecnología,Técnico en Proyecto y Diseño Mecánico,21,2
2022,Tecnología,Técnico en Proyectos de Ingeniería,22,12
2022,Tecnología,Técnico en Refrigeración y Climatización,247,14
2022,Tecnología,Técnico en Sonido,1301,98
2022,Tecnología,Técnico en Telecomunicaciones,1409,108
2022,Tecnología,Técnico en Topografía,1716,418
2022,Tecnología,Técnico en Transporte Marítimo y Puertos,209,152
2023,Administración y Comercio,Administración Gastronómica,3288,3944
2023,Administración y Comercio,Administración Turística y Hotelera,2337,4050
2023,Administración y Comercio,Administración de Empresas e Ing. Asociadas,12436,20957
2023,Administración y Comercio,Bachillerato y/o Licenciatura en Administración y Comercio,61,87
2023,Administración y Comercio,Contador Auditor,9709,14162
2023,Administración y Comercio,Ingeniería Comercial,26738,19449
2023,Administración y Comercio,Ingeniería en Comercio Exterior,1918,2508
2023,Administración y Comercio,Ingeniería en Control de Gestión,1964,2052
2023,Administración y Comercio,Ingeniería en Finanzas,2164,2836
2023,Administración y Comercio,Ingeniería en Gestión y Control de Calidad,387,372
2023,Administración y Comercio,Ingeniería en Logística,5380,3522
2023,Administración y Comercio,Ingeniería en Marketing,1564,1743
2023,Administración y Comercio,Ingeniería en Recursos Humanos,1630,5391
2023,Administración y Comercio,Ingeniería en Seguridad Privada,2422,557
2023,Administración y Comercio,Otros Profesionales de Administración y Comercio,14,33
2023,Administración y Comercio,Otros Técnicos de Administración y Comercio,167,328
2023,Administración y Comercio,Secretariado Bilingüe,11,178
2023,Administración y Comercio,Secretariado Ejecutivo,9,157
2023,Administración y Comercio,Técnico en Administración Financiera y Finanzas,394,420
2023,Administración y Comercio,Técnico en Administración de Empresas,10900,17894
2023,Administración y Comercio,Técnico en Administración de Recursos Humanos y Personal,883,3597
2023,Administración y Comercio,Técnico en Administración de Ventas,128,152
2023,Administración y Comercio,Técnico en Administración en Marketing,763,882
2023,Administración y Comercio,Técnico en Comercio Exterior,1183,1480
2023,Administración y Comercio,Técnico en Contabilidad General,2631,5482
2023,Administración y Comercio,Técnico en Contabilidad Tributaria,51,108
2023,Administración y Comercio,Técnico en Gastronomía y Cocina,5840,6436
2023,Administración y Comercio,Técnico en Gestión y Control de Calidad,82,90
2023,Administración y Comercio,Técnico en Logística,7189,4218
2023,Administración y Comercio,Técnico en Producción de Eventos,36,56
2023,Administración y Comercio,Técnico en Seguridad Privada,201,23
2023,Administración y Comercio,Técnico en Turismo y Hotelería,1671,2394
2023,Agropecuaria,Agronomía,4196,2863
2023,Agropecuaria,Ingeniería Agrícola,2473,1885
2023,Agropecuaria,Ingeniería Forestal,340,274
2023,Agropecuaria,Ingeniería de Ejecución Forestal,17,1
2023,Agropecuaria,Ingeniería en Acuicultura y Pesca,25,20
2023,Agropecuaria,Medicina Veterinaria,4603,13354
2023,Agropecuaria,Técnico Agropecuario,2764,2069
2023,Agropecuaria,Técnico Veterinario,1010,3586
2023,Agropecuaria,Técnico en Acuicultura y Pesca,230,133
2023,Agropecuaria,Técnico en Vitivinicultura y/o Enología,54,63
2023,Arte y Arquitectura,Actuación y Teatro,623,1277
2023,Arte y Arquitectura,Animación Digital,1464,1560
2023,Arte y Arquitectura,Arquitectura,7539,8502
2023,Arte y Arquitectura,Artes y Licenciatura en Artes,841,2580
2023,Arte y Arquitectura,Comunicación Audiovisual y/o Multimedia,2470,1268
2023,Arte y Arquitectura,Diseño,1315,4575
2023,Arte y Arquitectura,Diseño Gráfico,3469,4322
2023,Arte y Arquitectura,Diseño Teatral,22,117
2023,Arte y Arquitectura,Diseño de Ambientes e Interiores,117,769
2023,Arte y Arquitectura,Diseño de Vestuario,256,1426
2023,Arte y Arquitectura,Fotografía,212,266
2023,Arte y Arquitectura,"Música, Canto o Danza",3170,1735
2023,Arte y Arquitectura,Otros Profesionales de Arte y Arquitectura,616,3121
2023,Arte y Arquitectura,Otros Técnicos de Arte y Arquitectura,467,714
2023,Arte y Arquitectura,Paisajismo,23,43
2023,Arte y Arquitectura,Realizador de Cine y Televisión,955,658
2023,Arte y Arquitectura,Técnico en Ambientes e Interiores,31,68
2023,Arte y Arquitectura,Técnico en Comunicación Audiovisual,530,180
2023,Arte y Arquitectura,Técnico en Dibujo Arquitectónico,627,396
2023,Arte y Arquitectura,Técnico en Diseño Gráfico,1048,1042
2023,Arte y Arquitectura,Técnico en Diseño de Vestuario,110,494
2023,Arte y Arquitectura,Técnico en Diseño de Áreas Verdes y Paisajismo,61,53
2023,Arte y Arquitectura,Técnico en Fotografía,49,32
2023,Arte y Arquitectura,Técnico en Peluquería y Estética,244,7924
2023,Arte y Arquitectura,Técnico en Producción Gráfica y Multimedia,741,509
2023,Arte y Arquitectura,Técnico en Producción de Videojuegos,97,18
2023,Ciencias Básicas,Analista Químico,171,216
2023,Ciencias Básicas,Bachillerato y/o Licenciatura en Ciencias Básicas,1852,1923
2023,Ciencias Básicas,Biología,583,755
2023,Ciencias Básicas,Biología Marina y Ecología Marina,817,964
2023,Ciencias Básicas,Bioquímica,1222,1609
2023,Ciencias Básicas,Física y Astronomía,1746,778
2023,Ciencias Básicas,Geología,2466,1576
2023,Ciencias Básicas,Ingeniería Civil Matemática y Estadística,761,242
2023,Ciencias Básicas,Ingeniería Civil en Geomática y Geomensura,70,34
2023,Ciencias Básicas,Ingeniería en Geomensura y Cartografía,1026,293
2023,Ciencias Básicas,Ingeniería en Matemática y Estadística,539,339
2023,Ciencias Básicas,Matemática y/o Estadística,433,180
2023,Ciencias Básicas,Otros Profesionales de Ciencias Básicas,45,60
2023,Ciencias Básicas,Otros Técnicos de Ciencias Básicas,5,5
2023,Ciencias Básicas,Química Ambiental,128,174
2023,Ciencias Básicas,"Química, Licenciado en Química",513,470
2023,Ciencias Básicas,Técnico en Análisis de Datos,135,72
2023,Ciencias Básicas,Técnico en Geología,166,86
2023,Ciencias Básicas,Técnico en Geominería,65,47
2023,Ciencias Básicas,Técnico en Química (Análisis e Industrial),203,293
2023,Ciencias Sociales,Administración Pública,5345,6849
2023,Ciencias Sociales,Antropología,819,1449
2023,Ciencias Sociales,Arqueología,204,207
2023,Ciencias Sociales,Bachillerato y/o Licenciatura en Ciencias Sociales,674,877
2023,Ciencias Sociales,Ciencias Políticas,836,913
2023,Ciencias Sociales,Geografía,804,547
2023,Ciencias Sociales,Historia,942,716
2023,Ciencias Sociales,Ingeniería en Gestión Pública,704,1245
2023,Ciencias Sociales,Otros Profesionales de Ciencias Sociales,145,476
2023,Ciencias Sociales,Otros Técnicos de Ciencias Sociales,88,380
2023,Ciencias Sociales,Periodismo,3827,3810
2023,Ciencias Sociales,Psicología,14513,34138
2023,Ciencias Sociales,Publicidad,1840,2478
2023,Ciencias Sociales,Relaciones Públicas,257,744
2023,Ciencias Sociales,Sociología,1394,1487
2023,Ciencias Sociales,Trabajo Social,5669,27256
2023,Ciencias Sociales,Técnico en Administración Pública o Municipal,1372,2713
2023,Ciencias Sociales,Técnico en Comunicación Social,67,47
2023,Ciencias Sociales,Técnico en Prevención y Rehabilitación,450,810
2023,Ciencias Sociales,Técnico en Publicidad,28,27
2023,Ciencias Sociales,Técnico en Relaciones Públicas,73,124
2023,Ciencias Sociales,Técnico en Servicio Social,1704,10295
2023,Derecho,Bachillerato y/o Licenciatura en Derecho,36,58
2023,Derecho,Derecho,20767,26313
2023,Derecho,Técnico Jurídico,1039,2796
2023,Educación,Bachillerato y/o Licenciatura en Educación,146,453
2023,Educación,Otros Profesionales de Educación,1781,344
2023,Educación,Otros Técnicos de Educación,101,726
2023,Educación,Pedagogía en Artes y Música,1320,1144
2023,Educación,Pedagogía en Ciencias,1228,1541
2023,Educación,Pedagogía en Educación Básica,1202,6111
2023,Educación,Pedagogía en Educación Diferencial,469,7946
2023,Educación,Pedagogía en Educación Física,5102,2151
2023,Educación,Pedagogía en Educación Media,175,205
2023,Educación,Pedagogía en Educación Técnico Profesional,74,77
2023,Educación,Pedagogía en Educación de Párvulos,28,9406
2023,Educación,Pedagogía en Filosofía y Religión,352,257
2023,Educación,"Pedagogía en Historia, Geografía y Ciencias Sociales",1919,1404
2023,Educación,Pedagogía en Idiomas,2756,5206
2023,Educación,"Pedagogía en Lenguaje, Comunicación y/o Castellano",1364,3058
2023,Educación,Pedagogía en Matemáticas y Computación,1963,1760
2023,Educación,Programas de Formación Pedagógica,297,359
2023,Educación,Psicopedagogía,783,10421
2023,Educación,Técnico Asistente del Educador Diferencial,337,9255
2023,Educación,Técnico Asistente del Educador de Párvulos,69,21918
2023,Educación,"Técnico en Deporte, Recreación y Preparación Física",7016,2032
2023,Humanidades,Bachillerato y/o Licenciatura en Humanidades,311,426
2023,Humanidades,Bibliotecología,112,302
2023,Humanidades,Filosofía,458,228
2023,Humanidades,Licenciatura en Letras y Literatura,578,1516
2023,Humanidades,Otros Profesionales de Humanidades,79,5
2023,Humanidades,Otros Técnicos de Humanidades,12,59
2023,Humanidades,Traducción e Interpretación,1229,2543
2023,Humanidades,Técnico en Bibliotecas y Centros de Documentación,77,145
2023,Humanidades,Técnico en Traducción e Interpretariado,279,389
2023,Salud,Bachillerato y/o Licenciatura en Salud,436,1197
2023,Salud,Enfermería,7055,29943
2023,Salud,Fonoaudiología,955,8047
2023,Salud,Kinesiología,11320,11312
2023,Salud,Medicina,8313,11342
2023,Salud,Naturopatía,49,302
2023,Salud,Nutrición y Dietética,2610,11655
2023,Salud,Obstetricia y Puericultura,500,12160
2023,Salud,Odontología,4621,9747
2023,Salud,Otros Profesionales de Salud,71,13
2023,Salud,Química y Farmacia,3816,5587
2023,Salud,Tecnología Médica,6014,9974
2023,Salud,Terapia Ocupacional,2118,12311
2023,Salud,Técnico Dental y Asistente de Odontología,968,6212
2023,Salud,Técnico Laboratorista Dental,366,913
2023,Salud,Técnico en Enfermería,8163,40811
2023,Salud,Técnico en Farmacia,816,2748
2023,Salud,Técnico en Laboratorio Clínico,500,1882
2023,Salud,Técnico en Masoterapia,477,1225
2023,Salud,Técnico en Nutrición y Dietética,63,224
2023,Salud,Técnico en Podología,280,3652
2023,Salud,Técnico en Radiología y Radioterapia,227,467
2023,Salud,Técnico en Terapias Naturales y Naturopatía,52,434
2023,Salud,Técnico en Óptica,51,60
2023,Tecnología,Bachillerato y/o Licenciatura en Tecnología,232,60
2023,Tecnología,Biotecnología,233,268
2023,Tecnología,Construcción Civil,10098,2473
2023,Tecnología,Diseño Industrial,628,638
2023,Tecnología,Ingeniería Agroindustrial,58,65
2023,Tecnología,Ingeniería Civil Agrícola,101,34
2023,Tecnología,Ingeniería Civil Ambiental,523,689
2023,Tecnología,Ingeniería Civil Bioquímica,143,161
2023,Tecnología,Ingeniería Civil Electrónica,2172,221
2023,Tecnología,Ingeniería Civil Eléctrica,4228,436
2023,Tecnología,Ingeniería Civil Industrial,22921,9355
2023,Tecnología,Ingeniería Civil Mecánica,4193,524
2023,Tecnología,Ingeniería Civil Metalúrgica,1234,495
2023,Tecnología,Ingeniería Civil Química,1690,1309
2023,Tecnología,Ingeniería Civil en Biomédica,466,454
2023,Tecnología,Ingeniería Civil en Biotecnología y/o Bioingeniería,271,340
2023,Tecnología,Ingeniería Civil en Computación e Informática,12734,1608
2023,Tecnología,Ingeniería Civil en Energía,51,42
2023,Tecnología,Ingeniería Civil en Geografía,55,29
2023,Tecnología,Ingeniería Civil en Industrias Forestales,32,10
2023,Tecnología,Ingeniería Civil en Materiales,77,20
2023,Tecnología,Ingeniería Civil en Minas,4092,1510
2023,Tecnología,Ingeniería Civil en Obras Civiles,2315,725
2023,Tecnología,Ingeniería Civil en Sonido y Acústica,112,12
2023,Tecnología,Ingeniería Civil en Telemática,525,79
2023,Tecnología,"Ingeniería Civil, plan común y licenciatura en Ciencias de la Ingeniería",13065,5126
2023,Tecnología,Ingeniería Industrial,13289,2796
2023,Tecnología,Ingeniería Marina y Marítimo Portuaria,606,90
2023,Tecnología,Ingeniería Mecánica,3243,201
2023,Tecnología,Ingeniería Naval,165,61
2023,Tecnología,Ingeniería en Alimentos,302,547
2023,Tecnología,"Ingeniería en Automatización, Instrumentación y Control",4628,388
2023,Tecnología,Ingeniería en Biotecnología y Bioingeniería,1101,1179
2023,Tecnología,Ingeniería en Computación e Informática,24046,3207
2023,Tecnología,Ingeniería en Conectividad y Redes,4154,472
2023,Tecnología,Ingeniería en Construcción,9396,2543
2023,Tecnología,Ingeniería en Electricidad,11553,563
2023,Tecnología,Ingeniería en Electrónica,632,44
2023,Tecnología,Ingeniería en Energía,426,119
2023,Tecnología,Ingeniería en Geomensura y Cartografía,2,0
2023,Tecnología,Ingeniería en Mecatrónica,233,31
2023,Tecnología,Ingeniería en Mecánica Automotriz,17039,796
2023,Tecnología,Ingeniería en Medio Ambiente,1116,1355
2023,Tecnología,Ingeniería en Metalurgia,528,340
2023,Tecnología,Ingeniería en Minas,3833,1580
2023,Tecnología,Ingeniería en Prevención de Riesgos,4454,4475
2023,Tecnología,Ingeniería en Proyectos Estructurales,50,18
2023,Tecnología,Ingeniería en Química,466,526
2023,Tecnología,Ingeniería en Recursos Renovables,789,961
2023,Tecnología,Ingeniería en Refrigeración y Climatización,189,10
2023,Tecnología,Ingeniería en Sonido,1647,156
2023,Tecnología,Ingeniería en Telecomunicaciones,1337,158
2023,Tecnología,Ingeniería en Transporte y Tránsito,63,36
2023,Tecnología,Otras Ingenierías,988,563
2023,Tecnología,Otras Ingenierías Civiles,1497,407
2023,Tecnología,Otros Profesionales de Tecnología,913,475
2023,Tecnología,Otros Técnicos de Tecnología,448,65
2023,Tecnología,Química Industrial,101,91
2023,Tecnología,Técnico en Administración de Redes y Soporte,1880,196
2023,Tecnología,Técnico en Agroindustria,25,49
2023,Tecnología,Técnico en Alimentos,178,400
2023,Tecnología,Técnico en Análisis de Sistemas,138,43
2023,Tecnología,Técnico en Biotecnología Industrial,40,40
2023,Tecnología,Técnico en Computación e Informática,13052,2035
2023,Tecnología,Técnico en Construcción y Obras Civiles,8949,1689
2023,Tecnología,Técnico en Dibujo Técnico,72,40
2023,Tecnología,Técnico en Diseño Industrial,2,0
2023,Tecnología,Técnico en Electricidad y Electricidad Industrial,12028,595
2023,Tecnología,Técnico en Electromecánica,1139,91
2023,Tecnología,Técnico en Electrónica y Electrónica Industrial,372,20
2023,Tecnología,Técnico en Energía,1153,188
2023,Tecnología,Técnico en Industria Forestal o de la Madera,1,0
2023,Tecnología,"Técnico en Instrumentación, Automatización y Control Industrial",6557,606
2023,Tecnología,Técnico en Mantenimiento Industrial,5311,493
2023,Tecnología,Técnico en Mecatrónica,188,25
2023,Tecnología,Técnico en Mecánica Automotriz,10965,575
2023,Tecnología,Técnico en Mecánica Industrial,1427,95
2023,Tecnología,Técnico en Medio Ambiente (Control y Gestión),508,516
2023,Tecnología,Técnico en Metalurgia,215,127
2023,Tecnología,Técnico en Minería,3910,1239
2023,Tecnología,Técnico en Prevención de Riesgos,2527,2287
2023,Tecnología,Técnico en Procesos Industriales,76,6
2023,Tecnología,"Técnico en Producción, Desarrollo y Diseño Web",185,118
2023,Tecnología,Técnico en Proyecto y Diseño Mecánico,8,0
2023,Tecnología,Técnico en Proyectos de Ingeniería,29,14
2023,Tecnología,Técnico en Refrigeración y Climatización,405,20
2023,Tecnología,Técnico en Sonido,1187,84
2023,Tecnología,Técnico en Telecomunicaciones,1387,97
2023,Tecnología,Técnico en Topografía,1685,404
2023,Tecnología,Técnico en Transporte Marítimo y Puertos,243,172
2024,Administración y Comercio,Administración Gastronómica,3624,4287
2024,Administración y Comercio,Administración Turística y Hotelera,2206,3919
2024,Administración y Comercio,Administración de Empresas e Ing. Asociadas,12290,20925
2024,Administración y Comercio,Bachillerato y/o Licenciatura en Administración y Comercio,148,151
2024,Administración y Comercio,Contador Auditor,9922,14184
2024,Administración y Comercio,Ingeniería Comercial,26699,19155
2024,Administración y Comercio,Ingeniería en Comercio Exterior,2120,2815
2024,Administración y Comercio,Ingeniería en Control de Gestión,2108,2227
2024,Administración y Comercio,Ingeniería en Finanzas,2271,2958
2024,Administración y Comercio,Ingeniería en Gestión y Control de Calidad,428,384
2024,Administración y Comercio,Ingeniería en Logística,6554,4438
2024,Administración y Comercio,Ingeniería en Marketing,1774,2154
2024,Administración y Comercio,Ingeniería en Recursos Humanos,1657,5859
2024,Administración y Comercio,Ingeniería en Seguridad Privada,2541,646
2024,Administración y Comercio,Otros Profesionales de Administración y Comercio,10,16
2024,Administración y Comercio,Otros Técnicos de Administración y Comercio,178,306
2024,Administración y Comercio,Secretariado Bilingüe,19,222
2024,Administración y Comercio,Secretariado Ejecutivo,11,137
2024,Administración y Comercio,Técnico en Administración Financiera y Finanzas,211,214
2024,Administración y Comercio,Técnico en Administración de Empresas,10253,17295
2024,Administración y Comercio,Técnico en Administración de Recursos Humanos y Personal,677,2999
2024,Administración y Comercio,Técnico en Administración de Ventas,109,112
2024,Administración y Comercio,Técnico en Administración en Marketing,698,886
2024,Administración y Comercio,Técnico en Comercio Exterior,1151,1451
2024,Administración y Comercio,Técnico en Contabilidad General,2441,5053
2024,Administración y Comercio,Técnico en Contabilidad Tributaria,61,170
2024,Administración y Comercio,Técnico en Gastronomía y Cocina,5959,6784
2024,Administración y Comercio,Técnico en Gestión y Control de Calidad,72,84
2024,Administración y Comercio,Técnico en Logística,7284,4656
2024,Administración y Comercio,Técnico en Producción de Eventos,33,51
2024,Administración y Comercio,Técnico en Seguridad Privada,360,63
2024,Administración y Comercio,Técnico en Turismo y Hotelería,1499,2331
2024,Agropecuaria,Agronomía,4107,2848
2024,Agropecuaria,Ingeniería Agrícola,2588,1913
2024,Agropecuaria,Ingeniería Forestal,316,287
2024,Agropecuaria,Ingeniería de Ejecución Forestal,6,1
2024,Agropecuaria,Ingeniería en Acuicultura y Pesca,32,24
2024,Agropecuaria,Medicina Veterinaria,4965,14669
2024,Agropecuaria,Técnico Agropecuario,2672,1957
2024,Agropecuaria,Técnico Veterinario,1184,4053
2024,Agropecuaria,Técnico en Acuicultura y Pesca,221,168
2024,Agropecuaria,Técnico en Vitivinicultura y/o Enología,66,73
2024,Arte y Arquitectura,Actuación y Teatro,596,1220
2024,Arte y Arquitectura,Animación Digital,1696,1884
2024,Arte y Arquitectura,Arquitectura,7754,9133
2024,Arte y Arquitectura,Artes y Licenciatura en Artes,824,2592
2024,Arte y Arquitectura,Comunicación Audiovisual y/o Multimedia,2464,1380
2024,Arte y Arquitectura,Diseño,1340,4987
2024,Arte y Arquitectura,Diseño Gráfico,3556,4760
2024,Arte y Arquitectura,Diseño Teatral,23,105
2024,Arte y Arquitectura,Diseño de Ambientes e Interiores,124,849
2024,Arte y Arquitectura,Diseño de Vestuario,295,1563
2024,Arte y Arquitectura,Fotografía,195,247
2024,Arte y Arquitectura,"Música, Canto o Danza",3127,1838
2024,Arte y Arquitectura,Otros Profesionales de Arte y Arquitectura,615,3327
2024,Arte y Arquitectura,Otros Técnicos de Arte y Arquitectura,451,730
2024,Arte y Arquitectura,Paisajismo,25,46
2024,Arte y Arquitectura,Realizador de Cine y Televisión,924,743
2024,Arte y Arquitectura,Técnico en Ambientes e Interiores,27,56
2024,Arte y Arquitectura,Técnico en Comunicación Audiovisual,505,170
2024,Arte y Arquitectura,Técnico en Dibujo Arquitectónico,578,327
2024,Arte y Arquitectura,Técnico en Diseño Gráfico,1448,1409
2024,Arte y Arquitectura,Técnico en Diseño de Vestuario,159,637
2024,Arte y Arquitectura,Técnico en Diseño de Áreas Verdes y Paisajismo,58,47
2024,Arte y Arquitectura,Técnico en Fotografía,36,42
2024,Arte y Arquitectura,Técnico en Peluquería y Estética,228,7445
2024,Arte y Arquitectura,Técnico en Producción Gráfica y Multimedia,484,224
2024,Arte y Arquitectura,Técnico en Producción de Videojuegos,110,20
2024,Ciencias Básicas,Analista Químico,157,215
2024,Ciencias Básicas,Bachillerato y/o Licenciatura en Ciencias Básicas,1816,1667
2024,Ciencias Básicas,Biología,581,772
2024,Ciencias Básicas,Biología Marina y Ecología Marina,871,1077
2024,Ciencias Básicas,Bioquímica,1248,1638
2024,Ciencias Básicas,Física y Astronomía,1754,774
2024,Ciencias Básicas,Geología,2482,1617
2024,Ciencias Básicas,Ingeniería Civil Matemática y Estadística,784,260
2024,Ciencias Básicas,Ingeniería Civil en Geomática y Geomensura,83,40
2024,Ciencias Básicas,Ingeniería en Geomensura y Cartografía,1118,294
2024,Ciencias Básicas,Ingeniería en Matemática y Estadística,619,351
2024,Ciencias Básicas,Matemática y/o Estadística,449,172
2024,Ciencias Básicas,Otros Profesionales de Ciencias Básicas,53,77
2024,Ciencias Básicas,Química Ambiental,110,140
2024,Ciencias Básicas,"Química, Licenciado en Química",506,441
2024,Ciencias Básicas,Técnico en Análisis de Datos,215,128
2024,Ciencias Básicas,Técnico en Geología,161,86
2024,Ciencias Básicas,Técnico en Geominería,74,52
2024,Ciencias Básicas,Técnico en Química (Análisis e Industrial),199,299
2024,Ciencias Sociales,Administración Pública,5798,7484
2024,Ciencias Sociales,Antropología,842,1416
2024,Ciencias Sociales,Arqueología,227,258
2024,Ciencias Sociales,Bachillerato y/o Licenciatura en Ciencias Sociales,714,914
2024,Ciencias Sociales,Ciencias Políticas,811,885
2024,Ciencias Sociales,Comunicación Social,28,38
2024,Ciencias Sociales,Geografía,752,462
2024,Ciencias Sociales,Historia,888,708
2024,Ciencias Sociales,Ingeniería en Gestión Pública,526,997
2024,Ciencias Sociales,Otros Profesionales de Ciencias Sociales,143,488
2024,Ciencias Sociales,Otros Técnicos de Ciencias Sociales,70,277
2024,Ciencias Sociales,Periodismo,3741,3815
2024,Ciencias Sociales,Psicología,15401,37485
2024,Ciencias Sociales,Publicidad,1739,2722
2024,Ciencias Sociales,Relaciones Públicas,212,702
2024,Ciencias Sociales,Sociología,1256,1368
2024,Ciencias Sociales,Trabajo Social,5553,27330
2024,Ciencias Sociales,Técnico en Administración Pública o Municipal,1357,2936
2024,Ciencias Sociales,Técnico en Comunicación Social,64,48
2024,Ciencias Sociales,Técnico en Prevención y Rehabilitación,399,725
2024,Ciencias Sociales,Técnico en Publicidad,18,22
2024,Ciencias Sociales,Técnico en Relaciones Públicas,62,132
2024,Ciencias Sociales,Técnico en Servicio Social,1463,8572
2024,Derecho,Bachillerato y/o Licenciatura en Derecho,21,20
2024,Derecho,Derecho,21021,27127
2024,Derecho,Técnico Jurídico,854,2291
2024,Educación,Bachillerato y/o Licenciatura en Educación,96,347
2024,Educación,Otros Profesionales de Educación,2010,384
2024,Educación,Otros Técnicos de Educación,107,849
2024,Educación,Pedagogía en Artes y Música,1234,1115
2024,Educación,Pedagogía en Ciencias,1111,1439
2024,Educación,Pedagogía en Educación Básica,1276,6281
2024,Educación,Pedagogía en Educación Diferencial,512,8937
2024,Educación,Pedagogía en Educación Física,5219,2183
2024,Educación,Pedagogía en Educación Media,259,319
2024,Educación,Pedagogía en Educación Técnico Profesional,95,78
2024,Educación,Pedagogía en Educación de Párvulos,31,10464
2024,Educación,Pedagogía en Filosofía y Religión,329,252
2024,Educación,"Pedagogía en Historia, Geografía y Ciencias Sociales",1825,1343
2024,Educación,Pedagogía en Idiomas,2746,5271
2024,Educación,"Pedagogía en Lenguaje, Comunicación y/o Castellano",1401,3032
2024,Educación,Pedagogía en Matemáticas y Computación,1782,1573
2024,Educación,Programas de Formación Pedagógica,398,413
2024,Educación,Psicopedagogía,743,9948
2024,Educación,Técnico Asistente del Educador Diferencial,336,8884
2024,Educación,Técnico Asistente del Educador de Párvulos,82,21630
2024,Educación,"Técnico en Deporte, Recreación y Preparación Física",7321,2116
2024,Humanidades,Bachillerato y/o Licenciatura en Humanidades,313,433
2024,Humanidades,Bibliotecología,105,321
2024,Humanidades,Filosofía,452,217
2024,Humanidades,Licenciatura en Letras y Literatura,574,1495
2024,Humanidades,Otros Profesionales de Humanidades,75,3
2024,Humanidades,Otros Técnicos de Humanidades,16,76
2024,Humanidades,Traducción e Interpretación,1293,2740
2024,Humanidades,Técnico en Bibliotecas y Centros de Documentación,75,130
2024,Humanidades,Técnico en Traducción e Interpretariado,210,334
2024,Salud,Bachillerato y/o Licenciatura en Salud,492,1271
2024,Salud,Enfermería,6892,29417
2024,Salud,Fonoaudiología,884,7589
2024,Salud,Kinesiología,12316,11544
2024,Salud,Medicina,8483,12007
2024,Salud,Naturopatía,53,335
2024,Salud,Nutrición y Dietética,2866,11259
2024,Salud,Obstetricia y Puericultura,458,12335
2024,Salud,Odontología,4486,9948
2024,Salud,Otros Profesionales de Salud,111,20
2024,Salud,Química y Farmacia,4152,6199
2024,Salud,Tecnología Médica,5988,10147
2024,Salud,Terapia Ocupacional,2097,12138
2024,Salud,Técnico Dental y Asistente de Odontología,951,5850
2024,Salud,Técnico Laboratorista Dental,314,894
2024,Salud,Técnico en Enfermería,7789,38932
2024,Salud,Técnico en Farmacia,910,3089
2024,Salud,Técnico en Laboratorio Clínico,461,1876
2024,Salud,Técnico en Masoterapia,440,1028
2024,Salud,Técnico en Nutrición y Dietética,60,207
2024,Salud,Técnico en Podología,319,4089
2024,Salud,Técnico en Radiología y Radioterapia,214,437
2024,Salud,Técnico en Terapias Naturales y Naturopatía,42,428
2024,Salud,Técnico en Óptica,94,122
2024,Tecnología,Bachillerato y/o Licenciatura en Tecnología,382,92
2024,Tecnología,Biotecnología,236,289
2024,Tecnología,Construcción Civil,9181,2323
2024,Tecnología,Diseño Industrial,616,700
2024,Tecnología,Ingeniería Agroindustrial,38,51
2024,Tecnología,Ingeniería Civil Agrícola,108,31
2024,Tecnología,Ingeniería Civil Ambiental,551,666
2024,Tecnología,Ingeniería Civil Bioquímica,142,170
2024,Tecnología,Ingeniería Civil Electrónica,2170,231
2024,Tecnología,Ingeniería Civil Eléctrica,4239,461
2024,Tecnología,Ingeniería Civil Industrial,23534,9747
2024,Tecnología,Ingeniería Civil Mecánica,4098,523
2024,Tecnología,Ingeniería Civil Metalúrgica,1201,488
2024,Tecnología,Ingeniería Civil Química,1616,1236
2024,Tecnología,Ingeniería Civil en Biomédica,465,423
2024,Tecnología,Ingeniería Civil en Biotecnología y/o Bioingeniería,274,361
2024,Tecnología,Ingeniería Civil en Computación e Informática,14085,1978
2024,Tecnología,Ingeniería Civil en Energía,79,52
2024,Tecnología,Ingeniería Civil en Geografía,41,19
2024,Tecnología,Ingeniería Civil en Industrias Forestales,12,5
2024,Tecnología,Ingeniería Civil en Materiales,70,20
2024,Tecnología,Ingeniería Civil en Minas,4186,1634
2024,Tecnología,Ingeniería Civil en Obras Civiles,2231,704
2024,Tecnología,Ingeniería Civil en Sonido y Acústica,101,15
2024,Tecnología,Ingeniería Civil en Telemática,562,81
2024,Tecnología,"Ingeniería Civil, plan común y licenciatura en Ciencias de la Ingeniería",12893,5164
2024,Tecnología,Ingeniería Industrial,14784,3063
2024,Tecnología,Ingeniería Marina y Marítimo Portuaria,580,99
2024,Tecnología,Ingeniería Mecánica,2171,128
2024,Tecnología,Ingeniería Naval,165,60
2024,Tecnología,Ingeniería en Alimentos,296,521
2024,Tecnología,"Ingeniería en Automatización, Instrumentación y Control",5250,421
2024,Tecnología,Ingeniería en Biotecnología y Bioingeniería,1083,1170
2024,Tecnología,Ingeniería en Computación e Informática,27159,3962
2024,Tecnología,Ingeniería en Conectividad y Redes,4889,572
2024,Tecnología,Ingeniería en Construcción,9332,2412
2024,Tecnología,Ingeniería en Electricidad,13869,730
2024,Tecnología,Ingeniería en Electrónica,559,37
2024,Tecnología,Ingeniería en Energía,515,127
2024,Tecnología,Ingeniería en Geomensura y Cartografía,1,0
2024,Tecnología,Ingeniería en Industria de la Madera,1,0
2024,Tecnología,Ingeniería en Mecatrónica,312,44
2024,Tecnología,Ingeniería en Mecánica Automotriz,18995,1086
2024,Tecnología,Ingeniería en Medio Ambiente,1056,1279
2024,Tecnología,Ingeniería en Metalurgia,559,335
2024,Tecnología,Ingeniería en Minas,4425,1900
2024,Tecnología,Ingeniería en Prevención de Riesgos,4294,4620
2024,Tecnología,Ingeniería en Proyectos Estructurales,45,18
2024,Tecnología,Ingeniería en Química,442,458
2024,Tecnología,Ingeniería en Recursos Renovables,776,942
2024,Tecnología,Ingeniería en Refrigeración y Climatización,151,15
2024,Tecnología,Ingeniería en Sonido,1888,188
2024,Tecnología,Ingeniería en Telecomunicaciones,1189,146
2024,Tecnología,Ingeniería en Transporte y Tránsito,44,26
2024,Tecnología,Otras Ingenierías,1102,639
2024,Tecnología,Otras Ingenierías Civiles,1594,460
2024,Tecnología,Otros Profesionales de Tecnología,956,465
2024,Tecnología,Otros Técnicos de Tecnología,497,75
2024,Tecnología,Química Industrial,112,99
2024,Tecnología,Técnico en Administración de Redes y Soporte,1982,270
2024,Tecnología,Técnico en Agroindustria,29,85
2024,Tecnología,Técnico en Alimentos,161,343
2024,Tecnología,Técnico en Análisis de Sistemas,127,39
2024,Tecnología,Técnico en Biotecnología Industrial,42,55
2024,Tecnología,Técnico en Computación e Informática,13158,2413
2024,Tecnología,Técnico en Construcción y Obras Civiles,8146,1481
2024,Tecnología,Técnico en Dibujo Técnico,88,46
2024,Tecnología,Técnico en Diseño Industrial,1,0
2024,Tecnología,Técnico en Electricidad y Electricidad Industrial,13168,735
2024,Tecnología,Técnico en Electromecánica,1049,107
2024,Tecnología,Técnico en Electrónica y Electrónica Industrial,326,20
2024,Tecnología,Técnico en Energía,1076,239
2024,Tecnología,"Técnico en Instrumentación, Automatización y Control Industrial",6107,687
2024,Tecnología,Técnico en Mantenimiento Industrial,5583,667
2024,Tecnología,Técnico en Mecatrónica,302,32
2024,Tecnología,Técnico en Mecánica Automotriz,11597,752
2024,Tecnología,Técnico en Mecánica Industrial,1496,137
2024,Tecnología,Técnico en Medio Ambiente (Control y Gestión),463,495
2024,Tecnología,Técnico en Metalurgia,236,185
2024,Tecnología,Técnico en Minería,4136,1565
2024,Tecnología,Técnico en Prevención de Riesgos,2553,2597
2024,Tecnología,Técnico en Procesos Industriales,49,5
2024,Tecnología,"Técnico en Producción, Desarrollo y Diseño Web",164,96
2024,Tecnología,Técnico en Proyecto y Diseño Mecánico,4,0
2024,Tecnología,Técnico en Proyectos de Ingeniería,36,20
2024,Tecnología,Técnico en Refrigeración y Climatización,476,28
2024,Tecnología,Técnico en Sonido,1024,89
2024,Tecnología,Técnico en Telecomunicaciones,1359,88
2024,Tecnología,Técnico en Topografía,1612,329
2024,Tecnología,Técnico en Transporte Marítimo y Puertos,345,234
2025,Administración y Comercio,Administración Gastronómica,3863,4636
2025,Administración y Comercio,Administración Turística y Hotelera,2031,3870
2025,Administración y Comercio,Administración de Empresas e Ing. Asociadas,12932,21767
2025,Administración y Comercio,Bachillerato y/o Licenciatura en Administración y Comercio,257,235
2025,Administración y Comercio,Contador Auditor,10235,14320
2025,Administración y Comercio,Ingeniería Comercial,27399,19708
2025,Administración y Comercio,Ingeniería en Comercio Exterior,2443,3810
2025,Administración y Comercio,Ingeniería en Control de Gestión,2338,2431
2025,Administración y Comercio,Ingeniería en Finanzas,2362,2864
2025,Administración y Comercio,Ingeniería en Gestión y Control de Calidad,440,466
2025,Administración y Comercio,Ingeniería en Logística,7567,5451
2025,Administración y Comercio,Ingeniería en Marketing,2047,2704
2025,Administración y Comercio,Ingeniería en Recursos Humanos,1727,6470
2025,Administración y Comercio,Ingeniería en Seguridad Privada,3154,830
2025,Administración y Comercio,Otros Profesionales de Administración y Comercio,34,50
2025,Administración y Comercio,Otros Técnicos de Administración y Comercio,143,280
2025,Administración y Comercio,Secretariado Bilingüe,27,271
2025,Administración y Comercio,Secretariado Ejecutivo,14,218
2025,Administración y Comercio,Técnico en Administración Financiera y Finanzas,110,128
2025,Administración y Comercio,Técnico en Administración de Empresas,10053,17609
2025,Administración y Comercio,Técnico en Administración de Recursos Humanos y Personal,652,2827
2025,Administración y Comercio,Técnico en Administración de Ventas,103,103
2025,Administración y Comercio,Técnico en Administración en Marketing,727,986
2025,Administración y Comercio,Técnico en Comercio Exterior,1239,1639
2025,Administración y Comercio,Técnico en Contabilidad General,2344,4842
2025,Administración y Comercio,Técnico en Contabilidad Tributaria,86,210
2025,Administración y Comercio,Técnico en Gastronomía y Cocina,5636,6822
2025,Administración y Comercio,Técnico en Gestión y Control de Calidad,86,85
2025,Administración y Comercio,Técnico en Logística,7542,5226
2025,Administración y Comercio,Técnico en Producción de Eventos,24,43
2025,Administración y Comercio,Técnico en Seguridad Privada,437,86
2025,Administración y Comercio,Técnico en Turismo y Hotelería,1426,2466
2025,Agropecuaria,Agronomía,4110,2907
2025,Agropecuaria,Ingeniería Agrícola,2572,1948
2025,Agropecuaria,Ingeniería Forestal,305,263
2025,Agropecuaria,Ingeniería de Ejecución Forestal,3,2
2025,Agropecuaria,Ingeniería en Acuicultura y Pesca,47,36
2025,Agropecuaria,Medicina Veterinaria,5341,16030
2025,Agropecuaria,Técnico Agropecuario,2380,1921
2025,Agropecuaria,Técnico Veterinario,1299,4699
2025,Agropecuaria,Técnico en Acuicultura y Pesca,252,186
2025,Agropecuaria,Técnico en Vitivinicultura y/o Enología,65,65
2025,Arte y Arquitectura,Actuación y Teatro,546,1203
2025,Arte y Arquitectura,Animación Digital,1820,2041
2025,Arte y Arquitectura,Arquitectura,7982,9721
2025,Arte y Arquitectura,Artes y Licenciatura en Artes,834,2608
2025,Arte y Arquitectura,Comunicación Audiovisual y/o Multimedia,2309,1455
2025,Arte y Arquitectura,Diseño,1397,5196
2025,Arte y Arquitectura,Diseño Gráfico,3410,4945
2025,Arte y Arquitectura,Diseño Teatral,22,95
2025,Arte y Arquitectura,Diseño de Ambientes e Interiores,141,930
2025,Arte y Arquitectura,Diseño de Vestuario,377,1663
2025,Arte y Arquitectura,Fotografía,128,140
2025,Arte y Arquitectura,"Música, Canto o Danza",2781,1840
2025,Arte y Arquitectura,Otros Profesionales de Arte y Arquitectura,568,3335
2025,Arte y Arquitectura,Otros Técnicos de Arte y Arquitectura,513,741
2025,Arte y Arquitectura,Paisajismo,28,57
2025,Arte y Arquitectura,Realizador de Cine y Televisión,850,759
2025,Arte y Arquitectura,Técnico en Ambientes e Interiores,22,46
2025,Arte y Arquitectura,Técnico en Comunicación Audiovisual,478,187
2025,Arte y Arquitectura,Técnico en Dibujo Arquitectónico,482,280
2025,Arte y Arquitectura,Técnico en Diseño Gráfico,1619,1457
2025,Arte y Arquitectura,Técnico en Diseño de Vestuario,117,527
2025,Arte y Arquitectura,Técnico en Diseño de Áreas Verdes y Paisajismo,39,42
2025,Arte y Arquitectura,Técnico en Fotografía,32,34
2025,Arte y Arquitectura,Técnico en Peluquería y Estética,221,7357
2025,Arte y Arquitectura,Técnico en Producción Gráfica y Multimedia,423,160
2025,Arte y Arquitectura,Técnico en Producción de Videojuegos,103,14
2025,Ciencias Básicas,Analista Químico,165,219
2025,Ciencias Básicas,Bachillerato y/o Licenciatura en Ciencias Básicas,1972,1734
2025,Ciencias Básicas,Biología,575,766
2025,Ciencias Básicas,Biología Marina y Ecología Marina,927,1173
2025,Ciencias Básicas,Bioquímica,1215,1728
2025,Ciencias Básicas,Física y Astronomía,1759,821
2025,Ciencias Básicas,Geología,2456,1576
2025,Ciencias Básicas,Ingeniería Civil Matemática y Estadística,831,280
2025,Ciencias Básicas,Ingeniería Civil en Geomática y Geomensura,103,52
2025,Ciencias Básicas,Ingeniería en Geomensura y Cartografía,1269,291
2025,Ciencias Básicas,Ingeniería en Matemática y Estadística,837,460
2025,Ciencias Básicas,Matemática y/o Estadística,433,179
2025,Ciencias Básicas,Otros Profesionales de Ciencias Básicas,50,72
2025,Ciencias Básicas,Química Ambiental,93,107
2025,Ciencias Básicas,"Química, Licenciado en Química",510,450
2025,Ciencias Básicas,Técnico en Análisis de Datos,376,214
2025,Ciencias Básicas,Técnico en Geología,136,79
2025,Ciencias Básicas,Técnico en Geominería,85,55
2025,Ciencias Básicas,Técnico en Química (Análisis e Industrial),208,296
2025,Ciencias Sociales,Administración Pública,6334,8506
2025,Ciencias Sociales,Antropología,829,1439
2025,Ciencias Sociales,Arqueología,264,305
2025,Ciencias Sociales,Bachillerato y/o Licenciatura en Ciencias Sociales,784,960
2025,Ciencias Sociales,Ciencias Políticas,781,937
2025,Ciencias Sociales,Comunicación Social,40,87
2025,Ciencias Sociales,Geografía,682,398
2025,Ciencias Sociales,Historia,873,682
2025,Ciencias Sociales,Ingeniería en Gestión Pública,430,839
2025,Ciencias Sociales,Otros Profesionales de Ciencias Sociales,138,491
2025,Ciencias Sociales,Otros Técnicos de Ciencias Sociales,69,208
2025,Ciencias Sociales,Periodismo,3619,3931
2025,Ciencias Sociales,Psicología,16264,40283
2025,Ciencias Sociales,Publicidad,1694,3118
2025,Ciencias Sociales,Relaciones Públicas,202,647
2025,Ciencias Sociales,Sociología,1133,1322
2025,Ciencias Sociales,Trabajo Social,5458,27346
2025,Ciencias Sociales,Técnico en Administración Pública o Municipal,1460,3332
2025,Ciencias Sociales,Técnico en Comunicación Social,58,42
2025,Ciencias Sociales,Técnico en Prevención y Rehabilitación,511,748
2025,Ciencias Sociales,Técnico en Publicidad,8,10
2025,Ciencias Sociales,Técnico en Relaciones Públicas,51,115
2025,Ciencias Sociales,Técnico en Servicio Social,1193,7378
2025,Derecho,Bachillerato y/o Licenciatura en Derecho,34,27
2025,Derecho,Derecho,21435,28372
2025,Derecho,Técnico Jurídico,786,2059
2025,Educación,Bachillerato y/o Licenciatura en Educación,76,289
2025,Educación,Otros Profesionales de Educación,2310,424
2025,Educación,Otros Técnicos de Educación,115,1066
2025,Educación,Pedagogía en Artes y Música,1225,1164
2025,Educación,Pedagogía en Ciencias,988,1339
2025,Educación,Pedagogía en Educación Básica,1301,6367
2025,Educación,Pedagogía en Educación Diferencial,552,9661
2025,Educación,Pedagogía en Educación Física,5478,2289
2025,Educación,Pedagogía en Educación Media,270,336
2025,Educación,Pedagogía en Educación Técnico Profesional,96,96
2025,Educación,Pedagogía en Educación de Párvulos,43,12058
2025,Educación,Pedagogía en Filosofía y Religión,312,224
2025,Educación,"Pedagogía en Historia, Geografía y Ciencias Sociales",1722,1322
2025,Educación,Pedagogía en Idiomas,2750,5340
2025,Educación,"Pedagogía en Lenguaje, Comunicación y/o Castellano",1415,3011
2025,Educación,Pedagogía en Matemáticas y Computación,1665,1459
2025,Educación,Programas de Formación Pedagógica,411,521
2025,Educación,Psicopedagogía,784,9975
2025,Educación,Técnico Asistente del Educador Diferencial,317,8753
2025,Educación,Técnico Asistente del Educador de Párvulos,81,21385
2025,Educación,"Técnico en Deporte, Recreación y Preparación Física",7570,2285
2025,Humanidades,Bachillerato y/o Licenciatura en Humanidades,311,326
2025,Humanidades,Bibliotecología,105,338
2025,Humanidades,Filosofía,419,251
2025,Humanidades,Licenciatura en Letras y Literatura,588,1549
2025,Humanidades,Otros Profesionales de Humanidades,75,3
2025,Humanidades,Otros Técnicos de Humanidades,14,90
2025,Humanidades,Traducción e Interpretación,1216,2653
2025,Humanidades,Técnico en Bibliotecas y Centros de Documentación,62,129
2025,Humanidades,Técnico en Traducción e Interpretariado,169,319
2025,Salud,Bachillerato y/o Licenciatura en Salud,639,1601
2025,Salud,Enfermería,7069,30333
2025,Salud,Fonoaudiología,859,7252
2025,Salud,Kinesiología,13411,12008
2025,Salud,Medicina,8635,12594
2025,Salud,Naturopatía,62,406
2025,Salud,Nutrición y Dietética,3057,11081
2025,Salud,Obstetricia y Puericultura,430,12689
2025,Salud,Odontología,4561,10250
2025,Salud,Otros Profesionales de Salud,109,20
2025,Salud,Química y Farmacia,4692,7150
2025,Salud,Tecnología Médica,6009,10413
2025,Salud,Terapia Ocupacional,2066,12089
2025,Salud,Técnico Dental y Asistente de Odontología,893,5311
2025,Salud,Técnico Laboratorista Dental,262,872
2025,Salud,Técnico en Enfermería,6979,36449
2025,Salud,Técnico en Farmacia,1049,3857
2025,Salud,Técnico en Laboratorio Clínico,425,1759
2025,Salud,Técnico en Masoterapia,382,881
2025,Salud,Técnico en Nutrición y Dietética,60,231
2025,Salud,Técnico en Podología,322,3997
2025,Salud,Técnico en Radiología y Radioterapia,206,442
2025,Salud,Técnico en Terapias Naturales y Naturopatía,44,414
2025,Salud,Técnico en Óptica,96,135
2025,Tecnología,Bachillerato y/o Licenciatura en Tecnología,559,137
2025,Tecnología,Biotecnología,230,291
2025,Tecnología,Construcción Civil,9077,2330
2025,Tecnología,Diseño Industrial,577,734
2025,Tecnología,Ingeniería Agroindustrial,23,31
2025,Tecnología,Ingeniería Civil Agrícola,108,33
2025,Tecnología,Ingeniería Civil Ambiental,520,662
2025,Tecnología,Ingeniería Civil Bioquímica,134,189
2025,Tecnología,Ingeniería Civil Electrónica,2189,260
2025,Tecnología,Ingeniería Civil Eléctrica,4386,522
2025,Tecnología,Ingeniería Civil Industrial,24340,10564
2025,Tecnología,Ingeniería Civil Mecánica,3969,583
2025,Tecnología,Ingeniería Civil Metalúrgica,1176,533
2025,Tecnología,Ingeniería Civil Química,1613,1280
2025,Tecnología,Ingeniería Civil en Biomédica,536,534
2025,Tecnología,Ingeniería Civil en Biotecnología y/o Bioingeniería,274,424
2025,Tecnología,Ingeniería Civil en Computación e Informática,15494,2381
2025,Tecnología,Ingeniería Civil en Energía,98,47
2025,Tecnología,Ingeniería Civil en Geografía,32,10
2025,Tecnología,Ingeniería Civil en Industrias Forestales,9,1
2025,Tecnología,Ingeniería Civil en Materiales,54,12
2025,Tecnología,Ingeniería Civil en Minas,4463,1906
2025,Tecnología,Ingeniería Civil en Obras Civiles,2230,734
2025,Tecnología,Ingeniería Civil en Sonido y Acústica,92,11
2025,Tecnología,Ingeniería Civil en Telemática,585,102
2025,Tecnología,"Ingeniería Civil, plan común y licenciatura en Ciencias de la Ingeniería",13412,5409
2025,Tecnología,Ingeniería Industrial,16760,3578
2025,Tecnología,Ingeniería Marina y Marítimo Portuaria,636,128
2025,Tecnología,Ingeniería Mecánica,1334,84
2025,Tecnología,Ingeniería Naval,180,67
2025,Tecnología,Ingeniería en Alimentos,268,482
2025,Tecnología,"Ingeniería en Automatización, Instrumentación y Control",5526,528
2025,Tecnología,Ingeniería en Biotecnología y Bioingeniería,1029,1220
2025,Tecnología,Ingeniería en Computación e Informática,29773,4647
2025,Tecnología,Ingeniería en Conectividad y Redes,5922,763
2025,Tecnología,Ingeniería en Construcción,9797,2284
2025,Tecnología,Ingeniería en Electricidad,16295,971
2025,Tecnología,Ingeniería en Electrónica,561,38
2025,Tecnología,Ingeniería en Energía,607,163
2025,Tecnología,Ingeniería en Geomensura y Cartografía,1,0
2025,Tecnología,Ingeniería en Industria de la Madera,1,0
2025,Tecnología,Ingeniería en Mecatrónica,463,67
2025,Tecnología,Ingeniería en Mecánica Automotriz,20756,1302
2025,Tecnología,Ingeniería en Medio Ambiente,920,1079
2025,Tecnología,Ingeniería en Metalurgia,585,359
2025,Tecnología,Ingeniería en Minas,5203,2326
2025,Tecnología,Ingeniería en Prevención de Riesgos,4704,5340
2025,Tecnología,Ingeniería en Proyectos Estructurales,47,19
2025,Tecnología,Ingeniería en Química,402,420
2025,Tecnología,Ingeniería en Recursos Renovables,763,903
2025,Tecnología,Ingeniería en Refrigeración y Climatización,225,20
2025,Tecnología,Ingeniería en Sonido,2051,218
2025,Tecnología,Ingeniería en Telecomunicaciones,1082,129
2025,Tecnología,Ingeniería en Transporte y Tránsito,24,16
2025,Tecnología,Otras Ingenierías,1383,765
2025,Tecnología,Otras Ingenierías Civiles,1711,511
2025,Tecnología,Otros Profesionales de Tecnología,979,465
2025,Tecnología,Otros Técnicos de Tecnología,453,106
2025,Tecnología,Química Industrial,123,115
2025,Tecnología,Técnico en Administración de Redes y Soporte,1963,303
2025,Tecnología,Técnico en Agroindustria,33,94
2025,Tecnología,Técnico en Alimentos,150,289
2025,Tecnología,Técnico en Análisis de Sistemas,65,15
2025,Tecnología,Técnico en Biotecnología Industrial,43,64
2025,Tecnología,Técnico en Computación e Informática,12689,2582
2025,Tecnología,Técnico en Construcción y Obras Civiles,8010,1342
2025,Tecnología,Técnico en Dibujo Técnico,90,43
2025,Tecnología,Técnico en Electricidad y Electricidad Industrial,13788,842
2025,Tecnología,Técnico en Electromecánica,898,107
2025,Tecnología,Técnico en Electrónica y Electrónica Industrial,320,25
2025,Tecnología,Técnico en Energía,851,232
2025,Tecnología,"Técnico en Instrumentación, Automatización y Control Industrial",6248,799
2025,Tecnología,Técnico en Mantenimiento Industrial,6268,867
2025,Tecnología,Técnico en Mecatrónica,317,50
2025,Tecnología,Técnico en Mecánica Automotriz,11608,835
2025,Tecnología,Técnico en Mecánica Industrial,1610,132
2025,Tecnología,Técnico en Medio Ambiente (Control y Gestión),461,507
2025,Tecnología,Técnico en Metalurgia,249,228
2025,Tecnología,Técnico en Minería,4877,2085
2025,Tecnología,Técnico en Prevención de Riesgos,2629,3172
2025,Tecnología,Técnico en Procesos Industriales,162,122
2025,Tecnología,"Técnico en Producción, Desarrollo y Diseño Web",129,87
2025,Tecnología,Técnico en Proyectos de Ingeniería,45,22
2025,Tecnología,Técnico en Refrigeración y Climatización,533,22
2025,Tecnología,Técnico en Sonido,900,77
2025,Tecnología,Técnico en Telecomunicaciones,1239,115
2025,Tecnología,Técnico en Topografía,1464,307
2025,Tecnología,Técnico en Transporte Marítimo y Puertos,373,296
2026,Administración y Comercio,Administración Gastronómica,3794,4874
2026,Administración y Comercio,Administración Turística y Hotelera,1878,3892
2026,Administración y Comercio,Administración de Empresas e Ing. Asociadas,13021,22337
2026,Administración y Comercio,Bachillerato y/o Licenciatura en Administración y Comercio,295,270
2026,Administración y Comercio,Contador Auditor,10729,14472
2026,Administración y Comercio,Ingeniería Comercial,28451,20520
2026,Administración y Comercio,Ingeniería en Comercio Exterior,3008,4921
2026,Administración y Comercio,Ingeniería en Control de Gestión,2503,2581
2026,Administración y Comercio,Ingeniería en Finanzas,2253,2738
2026,Administración y Comercio,Ingeniería en Gestión y Control de Calidad,432,487
2026,Administración y Comercio,Ingeniería en Logística,8478,6462
2026,Administración y Comercio,Ingeniería en Marketing,2190,3357
2026,Administración y Comercio,Ingeniería en Recursos Humanos,1683,6893
2026,Administración y Comercio,Ingeniería en Seguridad Privada,3590,832
2026,Administración y Comercio,Otros Profesionales de Administración y Comercio,100,205
2026,Administración y Comercio,Otros Técnicos de Administración y Comercio,97,211
2026,Administración y Comercio,Secretariado Bilingüe,26,280
2026,Administración y Comercio,Secretariado Ejecutivo,8,201
2026,Administración y Comercio,Técnico en Administración Financiera y Finanzas,85,127
2026,Administración y Comercio,Técnico en Administración de Empresas,9704,17464
2026,Administración y Comercio,Técnico en Administración de Recursos Humanos y Personal,643,2890
2026,Administración y Comercio,Técnico en Administración de Ventas,121,137
2026,Administración y Comercio,Técnico en Administración en Marketing,793,1210
2026,Administración y Comercio,Técnico en Comercio Exterior,1258,1834
2026,Administración y Comercio,Técnico en Contabilidad General,2260,4855
2026,Administración y Comercio,Técnico en Contabilidad Tributaria,95,246
2026,Administración y Comercio,Técnico en Gastronomía y Cocina,5081,7092
2026,Administración y Comercio,Técnico en Gestión y Control de Calidad,82,97
2026,Administración y Comercio,Técnico en Logística,7816,5919
2026,Administración y Comercio,Técnico en Producción de Eventos,15,20
2026,Administración y Comercio,Técnico en Seguridad Privada,343,70
2026,Administración y Comercio,Técnico en Turismo y Hotelería,1272,2455
2026,Agropecuaria,Agronomía,4284,3088
2026,Agropecuaria,Ingeniería Agrícola,2393,1836
2026,Agropecuaria,Ingeniería Forestal,300,251
2026,Agropecuaria,Ingeniería de Ejecución Forestal,21,3
2026,Agropecuaria,Ingeniería en Acuicultura y Pesca,62,47
2026,Agropecuaria,Medicina Veterinaria,5702,17436
2026,Agropecuaria,Técnico Agropecuario,2247,1904
2026,Agropecuaria,Técnico Veterinario,1418,5057
2026,Agropecuaria,Técnico en Acuicultura y Pesca,300,199
2026,Agropecuaria,Técnico en Vitivinicultura y/o Enología,45,53
2026,Arte y Arquitectura,Actuación y Teatro,500,1052
2026,Arte y Arquitectura,Animación Digital,1870,2104
2026,Arte y Arquitectura,Arquitectura,7969,10093
2026,Arte y Arquitectura,Artes y Licenciatura en Artes,873,2568
2026,Arte y Arquitectura,Comunicación Audiovisual y/o Multimedia,2177,1576
2026,Arte y Arquitectura,Diseño,1351,5294
2026,Arte y Arquitectura,Diseño Gráfico,3234,4759
2026,Arte y Arquitectura,Diseño Teatral,22,96
2026,Arte y Arquitectura,Diseño de Ambientes e Interiores,129,901
2026,Arte y Arquitectura,Diseño de Vestuario,414,1691
2026,Arte y Arquitectura,Fotografía,81,101
2026,Arte y Arquitectura,"Música, Canto o Danza",2538,1760
2026,Arte y Arquitectura,Otros Profesionales de Arte y Arquitectura,585,3804
2026,Arte y Arquitectura,Otros Técnicos de Arte y Arquitectura,399,568
2026,Arte y Arquitectura,Paisajismo,29,63
2026,Arte y Arquitectura,Realizador de Cine y Televisión,818,814
2026,Arte y Arquitectura,Técnico en Ambientes e Interiores,24,32
2026,Arte y Arquitectura,Técnico en Comunicación Audiovisual,422,193
2026,Arte y Arquitectura,Técnico en Dibujo Arquitectónico,361,213
2026,Arte y Arquitectura,Técnico en Diseño Gráfico,1544,1412
2026,Arte y Arquitectura,Técnico en Diseño de Vestuario,81,418
2026,Arte y Arquitectura,Técnico en Diseño de Áreas Verdes y Paisajismo,40,53
2026,Arte y Arquitectura,Técnico en Fotografía,31,33
2026,Arte y Arquitectura,Técnico en Peluquería y Estética,226,7743
2026,Arte y Arquitectura,Técnico en Producción Gráfica y Multimedia,336,156
2026,Arte y Arquitectura,Técnico en Producción de Videojuegos,98,14
2026,Ciencias Básicas,Analista Químico,164,229
2026,Ciencias Básicas,Bachillerato y/o Licenciatura en Ciencias Básicas,2070,1735
2026,Ciencias Básicas,Biología,622,807
2026,Ciencias Básicas,Biología Marina y Ecología Marina,965,1250
2026,Ciencias Básicas,Bioquímica,1209,1846
2026,Ciencias Básicas,Física y Astronomía,1690,821
2026,Ciencias Básicas,Geología,2487,1605
2026,Ciencias Básicas,Ingeniería Civil Matemática y Estadística,978,310
2026,Ciencias Básicas,Ingeniería Civil en Geomática y Geomensura,129,64
2026,Ciencias Básicas,Ingeniería en Geomensura y Cartografía,1277,276
2026,Ciencias Básicas,Ingeniería en Matemática y Estadística,1001,536
2026,Ciencias Básicas,Matemática y/o Estadística,435,154
2026,Ciencias Básicas,Otros Profesionales de Ciencias Básicas,45,69
2026,Ciencias Básicas,Química Ambiental,90,109
2026,Ciencias Básicas,"Química, Licenciado en Química",521,488
2026,Ciencias Básicas,Técnico en Análisis de Datos,439,267
2026,Ciencias Básicas,Técnico en Geología,106,82
2026,Ciencias Básicas,Técnico en Geominería,86,78
2026,Ciencias Básicas,Técnico en Química (Análisis e Industrial),206,306
2026,Ciencias Sociales,Administración Pública,7012,9524
2026,Ciencias Sociales,Antropología,826,1375
2026,Ciencias Sociales,Arqueología,320,378
2026,Ciencias Sociales,Bachillerato y/o Licenciatura en Ciencias Sociales,828,965
2026,Ciencias Sociales,Ciencias Políticas,817,1127
2026,Ciencias Sociales,Comunicación Social,47,109
2026,Ciencias Sociales,Geografía,623,369
2026,Ciencias Sociales,Historia,835,689
2026,Ciencias Sociales,Ingeniería en Gestión Pública,375,658
2026,Ciencias Sociales,Otros Profesionales de Ciencias Sociales,125,455
2026,Ciencias Sociales,Otros Técnicos de Ciencias Sociales,50,158
2026,Ciencias Sociales,Periodismo,3508,4254
2026,Ciencias Sociales,Psicología,16757,42083
2026,Ciencias Sociales,Publicidad,1588,3396
2026,Ciencias Sociales,Relaciones Públicas,177,612
2026,Ciencias Sociales,Sociología,1050,1293
2026,Ciencias Sociales,Trabajo Social,5264,26923
2026,Ciencias Sociales,Técnico en Administración Pública o Municipal,1569,3458
2026,Ciencias Sociales,Técnico en Comunicación Social,49,39
2026,Ciencias Sociales,Técnico en Prevención y Rehabilitación,653,743
2026,Ciencias Sociales,Técnico en Publicidad,3,4
2026,Ciencias Sociales,Técnico en Relaciones Públicas,53,114
2026,Ciencias Sociales,Técnico en Servicio Social,1058,6450
2026,Derecho,Bachillerato y/o Licenciatura en Derecho,33,19
2026,Derecho,Derecho,21203,29135
2026,Derecho,Técnico Jurídico,759,2093
2026,Educación,Bachillerato y/o Licenciatura en Educación,66,233
2026,Educación,Otros Profesionales de Educación,2540,492
2026,Educación,Otros Técnicos de Educación,122,1068
2026,Educación,Pedagogía en Artes y Música,1199,1100
2026,Educación,Pedagogía en Ciencias,934,1270
2026,Educación,Pedagogía en Educación Básica,1310,6730
2026,Educación,Pedagogía en Educación Diferencial,599,10896
2026,Educación,Pedagogía en Educación Física,5929,2466
2026,Educación,Pedagogía en Educación Media,292,355
2026,Educación,Pedagogía en Educación Tecnológica,1,0
2026,Educación,Pedagogía en Educación Técnico Profesional,98,100
2026,Educación,Pedagogía en Educación de Párvulos,51,12430
2026,Educación,Pedagogía en Filosofía y Religión,282,184
2026,Educación,"Pedagogía en Historia, Geografía y Ciencias Sociales",1623,1387
2026,Educación,Pedagogía en Idiomas,2705,5268
2026,Educación,"Pedagogía en Lenguaje, Comunicación y/o Castellano",1400,3066
2026,Educación,Pedagogía en Matemáticas y Computación,1567,1396
2026,Educación,Programas de Formación Pedagógica,513,653
2026,Educación,Psicopedagogía,779,9987
2026,Educación,Técnico Asistente del Educador Diferencial,312,8448
2026,Educación,Técnico Asistente del Educador de Párvulos,109,21155
2026,Educación,"Técnico en Deporte, Recreación y Preparación Física",7663,2355
2026,Humanidades,Bachillerato y/o Licenciatura en Humanidades,304,313
2026,Humanidades,Bibliotecología,99,325
2026,Humanidades,Filosofía,409,255
2026,Humanidades,Licenciatura en Letras y Literatura,573,1529
2026,Humanidades,Otros Profesionales de Humanidades,67,6
2026,Humanidades,Otros Técnicos de Humanidades,7,67
2026,Humanidades,Traducción e Interpretación,1082,2447
2026,Humanidades,Técnico en Bibliotecas y Centros de Documentación,58,143
2026,Humanidades,Técnico en Traducción e Interpretariado,106,215
2026,Salud,Bachillerato y/o Licenciatura en Salud,581,1472
2026,Salud,Enfermería,7028,30985
2026,Salud,Fonoaudiología,828,7228
2026,Salud,Kinesiología,14343,12420
2026,Salud,Medicina,8814,13177
2026,Salud,Naturopatía,72,469
2026,Salud,Nutrición y Dietética,3084,10916
2026,Salud,Obstetricia y Puericultura,373,12615
2026,Salud,Odontología,4506,10555
2026,Salud,Otros Profesionales de Salud,119,18
2026,Salud,Química y Farmacia,5405,8809
2026,Salud,Tecnología Médica,6011,10569
2026,Salud,Terapia Ocupacional,1988,12566
2026,Salud,Técnico Dental y Asistente de Odontología,752,4730
2026,Salud,Técnico Laboratorista Dental,254,852
2026,Salud,Técnico en Enfermería,5954,33309
2026,Salud,Técnico en Farmacia,1357,5221
2026,Salud,Técnico en Laboratorio Clínico,370,1582
2026,Salud,Técnico en Masoterapia,321,804
2026,Salud,Técnico en Nutrición y Dietética,48,249
2026,Salud,Técnico en Podología,289,4042
2026,Salud,Técnico en Radiología y Radioterapia,189,413
2026,Salud,Técnico en Terapias Naturales y Naturopatía,41,390
2026,Salud,Técnico en Óptica,72,122
2026,Tecnología,Bachillerato y/o Licenciatura en Tecnología,699,194
2026,Tecnología,Biotecnología,225,314
2026,Tecnología,Construcción Civil,9252,2339
2026,Tecnología,Diseño Industrial,542,796
2026,Tecnología,Ingeniería Agroindustrial,9,20
2026,Tecnología,Ingeniería Civil Agrícola,109,38
2026,Tecnología,Ingeniería Civil Ambiental,507,620
2026,Tecnología,Ingeniería Civil Bioquímica,136,189
2026,Tecnología,Ingeniería Civil Electrónica,2280,268
2026,Tecnología,Ingeniería Civil Eléctrica,4778,620
2026,Tecnología,Ingeniería Civil Industrial,26225,12014
2026,Tecnología,Ingeniería Civil Mecánica,4219,701
2026,Tecnología,Ingeniería Civil Metalúrgica,1208,557
2026,Tecnología,Ingeniería Civil Química,1641,1355
2026,Tecnología,Ingeniería Civil en Biomédica,626,632
2026,Tecnología,Ingeniería Civil en Biotecnología y/o Bioingeniería,294,479
2026,Tecnología,Ingeniería Civil en Computación e Informática,16920,2736
2026,Tecnología,Ingeniería Civil en Energía,138,54
2026,Tecnología,Ingeniería Civil en Geografía,16,7
2026,Tecnología,Ingeniería Civil en Industrias Forestales,4,0
2026,Tecnología,Ingeniería Civil en Materiales,51,16
2026,Tecnología,Ingeniería Civil en Minas,5015,2177
2026,Tecnología,Ingeniería Civil en Obras Civiles,2360,800
2026,Tecnología,Ingeniería Civil en Sonido y Acústica,82,12
2026,Tecnología,Ingeniería Civil en Telemática,606,131
2026,Tecnología,"Ingeniería Civil, plan común y licenciatura en Ciencias de la Ingeniería",13102,5483
2026,Tecnología,Ingeniería Industrial,18648,4392
2026,Tecnología,Ingeniería Marina y Marítimo Portuaria,709,149
2026,Tecnología,Ingeniería Mecánica,1100,116
2026,Tecnología,Ingeniería Naval,195,69
2026,Tecnología,Ingeniería en Alimentos,275,493
2026,Tecnología,"Ingeniería en Automatización, Instrumentación y Control",6170,676
2026,Tecnología,Ingeniería en Biotecnología y Bioingeniería,992,1337
2026,Tecnología,Ingeniería en Computación e Informática,30952,5224
2026,Tecnología,Ingeniería en Conectividad y Redes,6884,974
2026,Tecnología,Ingeniería en Construcción,9781,2229
2026,Tecnología,Ingeniería en Electricidad,18509,1248
2026,Tecnología,Ingeniería en Electrónica,564,36
2026,Tecnología,Ingeniería en Energía,583,173
2026,Tecnología,Ingeniería en Mecatrónica,602,93
2026,Tecnología,Ingeniería en Mecánica Automotriz,22179,1536
2026,Tecnología,Ingeniería en Medio Ambiente,835,940
2026,Tecnología,Ingeniería en Metalurgia,629,410
2026,Tecnología,Ingeniería en Minas,6368,2962
2026,Tecnología,Ingeniería en Prevención de Riesgos,5245,6348
2026,Tecnología,Ingeniería en Proyectos Estructurales,46,16
2026,Tecnología,Ingeniería en Química,372,443
2026,Tecnología,Ingeniería en Recursos Renovables,740,908
2026,Tecnología,Ingeniería en Refrigeración y Climatización,337,18
2026,Tecnología,Ingeniería en Sonido,2145,243
2026,Tecnología,Ingeniería en Telecomunicaciones,938,121
2026,Tecnología,Ingeniería en Transporte y Tránsito,16,10
2026,Tecnología,Otras Ingenierías,1505,875
2026,Tecnología,Otras Ingenierías Civiles,1916,589
2026,Tecnología,Otros Profesionales de Tecnología,931,448
2026,Tecnología,Otros Técnicos de Tecnología,841,162
2026,Tecnología,Química Industrial,118,143
2026,Tecnología,Técnico en Administración de Redes y Soporte,1898,324
2026,Tecnología,Técnico en Agroindustria,34,102
2026,Tecnología,Técnico en Alimentos,137,277
2026,Tecnología,Técnico en Análisis de Sistemas,28,4
2026,Tecnología,Técnico en Biotecnología Industrial,34,70
2026,Tecnología,Técnico en Computación e Informática,11905,2564
2026,Tecnología,Técnico en Construcción y Obras Civiles,7703,1403
2026,Tecnología,Técnico en Dibujo Técnico,61,33
2026,Tecnología,Técnico en Diseño Industrial,0,1
2026,Tecnología,Técnico en Electricidad y Electricidad Industrial,15157,1006
2026,Tecnología,Técnico en Electromecánica,827,113
2026,Tecnología,Técnico en Electrónica y Electrónica Industrial,340,31
2026,Tecnología,Técnico en Energía,837,199
2026,Tecnología,"Técnico en Instrumentación, Automatización y Control Industrial",6732,974
2026,Tecnología,Técnico en Mantenimiento Industrial,7056,1158
2026,Tecnología,Técnico en Mecatrónica,321,52
2026,Tecnología,Técnico en Mecánica Automotriz,11910,909
2026,Tecnología,Técnico en Mecánica Industrial,1619,206
2026,Tecnología,Técnico en Medio Ambiente (Control y Gestión),437,480
2026,Tecnología,Técnico en Metalurgia,421,358
2026,Tecnología,Técnico en Minería,5765,2720
2026,Tecnología,Técnico en Prevención de Riesgos,2798,3727
2026,Tecnología,Técnico en Procesos Industriales,251,189
2026,Tecnología,"Técnico en Producción, Desarrollo y Diseño Web",68,66
2026,Tecnología,Técnico en Proyecto y Diseño Mecánico,1,0
2026,Tecnología,Técnico en Proyectos de Ingeniería,51,23
2026,Tecnología,Técnico en Refrigeración y Climatización,700,36
2026,Tecnología,Técnico en Sonido,789,80
2026,Tecnología,Técnico en Telecomunicaciones,1066,111
2026,Tecnología,Técnico en Topografía,1399,266
2026,Tecnología,Técnico en Transporte Marítimo y Puertos,436,401
