{"type":"FeatureCollection","features":[{"type":"Feature","properties":{"region":"Región De Arica Y Parinacota"},"geometry":{"type":"Polygon","coordinates":[[[-69.009,-18.998],[-69.153,-19.103],[-69.236,-19.093],[-69.314,-19.136],[-69.305,-19.09],[-69.398,-19.069],[-69.416,-19.027],[-69.573,-19.022],[-69.693,-18.966],[-69.801,-19.016],[-69.939,-19.02],[-70.275,-19.183],[-70.351,-18.837],[-70.309,-18.813],[-70.35,-18.835],[-70.36,-18.793],[-70.334,-18.48],[-70.303,-18.451],[-70.377,-18.352],[-70.318,-18.311],[-70.149,-18.32],[-70.043,-18.265],[-69.961,-18.26],[-69.849,-18.155],[-69.746,-17.943],[-69.796,-17.87],[-69.82,-17.739],[-69.796,-17.646],[-69.661,-17.656],[-69.469,-17.499],[-69.466,-17.602],[-69.341,-17.724],[-69.311,-17.794],[-69.289,-17.96],[-69.123,-18.002],[-69.058,-18.062],[-69.143,-18.153],[-69.064,-18.235],[-69.048,-18.426],[-69.0,-18.481],[-69.035,-18.627],[-68.989,-18.676],[-68.913,-18.89],[-68.962,-18.952],[-69.016,-18.955],[-69.009,-18.998]]]}},{"type":"Feature","properties":{"region":"Región De Tarapacá"},"geometry":{"type":"Polygon","coordinates":[[[-68.86,-21.285],[-69.315,-21.397],[-69.551,-21.631],[-69.667,-21.463],[-69.766,-21.42],[-69.781,-21.442],[-70.059,-21.43],[-70.088,-21.378],[-70.082,-21.231],[-70.134,-21.13],[-70.125,-21.087],[-70.177,-21.025],[-70.127,-20.935],[-70.207,-20.811],[-70.185,-20.798],[-70.2,-20.534],[-70.158,-20.462],[-70.183,-20.363],[-70.129,-20.296],[-70.163,-20.208],[-70.122,-20.089],[-70.132,-19.883],[-70.165,-19.828],[-70.169,-19.658],[-70.24,-19.602],[-70.206,-19.591],[-70.202,-19.498],[-70.285,-19.309],[-70.287,-19.229],[-70.272,-19.189],[-69.939,-19.02],[-69.801,-19.016],[-69.693,-18.966],[-69.573,-19.022],[-69.416,-19.027],[-69.398,-19.069],[-69.305,-19.09],[-69.314,-19.136],[-69.236,-19.093],[-69.153,-19.103],[-69.013,-19.003],[-69.016,-18.955],[-68.949,-18.936],[-68.886,-19.05],[-68.68,-19.188],[-68.619,-19.276],[-68.543,-19.298],[-68.403,-19.41],[-68.597,-19.632],[-68.621,-19.7],[-68.699,-19.751],[-68.624,-19.784],[-68.599,-19.829],[-68.526,-19.845],[-68.542,-19.889],[-68.518,-19.924],[-68.566,-20.048],[-68.761,-20.076],[-68.773,-20.129],[-68.699,-20.138],[-68.713,-20.248],[-68.658,-20.336],[-68.742,-20.363],[-68.741,-20.453],[-68.439,-20.641],[-68.554,-20.74],[-68.544,-20.905],[-68.488,-20.951],[-68.533,-21.066],[-68.86,-21.285]]]}},{"type":"Feature","properties":{"region":"Región De Antofagasta"},"geometry":{"type":"Polygon","coordinates":[[[-69.036,-25.387],[-68.996,-25.505],[-69.085,-25.584],[-69.058,-25.663],[-69.095,-25.72],[-69.071,-25.739],[-69.138,-25.819],[-69.375,-25.884],[-69.431,-25.859],[-69.512,-25.951],[-69.76,-25.918],[-69.854,-25.945],[-69.908,-25.894],[-70.023,-25.921],[-70.076,-25.965],[-70.265,-25.931],[-70.301,-25.896],[-70.324,-25.931],[-70.487,-25.97],[-70.529,-26.01],[-70.595,-26.005],[-70.584,-26.057],[-70.651,-26.057],[-70.628,-25.994],[-70.739,-25.825],[-70.731,-25.779],[-70.685,-25.745],[-70.684,-25.662],[-70.636,-25.645],[-70.647,-25.53],[-70.528,-25.479],[-70.518,-25.396],[-70.493,-25.409],[-70.449,-25.372],[-70.434,-25.257],[-70.438,-25.19],[-70.51,-25.097],[-70.468,-24.995],[-70.529,-24.916],[-70.545,-24.78],[-70.584,-24.721],[-70.55,-24.595],[-70.581,-24.551],[-70.503,-24.178],[-70.52,-24.021],[-70.496,-23.905],[-70.527,-23.861],[-70.393,-23.613],[-70.404,-23.537],[-70.484,-23.467],[-70.513,-23.468],[-70.545,-23.539],[-70.63,-23.517],[-70.591,-23.428],[-70.606,-23.251],[-70.562,-23.19],[-70.581,-23.082],[-70.517,-23.024],[-70.485,-23.098],[-70.407,-23.084],[-70.29,-22.914],[-70.316,-22.805],[-70.263,-22.636],[-70.284,-22.572],[-70.239,-22.497],[-70.269,-22.461],[-70.232,-22.17],[-70.169,-21.932],[-70.19,-21.902],[-70.143,-21.849],[-70.151,-21.655],[-70.094,-21.593],[-70.059,-21.43],[-69.781,-21.442],[-69.766,-21.42],[-69.667,-21.463],[-69.551,-21.631],[-69.315,-21.397],[-68.86,-21.285],[-68.533,-21.066],[-68.487,-20.949],[-68.413,-20.94],[-68.18,-21.304],[-68.181,-21.612],[-68.06,-21.777],[-68.071,-21.982],[-67.963,-22.055],[-67.939,-22.109],[-67.942,-22.382],[-67.899,-22.408],[-67.895,-22.495],[-67.839,-22.533],[-67.835,-22.582],[-67.883,-22.628],[-67.884,-22.834],[-67.799,-22.878],[-67.562,-22.9],[-67.181,-22.809],[-67.003,-22.995],[-67.324,-24.034],[-68.251,-24.396],[-68.311,-24.491],[-68.387,-24.486],[-68.434,-24.607],[-68.494,-24.599],[-68.492,-24.664],[-68.568,-24.798],[-68.519,-24.874],[-68.432,-24.902],[-68.413,-25.02],[-68.374,-25.036],[-68.344,-25.109],[-68.406,-25.145],[-68.475,-25.132],[-68.507,-25.168],[-68.499,-25.219],[-68.553,-25.26],[-68.541,-25.297],[-68.666,-25.32],[-68.725,-25.388],[-69.036,-25.387]]]}},{"type":"Feature","properties":{"region":"Región De Atacama"},"geometry":{"type":"Polygon","coordinates":[[[-70.546,-29.043],[-70.724,-29.057],[-70.73,-29.102],[-70.805,-29.137],[-70.908,-29.13],[-70.974,-29.177],[-71.005,-29.326],[-71.094,-29.351],[-71.086,-29.306],[-71.183,-29.284],[-71.197,-29.184],[-71.282,-29.187],[-71.349,-29.138],[-71.39,-29.177],[-71.498,-29.183],[-71.506,-29.145],[-71.463,-29.104],[-71.504,-29.079],[-71.48,-29.061],[-71.494,-28.986],[-71.528,-28.987],[-71.491,-28.856],[-71.392,-28.807],[-71.297,-28.68],[-71.28,-28.634],[-71.316,-28.567],[-71.259,-28.542],[-71.27,-28.479],[-71.213,-28.459],[-71.161,-28.36],[-71.199,-28.3],[-71.155,-28.232],[-71.186,-28.118],[-71.144,-28.081],[-71.15,-27.983],[-71.073,-27.76],[-71.036,-27.733],[-71.051,-27.688],[-71.032,-27.659],[-70.997,-27.69],[-70.899,-27.621],[-70.887,-27.487],[-70.967,-27.371],[-70.932,-27.308],[-70.974,-27.172],[-70.935,-27.109],[-70.898,-27.143],[-70.864,-27.13],[-70.856,-27.051],[-70.813,-27.061],[-70.826,-27.034],[-70.791,-27.001],[-70.834,-26.878],[-70.781,-26.776],[-70.738,-26.757],[-70.758,-26.71],[-70.684,-26.571],[-70.711,-26.528],[-70.699,-26.391],[-70.629,-26.346],[-70.676,-26.291],[-70.647,-26.253],[-70.673,-26.204],[-70.66,-26.061],[-70.584,-26.057],[-70.595,-26.005],[-70.529,-26.01],[-70.487,-25.97],[-70.324,-25.931],[-70.301,-25.896],[-70.265,-25.931],[-70.076,-25.965],[-70.023,-25.921],[-69.908,-25.894],[-69.854,-25.945],[-69.76,-25.918],[-69.512,-25.951],[-69.431,-25.859],[-69.379,-25.884],[-69.248,-25.861],[-69.095,-25.797],[-69.071,-25.738],[-69.095,-25.72],[-69.058,-25.663],[-69.085,-25.584],[-68.995,-25.501],[-69.038,-25.383],[-68.818,-25.368],[-68.771,-25.398],[-68.686,-25.368],[-68.666,-25.32],[-68.546,-25.299],[-68.525,-25.365],[-68.589,-25.448],[-68.573,-25.52],[-68.52,-25.572],[-68.548,-25.628],[-68.486,-25.692],[-68.379,-26.184],[-68.561,-26.283],[-68.588,-26.492],[-68.267,-26.911],[-68.318,-26.982],[-68.295,-27.036],[-68.38,-27.044],[-68.451,-27.095],[-68.484,-27.058],[-68.484,-27.124],[-68.559,-27.116],[-68.576,-27.178],[-68.626,-27.167],[-68.673,-27.098],[-68.778,-27.1],[-68.805,-27.154],[-68.842,-27.157],[-68.872,-27.245],[-68.827,-27.294],[-68.882,-27.332],[-68.934,-27.446],[-68.988,-27.447],[-68.943,-27.52],[-68.985,-27.526],[-68.973,-27.552],[-69.009,-27.553],[-69.052,-27.617],[-69.042,-27.683],[-69.083,-27.723],[-69.125,-27.916],[-69.171,-27.972],[-69.254,-27.984],[-69.308,-28.129],[-69.383,-28.185],[-69.388,-28.223],[-69.457,-28.184],[-69.524,-28.331],[-69.651,-28.399],[-69.663,-28.589],[-69.69,-28.59],[-69.733,-28.682],[-69.692,-28.768],[-69.766,-28.91],[-69.788,-29.13],[-69.838,-29.125],[-69.948,-29.188],[-69.939,-29.251],[-70.026,-29.323],[-70.017,-29.393],[-69.966,-29.41],[-69.983,-29.452],[-69.954,-29.503],[-70.172,-29.526],[-70.308,-29.37],[-70.381,-29.371],[-70.392,-29.396],[-70.457,-29.378],[-70.445,-29.324],[-70.48,-29.287],[-70.468,-29.24],[-70.546,-29.043]]]}},{"type":"Feature","properties":{"region":"Región De Coquimbo"},"geometry":{"type":"Polygon","coordinates":[[[-71.366,-29.952],[-71.298,-29.95],[-71.274,-29.894],[-71.284,-29.831],[-71.346,-29.756],[-71.288,-29.619],[-71.334,-29.556],[-71.309,-29.42],[-71.341,-29.402],[-71.338,-29.333],[-71.47,-29.25],[-71.5,-29.186],[-71.39,-29.177],[-71.369,-29.141],[-71.282,-29.187],[-71.197,-29.184],[-71.183,-29.284],[-71.086,-29.306],[-71.094,-29.351],[-71.06,-29.351],[-71.005,-29.326],[-70.974,-29.177],[-70.908,-29.13],[-70.805,-29.137],[-70.73,-29.102],[-70.714,-29.053],[-70.535,-29.043],[-70.531,-29.125],[-70.468,-29.24],[-70.48,-29.287],[-70.445,-29.324],[-70.457,-29.378],[-70.392,-29.396],[-70.381,-29.371],[-70.308,-29.37],[-70.172,-29.526],[-69.946,-29.512],[-69.94,-29.655],[-69.877,-29.726],[-69.915,-29.801],[-69.877,-29.862],[-69.914,-30.026],[-69.965,-30.086],[-69.937,-30.121],[-69.818,-30.13],[-69.819,-30.186],[-69.835,-30.219],[-69.885,-30.219],[-69.892,-30.351],[-69.955,-30.386],[-70.063,-30.395],[-70.154,-30.347],[-70.117,-30.432],[-70.195,-30.492],[-70.191,-30.549],[-70.247,-30.635],[-70.246,-30.728],[-70.323,-30.93],[-70.269,-31.044],[-70.322,-31.045],[-70.4,-31.168],[-70.455,-31.08],[-70.497,-31.122],[-70.547,-31.314],[-70.533,-31.408],[-70.569,-31.473],[-70.567,-31.601],[-70.466,-31.701],[-70.461,-31.844],[-70.375,-31.886],[-70.28,-31.884],[-70.209,-31.96],[-70.288,-32.051],[-70.354,-32.026],[-70.388,-32.043],[-70.335,-32.07],[-70.341,-32.11],[-70.304,-32.136],[-70.326,-32.276],[-70.358,-32.254],[-70.438,-32.27],[-70.456,-32.173],[-70.645,-32.139],[-70.657,-32.055],[-70.691,-32.063],[-70.74,-32.021],[-70.931,-32.08],[-70.952,-32.048],[-71.041,-32.032],[-71.031,-32.073],[-71.135,-32.152],[-71.182,-32.171],[-71.222,-32.127],[-71.339,-32.203],[-71.478,-32.155],[-71.503,-32.181],[-71.541,-32.178],[-71.514,-32.124],[-71.526,-32.005],[-71.491,-31.97],[-71.529,-31.95],[-71.501,-31.871],[-71.56,-31.848],[-71.505,-31.769],[-71.547,-31.738],[-71.582,-31.595],[-71.57,-31.498],[-71.668,-31.165],[-71.646,-31.011],[-71.708,-30.79],[-71.719,-30.605],[-71.654,-30.273],[-71.627,-30.237],[-71.607,-30.298],[-71.528,-30.292],[-71.449,-30.165],[-71.43,-30.196],[-71.392,-30.179],[-71.372,-30.079],[-71.418,-30.002],[-71.355,-29.982],[-71.366,-29.952]]]}},{"type":"Feature","properties":{"region":"Región De Valparaíso"},"geometry":{"type":"Polygon","coordinates":[[[-71.538,-33.764],[-71.556,-33.872],[-71.719,-33.956],[-71.75,-33.92],[-71.843,-33.92],[-71.794,-33.773],[-71.658,-33.701],[-71.604,-33.542],[-71.709,-33.425],[-71.653,-33.304],[-71.708,-33.2],[-71.685,-33.173],[-71.745,-33.1],[-71.674,-33.103],[-71.649,-33.022],[-71.613,-33.043],[-71.553,-33.01],[-71.552,-32.93],[-71.507,-32.913],[-71.549,-32.821],[-71.539,-32.768],[-71.493,-32.772],[-71.509,-32.712],[-71.468,-32.71],[-71.431,-32.638],[-71.476,-32.515],[-71.435,-32.496],[-71.409,-32.392],[-71.471,-32.347],[-71.473,-32.271],[-71.526,-32.242],[-71.543,-32.178],[-71.478,-32.155],[-71.339,-32.203],[-71.222,-32.127],[-71.182,-32.171],[-71.135,-32.152],[-71.031,-32.073],[-71.041,-32.032],[-70.952,-32.048],[-70.931,-32.08],[-70.74,-32.021],[-70.691,-32.063],[-70.657,-32.055],[-70.645,-32.139],[-70.456,-32.173],[-70.438,-32.27],[-70.357,-32.254],[-70.225,-32.322],[-70.236,-32.422],[-70.153,-32.463],[-70.123,-32.537],[-70.172,-32.622],[-70.145,-32.726],[-70.054,-32.859],[-69.991,-32.894],[-69.986,-32.997],[-70.08,-33.031],[-70.156,-33.113],[-70.2,-33.111],[-70.244,-33.188],[-70.3,-33.113],[-70.375,-33.105],[-70.425,-33.021],[-70.509,-33.089],[-70.604,-32.942],[-70.707,-32.961],[-70.728,-32.925],[-70.842,-32.922],[-71.015,-32.977],[-71.001,-33.05],[-71.029,-33.084],[-70.998,-33.199],[-71.215,-33.234],[-71.195,-33.311],[-71.223,-33.373],[-71.343,-33.416],[-71.336,-33.607],[-71.438,-33.68],[-71.36,-33.771],[-71.435,-33.788],[-71.538,-33.764]]]}},{"type":"Feature","properties":{"region":"Región Metropolitana De Santiago"},"geometry":{"type":"Polygon","coordinates":[[[-70.824,-33.954],[-70.793,-34.0],[-70.935,-34.087],[-70.914,-34.145],[-71.072,-34.184],[-71.185,-34.158],[-71.301,-34.03],[-71.39,-34.076],[-71.448,-34.014],[-71.566,-33.987],[-71.587,-34.034],[-71.712,-33.966],[-71.692,-33.928],[-71.556,-33.872],[-71.545,-33.765],[-71.36,-33.771],[-71.438,-33.68],[-71.336,-33.607],[-71.343,-33.416],[-71.223,-33.373],[-71.195,-33.311],[-71.215,-33.234],[-70.998,-33.199],[-71.029,-33.084],[-71.001,-33.05],[-71.016,-32.977],[-70.842,-32.922],[-70.728,-32.925],[-70.707,-32.961],[-70.604,-32.942],[-70.509,-33.089],[-70.425,-33.021],[-70.375,-33.105],[-70.3,-33.113],[-70.244,-33.188],[-70.236,-33.14],[-70.094,-33.051],[-70.052,-33.135],[-70.064,-33.206],[-70.004,-33.322],[-69.917,-33.244],[-69.904,-33.273],[-69.8,-33.288],[-69.77,-33.357],[-69.816,-33.391],[-69.796,-33.423],[-69.872,-33.541],[-69.864,-33.716],[-69.904,-33.774],[-69.898,-33.848],[-69.855,-33.892],[-69.906,-33.963],[-69.854,-33.964],[-69.822,-34.013],[-69.873,-34.133],[-69.801,-34.194],[-69.807,-34.248],[-69.909,-34.291],[-69.971,-34.25],[-70.053,-34.28],[-70.067,-34.207],[-70.164,-34.159],[-70.142,-34.12],[-70.18,-34.036],[-70.241,-34.033],[-70.262,-34.071],[-70.34,-34.053],[-70.321,-33.999],[-70.375,-33.884],[-70.423,-33.855],[-70.6,-33.894],[-70.654,-33.937],[-70.708,-33.905],[-70.824,-33.954]]]}},{"type":"Feature","properties":{"region":"Región Del Libertador Gral. Bernardo O'higgins"},"geometry":{"type":"Polygon","coordinates":[[[-71.135,-34.786],[-71.213,-34.835],[-71.279,-34.792],[-71.374,-34.834],[-71.366,-34.913],[-71.662,-34.855],[-71.677,-34.927],[-71.71,-34.937],[-71.795,-34.827],[-71.914,-34.815],[-72.005,-34.705],[-72.056,-34.687],[-72.025,-34.488],[-72.049,-34.424],[-71.975,-34.342],[-72.009,-34.132],[-71.835,-33.903],[-71.838,-33.924],[-71.749,-33.921],[-71.587,-34.034],[-71.564,-33.987],[-71.448,-34.014],[-71.39,-34.076],[-71.301,-34.03],[-71.185,-34.158],[-71.072,-34.184],[-70.914,-34.145],[-70.937,-34.09],[-70.893,-34.076],[-70.889,-34.039],[-70.808,-34.025],[-70.792,-33.993],[-70.825,-33.953],[-70.797,-33.931],[-70.758,-33.943],[-70.708,-33.905],[-70.654,-33.937],[-70.439,-33.851],[-70.375,-33.884],[-70.321,-33.999],[-70.34,-34.053],[-70.262,-34.071],[-70.244,-34.034],[-70.184,-34.033],[-70.142,-34.12],[-70.164,-34.159],[-70.051,-34.226],[-70.013,-34.412],[-70.132,-34.488],[-70.218,-34.612],[-70.216,-34.684],[-70.307,-34.747],[-70.249,-34.8],[-70.359,-35.005],[-70.474,-34.996],[-70.541,-34.934],[-70.622,-34.988],[-70.77,-34.859],[-70.957,-34.872],[-71.047,-34.792],[-71.099,-34.828],[-71.135,-34.786]]]}},{"type":"Feature","properties":{"region":"Región Del Maule"},"geometry":{"type":"Polygon","coordinates":[[[-71.114,-36.362],[-71.225,-36.463],[-71.282,-36.448],[-71.337,-36.543],[-71.41,-36.503],[-71.467,-36.412],[-71.701,-36.353],[-71.812,-36.255],[-71.974,-36.259],[-72.075,-36.131],[-72.103,-36.124],[-72.138,-36.246],[-72.238,-36.207],[-72.278,-36.261],[-72.315,-36.233],[-72.372,-36.258],[-72.412,-36.208],[-72.338,-36.206],[-72.338,-36.174],[-72.502,-36.143],[-72.493,-36.072],[-72.583,-36.078],[-72.645,-36.015],[-72.655,-36.047],[-72.778,-36.014],[-72.785,-35.975],[-72.57,-35.804],[-72.564,-35.755],[-72.635,-35.606],[-72.618,-35.561],[-72.489,-35.463],[-72.498,-35.391],[-72.406,-35.315],[-72.385,-35.224],[-72.204,-35.11],[-72.179,-34.895],[-72.058,-34.687],[-72.005,-34.705],[-71.913,-34.815],[-71.795,-34.827],[-71.71,-34.937],[-71.677,-34.927],[-71.662,-34.855],[-71.366,-34.913],[-71.374,-34.834],[-71.279,-34.792],[-71.213,-34.835],[-71.135,-34.786],[-71.099,-34.828],[-71.046,-34.793],[-70.957,-34.872],[-70.77,-34.859],[-70.622,-34.988],[-70.541,-34.934],[-70.474,-34.996],[-70.359,-35.005],[-70.376,-35.171],[-70.548,-35.209],[-70.583,-35.28],[-70.499,-35.323],[-70.437,-35.316],[-70.418,-35.355],[-70.449,-35.391],[-70.446,-35.47],[-70.368,-35.52],[-70.413,-35.529],[-70.386,-35.608],[-70.423,-35.641],[-70.359,-35.747],[-70.379,-35.788],[-70.315,-35.812],[-70.421,-35.876],[-70.423,-35.915],[-70.365,-35.925],[-70.422,-35.971],[-70.381,-35.99],[-70.371,-36.04],[-70.427,-36.093],[-70.421,-36.156],[-70.49,-36.178],[-70.57,-36.133],[-70.571,-36.176],[-70.632,-36.239],[-70.705,-36.273],[-70.688,-36.408],[-70.787,-36.429],[-70.816,-36.396],[-70.845,-36.419],[-70.884,-36.397],[-70.889,-36.466],[-70.956,-36.503],[-71.061,-36.463],[-71.059,-36.387],[-71.114,-36.362]]]}},{"type":"Feature","properties":{"region":"Región Del Biobío"},"geometry":{"type":"Polygon","coordinates":[[[-73.138,-38.216],[-73.341,-38.366],[-73.272,-38.435],[-73.275,-38.49],[-73.321,-38.482],[-73.32,-38.438],[-73.383,-38.399],[-73.517,-38.481],[-73.514,-38.262],[-73.467,-38.229],[-73.454,-38.082],[-73.535,-37.886],[-73.666,-37.723],[-73.674,-37.603],[-73.602,-37.535],[-73.591,-37.461],[-73.684,-37.336],[-73.649,-37.197],[-73.588,-37.147],[-73.543,-37.204],[-73.457,-37.205],[-73.394,-37.244],[-73.27,-37.224],[-73.191,-37.167],[-73.142,-37.057],[-73.189,-37.002],[-73.153,-36.851],[-73.218,-36.773],[-73.131,-36.746],[-73.163,-36.712],[-73.119,-36.614],[-73.09,-36.63],[-73.107,-36.722],[-72.994,-36.734],[-72.956,-36.628],[-73.001,-36.578],[-72.976,-36.526],[-72.955,-36.557],[-72.932,-36.543],[-72.897,-36.446],[-72.81,-36.46],[-72.793,-36.511],[-72.828,-36.526],[-72.798,-36.606],[-72.734,-36.617],[-72.72,-36.655],[-72.654,-36.667],[-72.59,-36.734],[-72.593,-36.816],[-72.538,-36.85],[-72.571,-36.894],[-72.645,-36.883],[-72.653,-36.922],[-72.517,-36.939],[-72.502,-36.896],[-72.451,-36.908],[-72.462,-36.927],[-72.385,-36.912],[-72.326,-36.981],[-72.192,-37.03],[-72.187,-37.053],[-72.261,-37.093],[-72.274,-37.195],[-72.062,-37.194],[-72.066,-37.168],[-72.036,-37.166],[-71.991,-37.193],[-71.899,-37.185],[-71.797,-37.109],[-71.687,-37.144],[-71.563,-37.134],[-71.552,-37.02],[-71.51,-37.005],[-71.41,-37.09],[-71.383,-37.067],[-71.27,-37.112],[-71.093,-37.114],[-71.135,-37.142],[-71.115,-37.207],[-71.22,-37.274],[-71.199,-37.381],[-71.152,-37.402],[-71.118,-37.489],[-71.15,-37.539],[-71.128,-37.587],[-71.192,-37.629],[-71.211,-37.691],[-71.127,-37.821],[-71.166,-37.861],[-71.111,-37.892],[-71.11,-37.952],[-71.065,-37.968],[-71.052,-38.048],[-70.986,-38.108],[-71.377,-38.085],[-71.436,-38.177],[-71.532,-38.204],[-71.554,-38.246],[-71.609,-38.241],[-71.649,-38.314],[-71.709,-38.266],[-71.688,-38.25],[-71.721,-38.146],[-71.698,-38.084],[-71.734,-38.043],[-71.777,-38.03],[-71.879,-38.078],[-71.966,-37.994],[-72.102,-37.999],[-72.245,-37.878],[-72.401,-37.842],[-72.479,-37.748],[-72.494,-37.646],[-72.649,-37.665],[-72.653,-37.621],[-72.727,-37.626],[-72.776,-37.582],[-73.071,-37.621],[-73.08,-37.676],[-73.124,-37.689],[-73.103,-37.726],[-73.024,-37.72],[-73.024,-37.807],[-73.125,-37.877],[-73.12,-37.959],[-73.186,-37.988],[-73.206,-38.053],[-73.081,-38.096],[-73.078,-38.177],[-73.131,-38.184],[-73.138,-38.216]]]}},{"type":"Feature","properties":{"region":"Región de Ñuble"},"geometry":{"type":"Polygon","coordinates":[[[-72.386,-36.912],[-72.462,-36.927],[-72.451,-36.908],[-72.502,-36.896],[-72.517,-36.939],[-72.653,-36.922],[-72.645,-36.883],[-72.571,-36.894],[-72.538,-36.85],[-72.593,-36.816],[-72.59,-36.734],[-72.654,-36.667],[-72.72,-36.655],[-72.734,-36.617],[-72.798,-36.606],[-72.828,-36.526],[-72.793,-36.511],[-72.81,-36.46],[-72.886,-36.445],[-72.81,-36.279],[-72.815,-36.092],[-72.766,-36.006],[-72.655,-36.047],[-72.645,-36.015],[-72.583,-36.078],[-72.493,-36.072],[-72.502,-36.143],[-72.479,-36.152],[-72.401,-36.176],[-72.359,-36.157],[-72.338,-36.206],[-72.412,-36.208],[-72.372,-36.258],[-72.315,-36.233],[-72.278,-36.261],[-72.238,-36.207],[-72.138,-36.246],[-72.103,-36.124],[-72.075,-36.131],[-71.974,-36.259],[-71.812,-36.255],[-71.701,-36.353],[-71.467,-36.412],[-71.41,-36.503],[-71.338,-36.543],[-71.27,-36.441],[-71.225,-36.463],[-71.115,-36.362],[-71.059,-36.388],[-71.068,-36.448],[-71.035,-36.474],[-71.057,-36.618],[-71.009,-36.691],[-71.066,-36.715],[-71.113,-36.68],[-71.132,-36.814],[-71.18,-36.843],[-71.122,-36.864],[-71.145,-36.929],[-71.088,-36.939],[-71.106,-36.97],[-71.222,-36.982],[-71.168,-36.997],[-71.096,-37.11],[-71.27,-37.112],[-71.384,-37.067],[-71.41,-37.09],[-71.51,-37.005],[-71.552,-37.02],[-71.563,-37.134],[-71.687,-37.144],[-71.797,-37.109],[-71.899,-37.185],[-71.991,-37.193],[-72.036,-37.166],[-72.066,-37.168],[-72.062,-37.194],[-72.271,-37.195],[-72.261,-37.093],[-72.182,-37.046],[-72.343,-36.971],[-72.386,-36.912]]]}},{"type":"Feature","properties":{"region":"Región De La Araucanía"},"geometry":{"type":"Polygon","coordinates":[[[-72.853,-39.29],[-72.946,-39.317],[-73.008,-39.292],[-73.086,-39.389],[-73.16,-39.416],[-73.243,-39.39],[-73.204,-39.37],[-73.225,-39.255],[-73.319,-38.988],[-73.488,-38.658],[-73.518,-38.508],[-73.517,-38.481],[-73.383,-38.399],[-73.32,-38.438],[-73.321,-38.482],[-73.275,-38.49],[-73.272,-38.435],[-73.341,-38.367],[-73.329,-38.343],[-73.201,-38.231],[-73.138,-38.216],[-73.132,-38.184],[-73.078,-38.177],[-73.081,-38.096],[-73.206,-38.041],[-73.185,-37.987],[-73.12,-37.959],[-73.125,-37.877],[-73.024,-37.808],[-73.024,-37.72],[-73.103,-37.726],[-73.124,-37.689],[-73.08,-37.676],[-73.071,-37.621],[-72.776,-37.582],[-72.727,-37.626],[-72.653,-37.621],[-72.649,-37.665],[-72.494,-37.646],[-72.479,-37.748],[-72.387,-37.85],[-72.245,-37.878],[-72.102,-37.999],[-71.966,-37.994],[-71.895,-38.074],[-71.77,-38.03],[-71.701,-38.069],[-71.721,-38.146],[-71.688,-38.25],[-71.711,-38.26],[-71.649,-38.314],[-71.609,-38.241],[-71.554,-38.246],[-71.532,-38.204],[-71.436,-38.177],[-71.377,-38.085],[-71.283,-38.11],[-71.085,-38.09],[-70.996,-38.171],[-71.021,-38.244],[-70.984,-38.431],[-70.842,-38.54],[-70.828,-38.596],[-70.904,-38.667],[-70.884,-38.702],[-70.925,-38.764],[-71.094,-38.763],[-71.145,-38.803],[-71.235,-38.803],[-71.287,-38.865],[-71.434,-38.929],[-71.44,-38.978],[-71.397,-39.046],[-71.42,-39.151],[-71.374,-39.281],[-71.399,-39.35],[-71.458,-39.372],[-71.445,-39.451],[-71.534,-39.527],[-71.467,-39.557],[-71.502,-39.637],[-71.609,-39.628],[-71.696,-39.563],[-71.704,-39.502],[-71.762,-39.508],[-71.922,-39.421],[-72.116,-39.51],[-72.263,-39.514],[-72.517,-39.477],[-72.532,-39.434],[-72.658,-39.46],[-72.857,-39.397],[-72.896,-39.433],[-72.9,-39.381],[-72.834,-39.316],[-72.853,-39.29]]]}},{"type":"Feature","properties":{"region":"Región De Los Ríos"},"geometry":{"type":"Polygon","coordinates":[[[-73.462,-39.852],[-73.403,-39.907],[-73.401,-39.917],[-73.412,-39.924],[-73.412,-39.93],[-73.414,-39.931],[-73.414,-39.932],[-73.414,-39.933],[-73.415,-39.934],[-73.416,-39.935],[-73.416,-39.936],[-73.377,-39.943],[-73.376,-39.895],[-73.328,-39.951],[-73.296,-39.954],[-73.303,-39.971],[-73.299,-39.977],[-73.294,-39.98],[-73.292,-39.979],[-73.293,-39.981],[-73.292,-39.982],[-73.289,-39.983],[-73.287,-39.983],[-73.286,-39.983],[-73.302,-39.971],[-73.293,-39.959],[-73.296,-39.953],[-73.306,-39.946],[-73.257,-39.906],[-73.248,-39.921],[-73.222,-39.938],[-73.258,-39.873],[-73.207,-39.893],[-73.173,-39.888],[-73.168,-39.912],[-73.13,-39.929],[-73.155,-39.911],[-73.136,-39.886],[-73.188,-39.856],[-73.179,-39.886],[-73.226,-39.859],[-73.239,-39.879],[-73.234,-39.859],[-73.236,-39.855],[-73.24,-39.854],[-73.264,-39.872],[-73.268,-39.842],[-73.246,-39.809],[-73.225,-39.824],[-73.216,-39.822],[-73.19,-39.786],[-73.221,-39.82],[-73.256,-39.799],[-73.234,-39.731],[-73.125,-39.706],[-73.106,-39.689],[-73.084,-39.706],[-73.087,-39.687],[-73.186,-39.692],[-73.117,-39.644],[-73.161,-39.661],[-73.123,-39.613],[-73.164,-39.664],[-73.18,-39.635],[-73.137,-39.608],[-73.128,-39.595],[-73.19,-39.623],[-73.18,-39.671],[-73.237,-39.667],[-73.2,-39.682],[-73.222,-39.719],[-73.242,-39.692],[-73.241,-39.719],[-73.298,-39.747],[-73.26,-39.762],[-73.285,-39.856],[-73.284,-39.833],[-73.291,-39.832],[-73.329,-39.856],[-73.347,-39.809],[-73.334,-39.857],[-73.4,-39.876],[-73.412,-39.717],[-73.253,-39.538],[-73.266,-39.459],[-73.216,-39.431],[-73.244,-39.39],[-73.169,-39.418],[-73.096,-39.394],[-73.007,-39.291],[-72.946,-39.317],[-72.845,-39.295],[-72.857,-39.357],[-72.9,-39.381],[-72.897,-39.433],[-72.857,-39.397],[-72.658,-39.46],[-72.532,-39.434],[-72.517,-39.477],[-72.371,-39.506],[-72.116,-39.51],[-71.939,-39.42],[-71.861,-39.435],[-71.811,-39.49],[-71.703,-39.503],[-71.679,-39.566],[-71.716,-39.649],[-71.669,-39.682],[-71.712,-39.725],[-71.672,-39.807],[-71.695,-39.849],[-71.588,-39.887],[-71.688,-40.033],[-71.674,-40.105],[-71.814,-40.08],[-71.831,-40.105],[-71.8,-40.114],[-71.824,-40.233],[-71.747,-40.307],[-71.715,-40.279],[-71.684,-40.295],[-71.657,-40.364],[-71.741,-40.437],[-71.825,-40.42],[-71.859,-40.554],[-71.97,-40.635],[-72.199,-40.672],[-72.287,-40.646],[-72.318,-40.673],[-72.438,-40.654],[-72.607,-40.681],[-72.657,-40.625],[-72.781,-40.597],[-72.892,-40.507],[-72.907,-40.441],[-73.078,-40.345],[-73.406,-40.338],[-73.456,-40.27],[-73.597,-40.302],[-73.672,-40.277],[-73.685,-40.238],[-73.721,-40.247],[-73.728,-40.2],[-73.657,-40.139],[-73.708,-40.004],[-73.677,-39.964],[-73.515,-39.916],[-73.462,-39.852]]]}},{"type":"Feature","properties":{"region":"Región De Los Lagos"},"geometry":{"type":"MultiPolygon","coordinates":[[[[-73.738,-42.856],[-73.617,-42.917],[-73.646,-42.942],[-73.591,-42.955],[-73.601,-42.967],[-73.604,-42.967],[-73.606,-42.971],[-73.61,-42.972],[-73.613,-42.975],[-73.617,-42.977],[-73.618,-42.978],[-73.545,-42.974],[-73.511,-43.072],[-73.571,-43.034],[-73.621,-43.055],[-73.517,-43.073],[-73.478,-43.133],[-73.542,-43.101],[-73.543,-43.123],[-73.636,-43.119],[-73.616,-43.14],[-73.699,-43.152],[-73.717,-43.093],[-73.731,-43.094],[-73.752,-43.205],[-73.674,-43.267],[-73.661,-43.318],[-73.876,-43.28],[-73.809,-43.313],[-73.799,-43.417],[-73.879,-43.424],[-73.976,-43.361],[-74.004,-43.391],[-74.022,-43.351],[-74.104,-43.393],[-74.146,-43.349],[-74.299,-43.327],[-74.404,-43.268],[-74.348,-43.149],[-74.307,-43.136],[-74.336,-43.117],[-74.324,-43.077],[-74.225,-43.028],[-74.266,-42.993],[-74.207,-42.968],[-74.228,-42.918],[-74.172,-42.904],[-74.153,-42.861],[-74.168,-42.767],[-74.12,-42.659],[-74.157,-42.542],[-74.2,-42.515],[-74.186,-42.421],[-74.138,-42.364],[-74.174,-42.269],[-74.102,-42.171],[-74.057,-42.184],[-74.09,-42.166],[-74.051,-42.136],[-74.032,-42.036],[-74.06,-41.987],[-74.025,-41.949],[-74.057,-41.938],[-73.997,-41.901],[-74.063,-41.836],[-74.01,-41.774],[-73.875,-41.783],[-73.911,-41.796],[-73.853,-41.83],[-73.886,-41.859],[-73.899,-41.826],[-73.914,-41.854],[-73.945,-41.82],[-74.005,-41.839],[-73.921,-41.877],[-73.777,-41.87],[-73.663,-41.797],[-73.625,-41.826],[-73.539,-41.797],[-73.527,-41.827],[-73.476,-41.832],[-73.532,-41.877],[-73.47,-41.905],[-73.528,-41.893],[-73.509,-41.924],[-73.561,-41.959],[-73.518,-41.951],[-73.414,-42.073],[-73.421,-42.103],[-73.433,-42.114],[-73.483,-42.112],[-73.488,-42.162],[-73.362,-42.208],[-73.36,-42.241],[-73.384,-42.241],[-73.409,-42.261],[-73.337,-42.265],[-73.356,-42.338],[-73.435,-42.33],[-73.441,-42.322],[-73.438,-42.321],[-73.438,-42.315],[-73.433,-42.309],[-73.433,-42.308],[-73.471,-42.344],[-73.545,-42.334],[-73.668,-42.388],[-73.641,-42.436],[-73.684,-42.48],[-73.576,-42.535],[-73.629,-42.524],[-73.72,-42.569],[-73.739,-42.538],[-73.783,-42.534],[-73.744,-42.518],[-73.723,-42.46],[-73.726,-42.428],[-73.755,-42.427],[-73.748,-42.476],[-73.767,-42.465],[-73.805,-42.539],[-73.75,-42.553],[-73.788,-42.612],[-73.659,-42.666],[-73.681,-42.694],[-73.631,-42.702],[-73.608,-42.75],[-73.488,-42.793],[-73.462,-42.884],[-73.472,-42.896],[-73.489,-42.906],[-73.477,-42.876],[-73.484,-42.874],[-73.489,-42.864],[-73.493,-42.863],[-73.488,-42.886],[-73.57,-42.889],[-73.612,-42.803],[-73.623,-42.847],[-73.641,-42.845],[-73.652,-42.847],[-73.653,-42.848],[-73.605,-42.852],[-73.586,-42.89],[-73.738,-42.856]]],[[[-73.644,-41.602],[-73.552,-41.638],[-73.574,-41.618],[-73.515,-41.607],[-73.481,-41.526],[-73.419,-41.508],[-73.406,-41.52],[-73.384,-41.527],[-73.373,-41.524],[-73.406,-41.504],[-73.377,-41.507],[-73.355,-41.525],[-73.347,-41.524],[-73.335,-41.515],[-73.329,-41.504],[-73.335,-41.489],[-73.34,-41.481],[-73.347,-41.522],[-73.374,-41.505],[-73.415,-41.496],[-73.477,-41.514],[-73.529,-41.588],[-73.602,-41.606],[-73.655,-41.586],[-73.641,-41.563],[-73.705,-41.494],[-73.672,-41.58],[-73.682,-41.587],[-73.693,-41.571],[-73.701,-41.574],[-73.683,-41.588],[-73.657,-41.591],[-73.675,-41.603],[-73.751,-41.559],[-73.789,-41.586],[-73.803,-41.505],[-73.857,-41.465],[-73.844,-41.459],[-73.834,-41.447],[-73.858,-41.428],[-73.836,-41.326],[-73.925,-41.143],[-73.947,-40.986],[-73.857,-40.936],[-73.887,-40.857],[-73.862,-40.772],[-73.802,-40.714],[-73.837,-40.671],[-73.761,-40.623],[-73.745,-40.57],[-73.735,-40.561],[-73.723,-40.56],[-73.719,-40.559],[-73.717,-40.557],[-73.716,-40.555],[-73.779,-40.458],[-73.748,-40.443],[-73.764,-40.353],[-73.721,-40.247],[-73.685,-40.238],[-73.672,-40.277],[-73.597,-40.302],[-73.456,-40.27],[-73.406,-40.338],[-73.078,-40.345],[-72.907,-40.441],[-72.892,-40.507],[-72.781,-40.597],[-72.657,-40.625],[-72.607,-40.681],[-72.438,-40.654],[-72.318,-40.673],[-72.287,-40.646],[-72.1,-40.664],[-72.052,-40.63],[-71.97,-40.635],[-71.881,-40.567],[-71.825,-40.58],[-71.87,-40.666],[-71.965,-40.747],[-71.908,-40.857],[-71.858,-40.881],[-71.856,-40.96],[-71.899,-40.959],[-71.905,-40.985],[-71.82,-41.061],[-71.851,-41.099],[-71.839,-41.149],[-71.887,-41.161],[-71.834,-41.272],[-71.899,-41.256],[-71.876,-41.309],[-71.91,-41.359],[-71.836,-41.434],[-71.849,-41.53],[-71.819,-41.575],[-71.849,-41.565],[-71.885,-41.609],[-71.795,-41.699],[-71.812,-41.72],[-71.766,-41.781],[-71.76,-41.825],[-71.799,-41.843],[-71.777,-41.938],[-71.8,-41.95],[-71.726,-42.048],[-71.726,-42.112],[-71.917,-42.19],[-71.958,-42.141],[-72.054,-42.114],[-72.066,-42.149],[-72.173,-42.14],[-72.131,-42.384],[-72.027,-42.408],[-72.047,-42.452],[-72.011,-42.488],[-72.056,-42.57],[-72.122,-42.604],[-72.122,-42.672],[-72.174,-42.69],[-72.122,-42.73],[-72.165,-42.799],[-72.117,-42.937],[-72.002,-43.04],[-71.935,-43.054],[-71.933,-43.102],[-71.731,-43.198],[-71.758,-43.229],[-71.735,-43.314],[-71.906,-43.323],[-71.891,-43.382],[-71.932,-43.387],[-71.933,-43.45],[-71.848,-43.484],[-71.878,-43.552],[-71.779,-43.542],[-71.762,-43.588],[-71.709,-43.588],[-71.703,-43.628],[-71.582,-43.655],[-71.601,-43.7],[-71.663,-43.706],[-71.754,-43.793],[-71.764,-43.845],[-71.709,-43.857],[-71.707,-43.898],[-71.666,-43.905],[-71.649,-43.948],[-71.734,-44.065],[-71.79,-44.055],[-71.827,-44.0],[-71.808,-43.955],[-71.857,-43.929],[-71.969,-43.925],[-71.979,-43.967],[-72.044,-43.936],[-72.078,-43.956],[-72.108,-43.934],[-72.081,-43.897],[-72.181,-43.895],[-72.193,-43.842],[-72.278,-43.835],[-72.24,-43.807],[-72.304,-43.78],[-72.271,-43.761],[-72.334,-43.674],[-72.475,-43.736],[-72.501,-43.797],[-72.612,-43.755],[-72.763,-43.771],[-72.8,-43.741],[-72.766,-43.686],[-72.807,-43.639],[-72.854,-43.741],[-72.937,-43.697],[-73.048,-43.738],[-72.965,-43.684],[-72.948,-43.636],[-72.875,-43.612],[-72.883,-43.577],[-72.913,-43.607],[-72.999,-43.595],[-73.052,-43.528],[-73.091,-43.463],[-73.051,-43.395],[-73.063,-43.323],[-72.871,-43.233],[-72.914,-43.131],[-72.858,-43.029],[-72.78,-43.03],[-72.772,-43.059],[-72.701,-43.101],[-72.817,-42.951],[-72.75,-42.954],[-72.712,-42.913],[-72.795,-42.874],[-72.856,-42.767],[-72.841,-42.705],[-72.799,-42.699],[-72.854,-42.62],[-72.812,-42.51],[-72.49,-42.578],[-72.497,-42.548],[-72.515,-42.57],[-72.571,-42.517],[-72.621,-42.521],[-72.703,-42.406],[-72.759,-42.386],[-72.785,-42.31],[-72.82,-42.323],[-72.831,-42.318],[-72.838,-42.294],[-72.768,-42.243],[-72.74,-42.254],[-72.736,-42.225],[-72.581,-42.189],[-72.514,-42.245],[-72.52,-42.307],[-72.453,-42.399],[-72.435,-42.475],[-72.448,-42.498],[-72.444,-42.501],[-72.397,-42.47],[-72.415,-42.374],[-72.47,-42.301],[-72.372,-42.25],[-72.447,-42.257],[-72.458,-42.192],[-72.443,-42.165],[-72.409,-42.176],[-72.373,-42.177],[-72.348,-42.17],[-72.465,-42.144],[-72.429,-41.975],[-72.494,-41.97],[-72.535,-42.044],[-72.587,-42.044],[-72.599,-42.006],[-72.614,-42.043],[-72.643,-42.037],[-72.628,-42.015],[-72.683,-42.003],[-72.689,-42.031],[-72.811,-41.973],[-72.803,-41.941],[-72.878,-41.914],[-72.79,-41.87],[-72.79,-41.837],[-72.649,-41.731],[-72.465,-41.726],[-72.319,-41.646],[-72.286,-41.408],[-72.311,-41.407],[-72.312,-41.408],[-72.387,-41.661],[-72.57,-41.715],[-72.648,-41.697],[-72.669,-41.617],[-72.74,-41.533],[-72.752,-41.555],[-72.792,-41.508],[-72.938,-41.473],[-72.986,-41.517],[-72.995,-41.511],[-72.981,-41.501],[-72.98,-41.494],[-72.976,-41.491],[-72.977,-41.49],[-73.04,-41.519],[-73.031,-41.562],[-73.097,-41.59],[-73.037,-41.705],[-73.097,-41.699],[-73.133,-41.755],[-73.16,-41.739],[-73.145,-41.711],[-73.15,-41.704],[-73.172,-41.741],[-73.127,-41.764],[-73.151,-41.762],[-73.19,-41.783],[-73.158,-41.777],[-73.16,-41.792],[-73.244,-41.8],[-73.233,-41.772],[-73.247,-41.721],[-73.19,-41.757],[-73.196,-41.782],[-73.182,-41.758],[-73.239,-41.714],[-73.263,-41.731],[-73.256,-41.788],[-73.407,-41.767],[-73.357,-41.794],[-73.348,-41.814],[-73.76,-41.746],[-73.703,-41.697],[-73.697,-41.634],[-73.644,-41.602]]]]}},{"type":"Feature","properties":{"region":"Región De Aysén Del Gral. Carlos Ibáñez Del Campo"},"geometry":{"type":"MultiPolygon","coordinates":[[[[-75.308,-48.483],[-75.287,-48.423],[-75.254,-48.421],[-75.274,-48.476],[-75.258,-48.5],[-75.29,-48.499],[-75.32,-48.522],[-75.248,-48.516],[-75.232,-48.588],[-75.265,-48.562],[-75.266,-48.59],[-75.454,-48.68],[-75.563,-48.642],[-75.531,-48.618],[-75.408,-48.63],[-75.435,-48.624],[-75.328,-48.561],[-75.44,-48.618],[-75.49,-48.612],[-75.322,-48.524],[-75.501,-48.609],[-75.584,-48.593],[-75.6,-48.562],[-75.576,-48.484],[-75.599,-48.451],[-75.549,-48.453],[-75.543,-48.417],[-75.471,-48.469],[-75.353,-48.406],[-75.369,-48.447],[-75.344,-48.454],[-75.341,-48.42],[-75.291,-48.406],[-75.307,-48.47],[-75.342,-48.475],[-75.308,-48.483]]],[[[-75.345,-48.002],[-75.272,-48.038],[-75.336,-48.069],[-75.292,-48.067],[-75.318,-48.104],[-75.323,-48.15],[-75.287,-48.075],[-75.255,-48.069],[-75.263,-48.094],[-75.238,-48.093],[-75.274,-48.108],[-75.305,-48.167],[-75.284,-48.133],[-75.208,-48.128],[-75.228,-48.168],[-75.201,-48.157],[-75.201,-48.183],[-75.242,-48.239],[-75.203,-48.204],[-75.214,-48.247],[-75.186,-48.234],[-75.158,-48.276],[-75.163,-48.285],[-75.189,-48.29],[-75.201,-48.303],[-75.149,-48.288],[-75.146,-48.335],[-75.09,-48.374],[-75.155,-48.433],[-75.075,-48.384],[-75.02,-48.472],[-75.061,-48.448],[-75.099,-48.517],[-75.048,-48.472],[-75.007,-48.53],[-75.007,-48.593],[-75.175,-48.689],[-75.212,-48.634],[-75.105,-48.594],[-75.217,-48.623],[-75.224,-48.597],[-75.181,-48.588],[-75.162,-48.565],[-75.228,-48.583],[-75.238,-48.524],[-75.186,-48.495],[-75.229,-48.514],[-75.257,-48.467],[-75.167,-48.396],[-75.225,-48.413],[-75.261,-48.398],[-75.24,-48.378],[-75.277,-48.388],[-75.212,-48.311],[-75.262,-48.329],[-75.288,-48.383],[-75.36,-48.378],[-75.421,-48.415],[-75.5,-48.377],[-75.448,-48.339],[-75.405,-48.344],[-75.315,-48.327],[-75.349,-48.326],[-75.315,-48.305],[-75.299,-48.261],[-75.361,-48.319],[-75.317,-48.211],[-75.368,-48.317],[-75.435,-48.327],[-75.393,-48.304],[-75.43,-48.313],[-75.406,-48.237],[-75.359,-48.213],[-75.393,-48.215],[-75.343,-48.178],[-75.452,-48.242],[-75.489,-48.215],[-75.451,-48.182],[-75.494,-48.185],[-75.532,-48.089],[-75.46,-48.043],[-75.466,-48.076],[-75.439,-48.041],[-75.435,-48.066],[-75.424,-48.065],[-75.415,-48.034],[-75.402,-48.079],[-75.377,-48.043],[-75.413,-48.098],[-75.415,-48.12],[-75.345,-48.002]]],[[[-75.213,-48.076],[-75.073,-48.078],[-75.099,-48.102],[-75.097,-48.107],[-74.95,-48.118],[-75.048,-48.084],[-74.978,-48.084],[-74.878,-48.142],[-74.94,-48.16],[-74.839,-48.16],[-74.877,-48.223],[-74.922,-48.198],[-74.88,-48.231],[-74.839,-48.198],[-74.828,-48.196],[-74.902,-48.26],[-74.736,-48.169],[-74.739,-48.214],[-74.783,-48.207],[-74.747,-48.221],[-74.759,-48.241],[-74.793,-48.231],[-74.846,-48.293],[-74.792,-48.237],[-74.769,-48.239],[-74.807,-48.261],[-74.776,-48.269],[-74.8,-48.311],[-74.77,-48.307],[-74.777,-48.367],[-74.83,-48.38],[-74.822,-48.344],[-74.977,-48.447],[-75.049,-48.329],[-75.007,-48.32],[-75.07,-48.33],[-75.112,-48.262],[-75.046,-48.238],[-75.09,-48.242],[-75.042,-48.203],[-75.104,-48.245],[-75.129,-48.229],[-75.096,-48.21],[-75.14,-48.228],[-75.109,-48.182],[-75.154,-48.188],[-75.071,-48.156],[-75.069,-48.15],[-75.15,-48.182],[-75.16,-48.157],[-75.109,-48.14],[-75.161,-48.155],[-75.153,-48.112],[-75.172,-48.127],[-75.213,-48.076]]],[[[-74.981,-47.87],[-74.94,-47.916],[-74.951,-47.948],[-74.984,-47.924],[-74.932,-47.974],[-74.909,-47.973],[-74.924,-47.977],[-74.93,-47.985],[-74.773,-48.008],[-74.753,-48.04],[-74.83,-48.084],[-74.954,-48.042],[-75.032,-48.032],[-74.834,-48.102],[-74.857,-48.126],[-74.794,-48.1],[-74.785,-48.129],[-74.824,-48.157],[-74.995,-48.062],[-75.003,-48.066],[-75.055,-48.062],[-75.066,-48.066],[-75.086,-48.067],[-75.095,-48.066],[-75.042,-48.024],[-75.056,-47.999],[-75.002,-48.019],[-74.976,-48.013],[-75.041,-47.992],[-75.018,-47.976],[-74.926,-48.013],[-74.969,-47.982],[-75.014,-47.972],[-75.077,-47.98],[-75.056,-47.997],[-75.206,-48.032],[-75.219,-48.029],[-75.181,-47.993],[-75.08,-47.979],[-75.105,-47.974],[-75.09,-47.948],[-75.205,-47.981],[-75.148,-47.961],[-75.182,-47.963],[-75.165,-47.947],[-75.056,-47.934],[-75.017,-47.897],[-74.985,-47.923],[-74.981,-47.87]]],[[[-74.687,-48.114],[-74.635,-48.173],[-74.681,-48.19],[-74.646,-48.216],[-74.667,-48.238],[-74.668,-48.263],[-74.647,-48.221],[-74.629,-48.218],[-74.628,-48.279],[-74.554,-48.32],[-74.535,-48.383],[-74.55,-48.408],[-74.582,-48.391],[-74.645,-48.414],[-74.554,-48.46],[-74.566,-48.538],[-74.531,-48.569],[-74.558,-48.585],[-74.472,-48.627],[-74.488,-48.566],[-74.44,-48.578],[-74.428,-48.632],[-74.458,-48.675],[-74.551,-48.692],[-74.586,-48.657],[-74.646,-48.658],[-74.674,-48.613],[-74.885,-48.617],[-74.89,-48.554],[-74.905,-48.608],[-74.959,-48.573],[-74.939,-48.564],[-74.971,-48.478],[-74.844,-48.392],[-74.823,-48.413],[-74.764,-48.378],[-74.765,-48.508],[-74.758,-48.511],[-74.759,-48.525],[-74.757,-48.527],[-74.756,-48.526],[-74.743,-48.459],[-74.711,-48.546],[-74.703,-48.494],[-74.659,-48.465],[-74.667,-48.418],[-74.696,-48.425],[-74.731,-48.397],[-74.702,-48.401],[-74.754,-48.358],[-74.767,-48.299],[-74.757,-48.255],[-74.722,-48.249],[-74.737,-48.229],[-74.697,-48.212],[-74.717,-48.158],[-74.687,-48.114]]],[[[-74.547,-48.106],[-74.478,-48.121],[-74.307,-48.264],[-74.41,-48.332],[-74.477,-48.338],[-74.516,-48.276],[-74.417,-48.185],[-74.532,-48.274],[-74.553,-48.173],[-74.487,-48.17],[-74.551,-48.137],[-74.47,-48.144],[-74.547,-48.106]]],[[[-74.384,-45.446],[-74.261,-45.492],[-74.352,-45.523],[-74.256,-45.497],[-74.208,-45.559],[-74.29,-45.549],[-74.357,-45.568],[-74.205,-45.574],[-74.178,-45.629],[-74.207,-45.693],[-74.421,-45.692],[-74.289,-45.715],[-74.383,-45.74],[-74.344,-45.766],[-74.448,-45.784],[-74.487,-45.73],[-74.463,-45.726],[-74.45,-45.737],[-74.441,-45.734],[-74.463,-45.708],[-74.425,-45.691],[-74.484,-45.607],[-74.429,-45.614],[-74.415,-45.59],[-74.451,-45.596],[-74.457,-45.547],[-74.384,-45.446]]],[[[-74.203,-44.878],[-73.953,-44.895],[-73.892,-44.965],[-74.014,-44.993],[-74.044,-44.952],[-74.036,-44.973],[-74.083,-44.956],[-74.026,-44.984],[-74.021,-44.998],[-74.186,-44.998],[-74.265,-45.038],[-74.386,-45.003],[-74.203,-44.878]]],[[[-74.293,-44.6],[-74.011,-44.601],[-74.007,-44.626],[-73.992,-44.601],[-73.927,-44.611],[-73.84,-44.7],[-73.972,-44.709],[-73.952,-44.659],[-73.981,-44.663],[-73.984,-44.722],[-74.244,-44.807],[-74.337,-44.776],[-74.366,-44.722],[-74.147,-44.743],[-74.133,-44.742],[-74.109,-44.731],[-74.108,-44.728],[-74.383,-44.705],[-74.411,-44.657],[-74.398,-44.617],[-74.283,-44.631],[-74.302,-44.606],[-74.293,-44.6]]],[[[-74.033,-47.87],[-73.969,-47.83],[-73.997,-47.831],[-74.028,-47.817],[-74.013,-47.808],[-73.856,-47.87],[-73.805,-47.841],[-73.747,-47.86],[-73.775,-47.929],[-73.821,-47.943],[-73.893,-47.938],[-73.863,-47.892],[-73.96,-47.944],[-74.091,-47.926],[-74.259,-47.964],[-74.339,-47.902],[-74.319,-47.923],[-74.469,-47.888],[-74.425,-47.861],[-74.358,-47.89],[-74.348,-47.89],[-74.419,-47.855],[-74.331,-47.809],[-74.185,-47.881],[-74.162,-47.889],[-74.154,-47.886],[-74.313,-47.803],[-74.238,-47.779],[-74.184,-47.78],[-74.077,-47.817],[-73.989,-47.833],[-74.142,-47.882],[-74.067,-47.864],[-74.05,-47.929],[-74.019,-47.896],[-74.033,-47.87]]],[[[-73.994,-46.963],[-73.969,-46.966],[-73.966,-46.957],[-74.008,-46.947],[-74.064,-46.984],[-74.18,-46.865],[-74.062,-46.823],[-74.182,-46.863],[-74.253,-46.806],[-74.365,-46.779],[-74.331,-46.77],[-74.258,-46.8],[-74.214,-46.793],[-74.235,-46.79],[-74.22,-46.758],[-74.175,-46.748],[-74.158,-46.743],[-74.144,-46.734],[-74.145,-46.731],[-74.127,-46.727],[-74.111,-46.716],[-74.036,-46.728],[-74.1,-46.706],[-74.049,-46.694],[-74.04,-46.685],[-74.039,-46.681],[-74.039,-46.679],[-74.087,-46.693],[-74.096,-46.699],[-74.102,-46.71],[-74.145,-46.731],[-74.159,-46.743],[-74.219,-46.756],[-74.227,-46.761],[-74.233,-46.748],[-74.24,-46.744],[-74.251,-46.74],[-74.271,-46.721],[-74.277,-46.718],[-74.236,-46.757],[-74.284,-46.768],[-74.281,-46.755],[-74.297,-46.736],[-74.289,-46.767],[-74.302,-46.771],[-74.466,-46.715],[-74.564,-46.718],[-74.425,-46.767],[-74.586,-46.777],[-74.602,-46.831],[-74.635,-46.839],[-74.774,-46.786],[-74.773,-46.773],[-74.755,-46.78],[-74.753,-46.764],[-74.727,-46.749],[-74.722,-46.746],[-74.723,-46.744],[-74.771,-46.765],[-74.79,-46.81],[-74.834,-46.77],[-74.967,-46.744],[-75.045,-46.625],[-74.978,-46.58],[-74.885,-46.434],[-74.94,-46.448],[-74.938,-46.482],[-74.999,-46.536],[-75.007,-46.514],[-75.021,-46.506],[-75.03,-46.571],[-75.154,-46.638],[-75.156,-46.594],[-75.183,-46.566],[-75.165,-46.6],[-75.193,-46.602],[-75.191,-46.637],[-75.311,-46.636],[-75.283,-46.66],[-75.321,-46.674],[-75.357,-46.621],[-75.482,-46.674],[-75.505,-46.723],[-75.581,-46.698],[-75.512,-46.736],[-75.54,-46.736],[-75.572,-46.811],[-75.495,-46.788],[-75.525,-46.768],[-75.48,-46.715],[-75.321,-46.726],[-75.344,-46.746],[-75.384,-46.723],[-75.367,-46.75],[-75.418,-46.803],[-75.352,-46.764],[-75.378,-46.799],[-75.326,-46.778],[-75.295,-46.814],[-75.389,-46.879],[-75.312,-46.852],[-75.261,-46.873],[-75.294,-46.843],[-75.282,-46.818],[-75.258,-46.847],[-75.253,-46.903],[-75.314,-46.935],[-75.441,-46.971],[-75.491,-46.955],[-75.5,-46.904],[-75.575,-46.885],[-75.582,-46.826],[-75.644,-46.808],[-75.624,-46.766],[-75.654,-46.718],[-75.619,-46.713],[-75.64,-46.709],[-75.636,-46.684],[-75.633,-46.689],[-75.606,-46.694],[-75.631,-46.669],[-75.588,-46.683],[-75.634,-46.654],[-75.592,-46.645],[-75.591,-46.584],[-75.459,-46.623],[-75.485,-46.569],[-75.422,-46.588],[-75.503,-46.525],[-75.428,-46.512],[-75.397,-46.547],[-75.386,-46.497],[-75.318,-46.497],[-75.35,-46.436],[-75.282,-46.483],[-75.279,-46.455],[-75.315,-46.454],[-75.336,-46.433],[-75.31,-46.438],[-75.303,-46.403],[-75.169,-46.383],[-75.183,-46.416],[-75.175,-46.417],[-75.169,-46.429],[-75.145,-46.45],[-75.141,-46.45],[-75.171,-46.393],[-75.132,-46.383],[-75.186,-46.368],[-75.146,-46.324],[-75.175,-46.304],[-75.015,-46.374],[-74.87,-46.371],[-75.099,-46.326],[-75.096,-46.285],[-74.995,-46.291],[-75.069,-46.276],[-75.039,-46.225],[-75.001,-46.215],[-74.857,-46.302],[-74.919,-46.232],[-74.873,-46.16],[-74.786,-46.169],[-74.74,-46.223],[-74.739,-46.19],[-74.706,-46.195],[-74.719,-46.183],[-74.684,-46.172],[-74.657,-46.179],[-74.643,-46.177],[-74.628,-46.171],[-74.746,-46.173],[-74.774,-46.127],[-74.742,-46.05],[-74.632,-46.04],[-74.586,-46.057],[-74.543,-46.049],[-74.575,-46.027],[-74.59,-46.052],[-74.624,-46.032],[-74.706,-46.033],[-74.666,-46.006],[-74.691,-45.958],[-74.668,-45.905],[-74.707,-45.965],[-74.738,-45.961],[-74.699,-45.972],[-74.724,-46.01],[-74.807,-46.055],[-74.85,-46.034],[-74.829,-46.072],[-74.877,-46.115],[-75.014,-46.113],[-75.058,-46.061],[-75.056,-46.04],[-74.857,-46.027],[-74.808,-45.997],[-75.003,-46.007],[-75.035,-45.991],[-74.986,-45.993],[-74.966,-45.957],[-74.911,-45.97],[-74.972,-45.952],[-74.992,-45.987],[-75.06,-45.973],[-75.033,-45.944],[-75.073,-45.935],[-75.077,-45.877],[-75.006,-45.86],[-74.961,-45.92],[-74.947,-45.888],[-74.912,-45.921],[-74.904,-45.911],[-74.811,-45.949],[-74.772,-45.952],[-74.94,-45.869],[-74.841,-45.903],[-74.86,-45.883],[-74.841,-45.872],[-74.834,-45.888],[-74.814,-45.867],[-74.781,-45.886],[-74.763,-45.884],[-74.751,-45.873],[-74.781,-45.883],[-74.796,-45.833],[-74.721,-45.819],[-74.673,-45.828],[-74.704,-45.903],[-74.652,-45.883],[-74.627,-45.831],[-74.561,-45.839],[-74.57,-45.878],[-74.547,-45.843],[-74.529,-45.866],[-74.52,-45.869],[-74.544,-45.838],[-74.505,-45.849],[-74.487,-45.892],[-74.521,-45.903],[-74.529,-45.914],[-74.459,-45.907],[-74.48,-45.96],[-74.431,-45.921],[-74.418,-45.94],[-74.444,-46.016],[-74.476,-46.023],[-74.43,-46.051],[-74.404,-45.976],[-74.385,-45.999],[-74.39,-45.955],[-74.324,-45.976],[-74.453,-45.863],[-74.451,-45.84],[-74.373,-45.87],[-74.435,-45.804],[-74.283,-45.812],[-74.298,-45.845],[-74.267,-45.875],[-74.266,-45.835],[-74.212,-45.816],[-74.106,-45.807],[-74.06,-45.847],[-74.083,-45.817],[-74.073,-45.814],[-74.049,-45.848],[-74.06,-45.861],[-74.256,-45.904],[-74.077,-45.914],[-74.088,-45.923],[-74.143,-45.935],[-74.165,-45.945],[-74.163,-45.946],[-74.035,-45.91],[-74.008,-45.973],[-74.244,-46.034],[-74.305,-46.009],[-74.246,-46.043],[-74.059,-46.016],[-74.057,-46.107],[-74.126,-46.14],[-74.161,-46.13],[-74.304,-46.141],[-74.324,-46.121],[-74.332,-46.122],[-74.302,-46.147],[-74.136,-46.15],[-74.05,-46.123],[-74.009,-46.094],[-74.044,-46.1],[-74.019,-46.031],[-74.044,-46.018],[-74.007,-45.986],[-73.999,-46.021],[-73.944,-46.034],[-73.982,-46.147],[-74.287,-46.251],[-74.403,-46.206],[-74.433,-46.154],[-74.448,-46.195],[-74.292,-46.261],[-73.999,-46.183],[-74.003,-46.222],[-74.012,-46.222],[-74.042,-46.233],[-74.041,-46.236],[-74.005,-46.234],[-73.993,-46.274],[-73.987,-46.232],[-73.941,-46.226],[-73.924,-46.283],[-73.971,-46.261],[-73.977,-46.282],[-73.828,-46.349],[-73.937,-46.224],[-73.99,-46.228],[-73.951,-46.144],[-73.861,-46.135],[-73.812,-46.201],[-73.726,-46.232],[-73.761,-46.365],[-73.862,-46.455],[-73.844,-46.528],[-73.874,-46.489],[-73.908,-46.506],[-73.886,-46.512],[-73.922,-46.534],[-73.964,-46.608],[-73.911,-46.54],[-73.862,-46.594],[-73.807,-46.576],[-73.769,-46.494],[-73.722,-46.489],[-73.719,-46.495],[-73.722,-46.503],[-73.718,-46.516],[-73.698,-46.528],[-73.688,-46.529],[-73.684,-46.533],[-73.678,-46.533],[-73.68,-46.537],[-73.656,-46.542],[-73.591,-46.499],[-73.697,-46.528],[-73.712,-46.491],[-73.762,-46.472],[-73.721,-46.414],[-73.736,-46.413],[-73.751,-46.407],[-73.759,-46.4],[-73.707,-46.407],[-73.569,-46.303],[-73.422,-46.317],[-73.421,-46.328],[-73.409,-46.33],[-73.412,-46.334],[-73.408,-46.341],[-73.396,-46.347],[-73.393,-46.364],[-73.386,-46.369],[-73.359,-46.372],[-73.337,-46.365],[-73.322,-46.351],[-73.321,-46.355],[-73.313,-46.362],[-73.291,-46.365],[-73.284,-46.379],[-73.279,-46.382],[-73.27,-46.383],[-73.268,-46.387],[-73.275,-46.395],[-73.275,-46.397],[-73.259,-46.413],[-73.24,-46.421],[-73.239,-46.428],[-73.239,-46.421],[-73.274,-46.397],[-73.267,-46.388],[-73.269,-46.383],[-73.283,-46.379],[-73.29,-46.365],[-73.3,-46.359],[-73.313,-46.361],[-73.321,-46.351],[-73.329,-46.35],[-73.388,-46.366],[-73.389,-46.351],[-73.41,-46.333],[-73.395,-46.346],[-73.386,-46.338],[-73.421,-46.296],[-73.556,-46.272],[-73.485,-46.155],[-73.433,-46.155],[-73.465,-46.13],[-73.389,-46.046],[-73.268,-46.038],[-73.347,-46.035],[-73.329,-46.02],[-73.32,-46.022],[-73.309,-46.019],[-73.296,-46.011],[-73.293,-46.015],[-73.277,-46.014],[-73.256,-46.008],[-73.254,-46.007],[-73.252,-46.002],[-73.248,-46.003],[-73.243,-46.003],[-73.233,-45.997],[-73.232,-45.995],[-73.228,-45.999],[-73.22,-46.002],[-73.215,-46.0],[-73.212,-45.997],[-73.201,-46.001],[-73.196,-46.001],[-73.194,-45.999],[-73.232,-45.995],[-73.254,-46.002],[-73.256,-46.008],[-73.298,-46.011],[-73.309,-46.018],[-73.327,-46.019],[-73.341,-46.027],[-73.361,-45.998],[-73.352,-46.016],[-73.387,-46.013],[-73.316,-45.9],[-73.226,-45.889],[-73.157,-45.829],[-73.076,-45.876],[-73.009,-45.879],[-73.154,-45.818],[-73.235,-45.885],[-73.371,-45.893],[-73.52,-45.849],[-73.531,-45.825],[-73.375,-45.697],[-73.214,-45.667],[-73.234,-45.679],[-73.19,-45.689],[-73.13,-45.651],[-73.278,-45.646],[-73.275,-45.604],[-73.243,-45.594],[-73.237,-45.587],[-73.276,-45.592],[-73.469,-45.744],[-73.512,-45.751],[-73.519,-45.771],[-73.547,-45.783],[-73.562,-45.781],[-73.491,-45.468],[-73.393,-45.407],[-73.387,-45.489],[-73.381,-45.388],[-73.328,-45.349],[-73.329,-45.356],[-73.317,-45.361],[-73.326,-45.372],[-73.301,-45.413],[-73.301,-45.376],[-73.328,-45.347],[-73.197,-45.292],[-73.149,-45.316],[-73.105,-45.395],[-72.991,-45.453],[-72.844,-45.46],[-72.834,-45.485],[-72.777,-45.407],[-72.819,-45.378],[-72.923,-45.423],[-73.006,-45.396],[-73.209,-45.239],[-73.328,-45.294],[-73.425,-45.275],[-73.428,-45.262],[-73.448,-45.263],[-73.465,-45.241],[-73.498,-45.245],[-73.51,-45.198],[-73.465,-45.206],[-73.44,-45.262],[-73.426,-45.189],[-73.297,-45.191],[-73.335,-45.164],[-73.274,-45.149],[-73.32,-45.099],[-73.291,-45.093],[-73.268,-45.07],[-73.338,-45.093],[-73.363,-45.067],[-73.356,-44.955],[-73.218,-44.963],[-73.123,-44.931],[-73.097,-44.951],[-72.746,-44.747],[-72.712,-44.743],[-72.715,-44.759],[-72.677,-44.788],[-72.674,-44.784],[-72.674,-44.78],[-72.683,-44.766],[-72.675,-44.765],[-72.675,-44.774],[-72.67,-44.777],[-72.658,-44.773],[-72.661,-44.767],[-72.653,-44.767],[-72.65,-44.778],[-72.645,-44.779],[-72.596,-44.757],[-72.593,-44.751],[-72.592,-44.74],[-72.583,-44.741],[-72.563,-44.729],[-72.56,-44.725],[-72.561,-44.715],[-72.544,-44.697],[-72.529,-44.699],[-72.511,-44.691],[-72.508,-44.688],[-72.509,-44.683],[-72.468,-44.681],[-72.463,-44.676],[-72.457,-44.675],[-72.453,-44.672],[-72.446,-44.672],[-72.437,-44.669],[-72.429,-44.665],[-72.428,-44.664],[-72.427,-44.661],[-72.422,-44.661],[-72.419,-44.658],[-72.419,-44.657],[-72.407,-44.659],[-72.397,-44.659],[-72.419,-44.656],[-72.428,-44.661],[-72.43,-44.665],[-72.456,-44.671],[-72.464,-44.676],[-72.469,-44.681],[-72.494,-44.679],[-72.51,-44.682],[-72.528,-44.698],[-72.545,-44.695],[-72.56,-44.71],[-72.563,-44.717],[-72.563,-44.722],[-72.561,-44.726],[-72.593,-44.739],[-72.597,-44.756],[-72.681,-44.764],[-72.685,-44.767],[-72.685,-44.77],[-72.677,-44.785],[-72.713,-44.759],[-72.683,-44.73],[-72.717,-44.663],[-72.664,-44.624],[-72.652,-44.537],[-72.583,-44.503],[-72.549,-44.53],[-72.53,-44.53],[-72.526,-44.535],[-72.517,-44.535],[-72.513,-44.541],[-72.504,-44.541],[-72.502,-44.547],[-72.489,-44.552],[-72.481,-44.552],[-72.482,-44.554],[-72.48,-44.556],[-72.478,-44.555],[-72.471,-44.56],[-72.461,-44.562],[-72.598,-44.489],[-72.578,-44.463],[-72.606,-44.473],[-72.581,-44.395],[-72.603,-44.386],[-72.56,-44.364],[-72.555,-44.327],[-72.646,-44.414],[-72.674,-44.511],[-72.746,-44.464],[-72.702,-44.445],[-72.808,-44.401],[-72.758,-44.382],[-72.913,-44.371],[-72.891,-44.307],[-72.846,-44.304],[-72.839,-44.294],[-72.894,-44.295],[-72.913,-44.322],[-73.048,-44.272],[-73.066,-44.234],[-73.086,-44.273],[-73.184,-44.249],[-73.167,-44.212],[-73.121,-44.198],[-73.118,-44.218],[-73.112,-44.228],[-73.1,-44.234],[-73.096,-44.185],[-73.034,-44.179],[-73.092,-44.184],[-73.09,-44.162],[-73.11,-44.185],[-73.116,-44.153],[-73.097,-44.152],[-73.109,-44.141],[-73.09,-44.124],[-73.097,-44.119],[-73.162,-44.197],[-73.272,-44.185],[-73.27,-44.15],[-73.243,-44.165],[-73.251,-44.15],[-73.262,-44.15],[-73.262,-44.147],[-73.267,-44.148],[-73.27,-44.145],[-73.261,-44.107],[-73.202,-44.151],[-73.177,-44.153],[-73.211,-44.12],[-73.207,-44.065],[-73.153,-44.063],[-73.128,-44.106],[-73.084,-44.091],[-73.138,-44.019],[-73.101,-43.972],[-73.097,-44.006],[-73.072,-44.029],[-73.099,-43.954],[-73.11,-43.956],[-73.03,-43.916],[-73.056,-43.876],[-72.999,-43.883],[-73.043,-43.848],[-72.999,-43.841],[-72.979,-43.767],[-72.95,-43.853],[-72.929,-43.861],[-72.952,-43.815],[-72.87,-43.789],[-72.828,-43.824],[-72.785,-43.82],[-72.757,-43.843],[-72.701,-43.844],[-72.817,-43.807],[-72.817,-43.653],[-72.838,-43.77],[-72.921,-43.761],[-72.933,-43.79],[-72.939,-43.754],[-73.048,-43.739],[-73.033,-43.725],[-72.933,-43.698],[-72.854,-43.741],[-72.823,-43.645],[-72.807,-43.639],[-72.766,-43.686],[-72.8,-43.741],[-72.763,-43.771],[-72.612,-43.755],[-72.501,-43.797],[-72.475,-43.736],[-72.334,-43.674],[-72.271,-43.761],[-72.304,-43.78],[-72.24,-43.807],[-72.282,-43.832],[-72.193,-43.842],[-72.181,-43.895],[-72.081,-43.897],[-72.108,-43.934],[-72.078,-43.956],[-72.044,-43.936],[-71.963,-43.965],[-71.969,-43.925],[-71.808,-43.955],[-71.822,-44.01],[-71.736,-44.072],[-71.768,-44.108],[-71.85,-44.115],[-71.846,-44.16],[-71.78,-44.224],[-71.831,-44.266],[-71.792,-44.31],[-71.84,-44.351],[-71.815,-44.417],[-71.715,-44.381],[-71.669,-44.409],[-71.386,-44.386],[-71.348,-44.425],[-71.243,-44.417],[-71.129,-44.471],[-71.161,-44.501],[-71.093,-44.53],[-71.096,-44.586],[-71.201,-44.591],[-71.234,-44.639],[-71.194,-44.685],[-71.205,-44.75],[-71.267,-44.807],[-71.395,-44.791],[-71.471,-44.738],[-71.66,-44.789],[-71.785,-44.751],[-71.856,-44.802],[-72.066,-44.759],[-72.031,-44.804],[-72.067,-44.847],[-72.04,-44.902],[-71.876,-44.961],[-71.815,-44.92],[-71.754,-44.927],[-71.741,-44.962],[-71.559,-44.978],[-71.556,-45.031],[-71.505,-45.071],[-71.528,-45.104],[-71.414,-45.16],[-71.32,-45.293],[-71.447,-45.367],[-71.437,-45.396],[-71.538,-45.4],[-71.47,-45.495],[-71.745,-45.541],[-71.765,-45.574],[-71.729,-45.591],[-71.796,-45.665],[-71.772,-45.695],[-71.801,-45.72],[-71.741,-45.806],[-71.768,-45.847],[-71.654,-45.889],[-71.614,-45.975],[-71.717,-46.09],[-71.916,-46.14],[-71.869,-46.158],[-71.861,-46.194],[-71.778,-46.199],[-71.726,-46.274],[-71.755,-46.344],[-71.668,-46.525],[-71.643,-46.68],[-71.834,-46.796],[-71.956,-46.815],[-71.931,-46.845],[-71.97,-46.904],[-71.958,-46.974],[-71.879,-47.01],[-71.954,-47.076],[-71.862,-47.125],[-71.85,-47.163],[-71.895,-47.211],[-71.862,-47.232],[-72.019,-47.198],[-71.992,-47.222],[-72.016,-47.252],[-71.999,-47.296],[-72.047,-47.339],[-72.127,-47.328],[-72.161,-47.395],[-72.342,-47.456],[-72.29,-47.514],[-72.326,-47.571],[-72.31,-47.592],[-72.449,-47.71],[-72.397,-47.753],[-72.445,-47.778],[-72.524,-47.741],[-72.467,-47.814],[-72.528,-47.937],[-72.425,-47.967],[-72.443,-48.064],[-72.361,-48.072],[-72.3,-48.156],[-72.315,-48.235],[-72.228,-48.321],[-72.28,-48.361],[-72.379,-48.35],[-72.344,-48.386],[-72.407,-48.415],[-72.378,-48.451],[-72.442,-48.513],[-72.588,-48.492],[-72.54,-48.624],[-72.53,-48.797],[-72.678,-48.864],[-72.795,-48.967],[-72.924,-48.937],[-73.003,-49.004],[-73.001,-49.137],[-72.936,-49.148],[-72.952,-49.23],[-73.083,-49.272],[-73.614,-48.981],[-74.005,-48.728],[-73.975,-48.724],[-73.985,-48.704],[-74.026,-48.721],[-74.16,-48.689],[-74.238,-48.719],[-74.263,-48.683],[-74.196,-48.666],[-74.175,-48.64],[-74.236,-48.675],[-74.25,-48.624],[-74.281,-48.676],[-74.334,-48.651],[-74.305,-48.629],[-74.36,-48.587],[-74.235,-48.516],[-74.193,-48.537],[-74.174,-48.537],[-74.226,-48.506],[-74.146,-48.466],[-73.898,-48.613],[-73.912,-48.56],[-74.002,-48.514],[-73.98,-48.429],[-73.774,-48.399],[-73.974,-48.407],[-74.103,-48.347],[-74.205,-48.353],[-74.147,-48.318],[-73.959,-48.318],[-73.912,-48.316],[-73.909,-48.31],[-74.098,-48.303],[-74.226,-48.333],[-74.186,-48.284],[-74.265,-48.233],[-74.254,-48.214],[-74.258,-48.193],[-74.274,-48.213],[-74.369,-48.187],[-74.47,-48.086],[-74.377,-48.055],[-74.418,-48.057],[-74.358,-48.001],[-74.397,-48.002],[-74.424,-48.053],[-74.485,-48.086],[-74.44,-48.05],[-74.536,-48.091],[-74.599,-48.057],[-74.606,-47.992],[-74.494,-47.93],[-74.286,-48.001],[-74.274,-48.029],[-74.302,-48.02],[-74.205,-48.156],[-74.215,-48.256],[-74.194,-48.179],[-74.136,-48.235],[-74.055,-48.192],[-74.147,-48.223],[-74.142,-48.191],[-74.187,-48.168],[-74.165,-48.141],[-74.193,-48.138],[-74.259,-48.0],[-74.215,-47.992],[-74.212,-48.014],[-74.197,-48.021],[-74.206,-47.993],[-74.149,-47.982],[-74.114,-48.077],[-74.099,-48.059],[-74.143,-47.982],[-74.076,-48.008],[-74.107,-47.98],[-74.071,-47.967],[-73.977,-47.978],[-73.984,-48.012],[-74.019,-48.001],[-73.986,-48.025],[-73.822,-48.021],[-73.836,-48.108],[-73.796,-48.054],[-73.711,-48.025],[-73.709,-48.069],[-73.756,-48.108],[-73.746,-48.147],[-73.746,-48.11],[-73.686,-48.085],[-73.545,-48.135],[-73.537,-48.184],[-73.591,-48.233],[-73.592,-48.252],[-73.538,-48.189],[-73.516,-48.243],[-73.447,-48.248],[-73.49,-48.212],[-73.438,-48.166],[-73.383,-48.177],[-73.333,-48.226],[-73.267,-48.244],[-73.169,-48.231],[-73.135,-48.163],[-73.081,-48.171],[-73.107,-48.1],[-73.13,-48.085],[-73.111,-48.15],[-73.138,-48.161],[-73.167,-48.192],[-73.172,-48.228],[-73.331,-48.225],[-73.228,-48.147],[-73.223,-48.014],[-73.251,-48.036],[-73.249,-48.13],[-73.3,-48.171],[-73.446,-48.126],[-73.559,-48.021],[-73.475,-47.977],[-73.582,-48.004],[-73.604,-47.984],[-73.602,-47.863],[-73.504,-47.883],[-73.503,-47.926],[-73.41,-47.968],[-73.178,-47.958],[-73.173,-47.962],[-73.162,-47.964],[-73.155,-47.978],[-73.13,-47.996],[-73.101,-48.01],[-73.095,-48.012],[-73.086,-48.008],[-73.081,-48.01],[-73.07,-48.013],[-73.056,-48.009],[-73.023,-48.038],[-73.014,-48.042],[-73.003,-48.042],[-73.0,-48.038],[-73.057,-48.008],[-73.087,-48.007],[-73.096,-48.011],[-73.129,-47.996],[-73.158,-47.965],[-73.177,-47.958],[-73.48,-47.919],[-73.444,-47.842],[-73.477,-47.862],[-73.533,-47.798],[-73.681,-47.76],[-73.686,-47.66],[-73.59,-47.615],[-73.678,-47.624],[-73.663,-47.597],[-73.672,-47.575],[-73.661,-47.569],[-73.654,-47.557],[-73.637,-47.553],[-73.628,-47.545],[-73.642,-47.539],[-73.67,-47.537],[-73.699,-47.545],[-73.705,-47.526],[-73.71,-47.555],[-73.634,-47.55],[-73.659,-47.559],[-73.676,-47.58],[-73.68,-47.623],[-73.663,-47.634],[-73.663,-47.637],[-73.733,-47.688],[-73.712,-47.769],[-73.879,-47.83],[-73.996,-47.806],[-74.006,-47.75],[-74.149,-47.782],[-74.239,-47.746],[-74.314,-47.779],[-74.366,-47.753],[-74.258,-47.752],[-74.313,-47.726],[-74.505,-47.77],[-74.427,-47.723],[-74.404,-47.699],[-74.433,-47.689],[-74.498,-47.726],[-74.499,-47.743],[-74.408,-47.698],[-74.513,-47.765],[-74.637,-47.739],[-74.58,-47.747],[-74.62,-47.725],[-74.558,-47.694],[-74.558,-47.684],[-74.643,-47.731],[-74.679,-47.72],[-74.62,-47.617],[-74.556,-47.622],[-74.601,-47.637],[-74.615,-47.648],[-74.526,-47.627],[-74.606,-47.587],[-74.5,-47.514],[-74.463,-47.521],[-74.475,-47.591],[-74.454,-47.606],[-74.425,-47.522],[-74.365,-47.545],[-74.348,-47.605],[-74.47,-47.677],[-74.521,-47.662],[-74.503,-47.625],[-74.567,-47.637],[-74.518,-47.643],[-74.544,-47.678],[-74.516,-47.665],[-74.478,-47.686],[-74.416,-47.677],[-74.285,-47.633],[-74.265,-47.708],[-74.241,-47.719],[-74.153,-47.754],[-74.065,-47.727],[-74.215,-47.723],[-74.257,-47.697],[-74.258,-47.652],[-74.07,-47.655],[-74.027,-47.63],[-74.192,-47.638],[-74.254,-47.622],[-74.203,-47.624],[-74.248,-47.616],[-74.212,-47.599],[-73.968,-47.606],[-73.939,-47.586],[-74.032,-47.604],[-74.097,-47.577],[-74.004,-47.516],[-73.9,-47.5],[-73.898,-47.491],[-73.922,-47.469],[-73.902,-47.492],[-74.025,-47.514],[-74.113,-47.58],[-74.256,-47.589],[-74.301,-47.547],[-74.282,-47.515],[-74.126,-47.492],[-74.065,-47.449],[-74.058,-47.428],[-74.139,-47.486],[-74.173,-47.476],[-74.296,-47.509],[-74.339,-47.487],[-74.374,-47.502],[-74.313,-47.515],[-74.328,-47.531],[-74.425,-47.477],[-74.418,-47.453],[-74.307,-47.452],[-74.206,-47.39],[-74.318,-47.444],[-74.411,-47.432],[-74.41,-47.422],[-74.415,-47.417],[-74.415,-47.396],[-74.419,-47.391],[-74.456,-47.463],[-74.488,-47.413],[-74.262,-47.191],[-74.234,-47.225],[-74.204,-47.209],[-74.229,-47.209],[-74.241,-47.187],[-74.181,-47.215],[-74.195,-47.353],[-74.139,-47.361],[-74.189,-47.334],[-74.165,-47.256],[-74.107,-47.28],[-74.195,-47.195],[-74.146,-47.186],[-74.104,-47.197],[-74.081,-47.282],[-74.121,-47.305],[-74.083,-47.305],[-74.034,-47.376],[-74.067,-47.316],[-74.041,-47.289],[-74.08,-47.273],[-74.052,-47.276],[-74.093,-47.193],[-74.023,-47.159],[-74.023,-47.223],[-74.009,-47.222],[-74.017,-47.156],[-74.006,-47.15],[-73.999,-47.156],[-73.994,-47.157],[-73.989,-47.156],[-73.975,-47.15],[-73.971,-47.145],[-73.954,-47.193],[-73.932,-47.224],[-73.908,-47.235],[-73.923,-47.243],[-73.898,-47.234],[-73.926,-47.217],[-73.918,-47.216],[-73.916,-47.208],[-73.91,-47.208],[-73.905,-47.207],[-73.903,-47.199],[-73.896,-47.198],[-73.885,-47.193],[-73.878,-47.192],[-73.869,-47.189],[-73.867,-47.187],[-73.903,-47.198],[-73.908,-47.207],[-73.916,-47.208],[-73.926,-47.217],[-73.965,-47.148],[-73.97,-47.144],[-73.973,-47.145],[-73.994,-47.156],[-74.009,-47.144],[-73.958,-47.078],[-73.952,-47.05],[-73.932,-47.046],[-73.909,-47.032],[-73.953,-47.049],[-74.003,-47.097],[-74.015,-47.137],[-74.017,-47.117],[-74.091,-47.169],[-74.1,-47.146],[-74.145,-47.163],[-74.132,-47.141],[-74.196,-47.098],[-74.134,-46.996],[-74.068,-47.004],[-74.051,-47.05],[-74.014,-46.982],[-73.995,-46.996],[-73.919,-47.006],[-73.912,-47.004],[-73.908,-46.994],[-73.902,-46.993],[-73.897,-46.991],[-73.888,-46.985],[-73.885,-46.977],[-73.891,-46.973],[-73.887,-46.964],[-73.889,-46.957],[-73.885,-46.953],[-73.85,-46.966],[-73.841,-46.965],[-73.839,-46.962],[-73.886,-46.948],[-73.92,-47.006],[-73.994,-46.995],[-74.004,-46.981],[-74.015,-46.98],[-74.019,-46.983],[-73.994,-46.963]]],[[[-73.983,-45.535],[-73.862,-45.603],[-73.88,-45.711],[-74.035,-45.724],[-74.098,-45.599],[-73.983,-45.535]]],[[[-73.751,-45.332],[-73.982,-45.374],[-74.1,-45.31],[-74.078,-45.352],[-74.087,-45.368],[-74.132,-45.329],[-74.133,-45.319],[-74.119,-45.325],[-74.122,-45.319],[-74.108,-45.322],[-74.106,-45.313],[-74.157,-45.241],[-74.021,-45.205],[-73.982,-45.264],[-73.804,-45.25],[-73.751,-45.332]]],[[[-73.804,-44.988],[-73.798,-45.025],[-73.748,-45.042],[-73.781,-45.041],[-73.716,-45.076],[-73.732,-45.053],[-73.71,-45.056],[-73.684,-45.113],[-73.694,-45.173],[-73.67,-45.177],[-73.723,-45.193],[-73.677,-45.195],[-73.721,-45.235],[-73.688,-45.287],[-73.757,-45.302],[-73.809,-45.237],[-73.975,-45.256],[-74.006,-45.21],[-73.98,-45.195],[-73.864,-45.211],[-73.823,-45.207],[-73.958,-45.189],[-74.012,-45.202],[-74.071,-45.178],[-74.056,-45.172],[-74.058,-45.15],[-74.037,-45.142],[-74.04,-45.135],[-74.127,-45.165],[-74.144,-45.152],[-74.129,-45.116],[-74.149,-45.052],[-74.155,-45.173],[-74.203,-45.177],[-74.225,-45.146],[-74.229,-45.095],[-74.204,-45.094],[-74.234,-45.077],[-74.171,-45.03],[-74.035,-45.045],[-73.804,-44.988]]],[[[-73.903,-46.004],[-73.76,-46.036],[-73.772,-46.057],[-73.76,-46.085],[-73.743,-46.032],[-73.645,-46.075],[-73.679,-46.156],[-73.719,-46.145],[-73.696,-46.176],[-73.726,-46.209],[-73.818,-46.158],[-73.752,-46.149],[-73.745,-46.146],[-73.748,-46.14],[-73.828,-46.142],[-73.864,-46.096],[-73.921,-46.092],[-73.903,-46.004]]],[[[-73.699,-45.814],[-73.649,-45.888],[-73.685,-45.908],[-73.659,-45.916],[-73.66,-46.03],[-73.799,-46.003],[-73.737,-45.893],[-73.709,-45.911],[-73.763,-45.956],[-73.679,-45.892],[-73.706,-45.88],[-73.809,-45.878],[-73.751,-45.895],[-73.806,-45.939],[-73.818,-45.926],[-73.835,-45.924],[-73.796,-45.945],[-73.822,-45.986],[-73.91,-45.983],[-73.911,-45.913],[-73.865,-45.856],[-73.775,-45.861],[-73.764,-45.829],[-73.776,-45.853],[-73.811,-45.84],[-73.699,-45.814]]],[[[-73.669,-45.436],[-73.57,-45.452],[-73.542,-45.484],[-73.552,-45.518],[-73.56,-45.523],[-73.578,-45.514],[-73.581,-45.515],[-73.567,-45.589],[-73.593,-45.601],[-73.558,-45.646],[-73.672,-45.607],[-73.579,-45.685],[-73.624,-45.769],[-73.689,-45.701],[-73.793,-45.67],[-73.784,-45.622],[-73.814,-45.646],[-73.769,-45.605],[-73.752,-45.519],[-73.669,-45.436]]],[[[-73.679,-44.532],[-73.61,-44.559],[-73.631,-44.582],[-73.641,-44.574],[-73.675,-44.556],[-73.684,-44.554],[-73.633,-44.597],[-73.585,-44.588],[-73.589,-44.623],[-73.716,-44.731],[-73.619,-44.672],[-73.563,-44.708],[-73.743,-44.752],[-73.771,-44.692],[-73.836,-44.653],[-73.819,-44.632],[-73.88,-44.594],[-73.825,-44.592],[-73.789,-44.661],[-73.802,-44.562],[-73.679,-44.532]]],[[[-73.52,-45.865],[-73.47,-45.885],[-73.322,-45.898],[-73.426,-46.06],[-73.605,-46.222],[-73.568,-46.231],[-73.576,-46.258],[-73.674,-46.329],[-73.649,-46.219],[-73.612,-46.221],[-73.639,-46.188],[-73.603,-46.059],[-73.636,-45.975],[-73.562,-45.948],[-73.59,-45.918],[-73.52,-45.865]]],[[[-72.97,-44.367],[-72.898,-44.447],[-72.962,-44.517],[-72.983,-44.576],[-72.867,-44.428],[-72.777,-44.448],[-72.688,-44.539],[-72.804,-44.647],[-72.902,-44.63],[-72.967,-44.583],[-72.961,-44.629],[-72.793,-44.669],[-72.82,-44.734],[-72.954,-44.789],[-73.117,-44.912],[-73.215,-44.938],[-73.287,-44.896],[-73.289,-44.919],[-73.391,-44.816],[-73.276,-44.791],[-73.25,-44.811],[-73.16,-44.812],[-73.262,-44.78],[-73.267,-44.755],[-73.259,-44.747],[-73.262,-44.745],[-73.362,-44.8],[-73.389,-44.761],[-73.347,-44.735],[-73.428,-44.734],[-73.427,-44.643],[-73.452,-44.639],[-73.387,-44.567],[-73.395,-44.599],[-73.35,-44.586],[-73.376,-44.599],[-73.347,-44.605],[-73.353,-44.636],[-73.308,-44.602],[-73.209,-44.635],[-73.278,-44.542],[-73.139,-44.584],[-73.114,-44.568],[-73.247,-44.502],[-73.246,-44.436],[-73.163,-44.399],[-73.13,-44.454],[-73.133,-44.427],[-73.118,-44.417],[-73.121,-44.432],[-73.118,-44.447],[-73.098,-44.459],[-73.117,-44.417],[-73.093,-44.431],[-73.072,-44.415],[-73.003,-44.497],[-73.036,-44.417],[-73.097,-44.392],[-72.97,-44.367]]]]}},{"type":"Feature","properties":{"region":"Región De Magallanes Y De La Antártica Chilena"},"geometry":{"type":"MultiPolygon","coordinates":[[[[-75.601,-49.63],[-75.522,-49.581],[-75.452,-49.613],[-75.445,-49.569],[-75.359,-49.615],[-75.352,-49.572],[-75.144,-49.883],[-75.218,-49.874],[-75.278,-49.81],[-75.243,-49.882],[-75.348,-49.854],[-75.382,-49.808],[-75.352,-49.758],[-75.32,-49.762],[-75.356,-49.751],[-75.349,-49.695],[-75.354,-49.687],[-75.379,-49.748],[-75.611,-49.848],[-75.633,-49.763],[-75.528,-49.739],[-75.487,-49.716],[-75.478,-49.7],[-75.509,-49.725],[-75.58,-49.698],[-75.601,-49.63]]],[[[-75.584,-49.146],[-75.5,-49.074],[-75.55,-49.154],[-75.497,-49.101],[-75.437,-49.109],[-75.495,-49.095],[-75.361,-49.035],[-75.42,-49.031],[-75.281,-48.934],[-75.269,-48.997],[-75.339,-49.02],[-75.278,-49.004],[-75.237,-49.074],[-75.321,-49.128],[-75.299,-49.094],[-75.304,-49.089],[-75.37,-49.176],[-75.39,-49.162],[-75.376,-49.149],[-75.363,-49.1],[-75.329,-49.098],[-75.339,-49.071],[-75.384,-49.121],[-75.392,-49.157],[-75.453,-49.141],[-75.417,-49.166],[-75.45,-49.238],[-75.594,-49.226],[-75.632,-49.191],[-75.604,-49.162],[-75.584,-49.199],[-75.562,-49.2],[-75.584,-49.146]]],[[[-75.26,-48.776],[-75.014,-48.872],[-75.056,-48.904],[-75.108,-48.882],[-75.125,-48.881],[-75.086,-48.9],[-75.116,-48.908],[-74.994,-48.933],[-75.077,-48.938],[-75.139,-48.995],[-75.15,-48.976],[-75.176,-48.976],[-75.17,-48.946],[-75.199,-48.905],[-75.177,-48.955],[-75.203,-48.985],[-75.143,-49.001],[-75.231,-49.066],[-75.275,-48.94],[-75.255,-48.903],[-75.326,-48.943],[-75.332,-48.939],[-75.32,-48.918],[-75.32,-48.911],[-75.448,-49.037],[-75.545,-48.973],[-75.496,-48.965],[-75.474,-48.948],[-75.445,-48.939],[-75.455,-48.96],[-75.419,-48.928],[-75.45,-48.935],[-75.433,-48.91],[-75.469,-48.903],[-75.444,-48.918],[-75.503,-48.96],[-75.631,-48.934],[-75.632,-48.849],[-75.547,-48.802],[-75.528,-48.842],[-75.54,-48.803],[-75.506,-48.82],[-75.495,-48.781],[-75.39,-48.804],[-75.513,-48.884],[-75.343,-48.795],[-75.394,-48.871],[-75.344,-48.827],[-75.327,-48.851],[-75.36,-48.885],[-75.32,-48.867],[-75.285,-48.908],[-75.338,-48.826],[-75.323,-48.804],[-75.222,-48.844],[-75.221,-48.879],[-75.201,-48.901],[-75.213,-48.851],[-75.181,-48.86],[-75.26,-48.776]]],[[[-75.117,-51.249],[-75.096,-51.286],[-75.142,-51.391],[-75.081,-51.295],[-75.021,-51.332],[-74.976,-51.316],[-74.993,-51.337],[-74.977,-51.362],[-75.028,-51.359],[-74.998,-51.382],[-75.01,-51.409],[-75.039,-51.371],[-75.076,-51.364],[-75.04,-51.409],[-75.082,-51.393],[-75.083,-51.443],[-75.098,-51.429],[-75.112,-51.43],[-75.09,-51.48],[-75.151,-51.409],[-75.131,-51.515],[-75.165,-51.595],[-75.226,-51.56],[-75.184,-51.611],[-75.313,-51.642],[-75.349,-51.587],[-75.317,-51.568],[-75.336,-51.534],[-75.196,-51.486],[-75.235,-51.443],[-75.202,-51.427],[-75.222,-51.402],[-75.148,-51.388],[-75.222,-51.334],[-75.117,-51.249]]],[[[-75.368,-50.465],[-75.336,-50.513],[-75.332,-50.474],[-75.269,-50.486],[-75.289,-50.507],[-75.298,-50.53],[-75.251,-50.487],[-75.06,-50.505],[-75.131,-50.556],[-75.174,-50.541],[-75.152,-50.569],[-75.239,-50.55],[-75.167,-50.591],[-75.195,-50.612],[-75.213,-50.591],[-75.206,-50.618],[-75.279,-50.578],[-75.282,-50.558],[-75.262,-50.555],[-75.263,-50.544],[-75.32,-50.551],[-75.227,-50.636],[-75.311,-50.639],[-75.237,-50.671],[-75.28,-50.696],[-75.232,-50.705],[-75.319,-50.711],[-75.236,-50.745],[-75.301,-50.808],[-75.328,-50.808],[-75.307,-50.779],[-75.314,-50.749],[-75.321,-50.784],[-75.375,-50.791],[-75.428,-50.763],[-75.392,-50.737],[-75.454,-50.738],[-75.444,-50.699],[-75.359,-50.701],[-75.342,-50.693],[-75.343,-50.683],[-75.51,-50.667],[-75.399,-50.644],[-75.463,-50.613],[-75.426,-50.591],[-75.343,-50.633],[-75.396,-50.593],[-75.367,-50.589],[-75.345,-50.601],[-75.324,-50.602],[-75.321,-50.599],[-75.416,-50.564],[-75.474,-50.501],[-75.368,-50.465]]],[[[-75.351,-50.005],[-75.273,-49.997],[-75.304,-50.016],[-75.303,-50.06],[-75.288,-50.02],[-75.284,-50.056],[-75.257,-50.07],[-75.221,-50.014],[-75.143,-50.015],[-75.09,-50.06],[-75.139,-50.074],[-75.132,-50.102],[-75.074,-50.071],[-75.089,-50.109],[-75.069,-50.077],[-75.064,-50.129],[-75.048,-50.11],[-75.031,-50.14],[-75.027,-50.1],[-74.976,-50.064],[-74.931,-50.089],[-74.99,-50.156],[-75.013,-50.138],[-75.051,-50.186],[-75.02,-50.194],[-74.952,-50.131],[-74.973,-50.167],[-74.961,-50.161],[-74.932,-50.105],[-74.912,-50.133],[-74.956,-50.161],[-74.946,-50.177],[-74.897,-50.13],[-74.855,-50.178],[-74.875,-50.131],[-74.821,-50.153],[-74.808,-50.145],[-74.883,-50.121],[-74.839,-50.119],[-74.876,-50.111],[-74.874,-50.103],[-74.79,-50.131],[-74.771,-50.171],[-74.882,-50.189],[-74.814,-50.207],[-74.883,-50.231],[-74.832,-50.234],[-74.829,-50.242],[-74.914,-50.225],[-74.922,-50.207],[-75.02,-50.225],[-75.056,-50.269],[-74.971,-50.217],[-74.931,-50.247],[-75.022,-50.302],[-75.046,-50.28],[-75.022,-50.306],[-75.054,-50.326],[-75.103,-50.313],[-75.069,-50.337],[-75.118,-50.343],[-75.114,-50.365],[-75.156,-50.342],[-75.135,-50.375],[-75.171,-50.388],[-75.203,-50.446],[-75.154,-50.392],[-75.078,-50.398],[-75.151,-50.476],[-75.268,-50.431],[-75.238,-50.468],[-75.274,-50.437],[-75.34,-50.442],[-75.291,-50.383],[-75.249,-50.385],[-75.267,-50.361],[-75.19,-50.338],[-75.212,-50.325],[-75.184,-50.293],[-75.315,-50.359],[-75.245,-50.308],[-75.321,-50.307],[-75.345,-50.351],[-75.367,-50.321],[-75.452,-50.379],[-75.48,-50.314],[-75.443,-50.296],[-75.462,-50.27],[-75.398,-50.26],[-75.441,-50.228],[-75.409,-50.203],[-75.418,-50.166],[-75.37,-50.144],[-75.253,-50.175],[-75.362,-50.209],[-75.274,-50.221],[-75.272,-50.254],[-75.228,-50.243],[-75.205,-50.27],[-75.134,-50.256],[-75.168,-50.242],[-75.162,-50.211],[-75.097,-50.159],[-75.094,-50.131],[-75.114,-50.154],[-75.141,-50.127],[-75.159,-50.147],[-75.122,-50.164],[-75.173,-50.18],[-75.187,-50.145],[-75.284,-50.145],[-75.407,-50.07],[-75.388,-50.061],[-75.417,-50.026],[-75.368,-50.001],[-75.362,-50.037],[-75.351,-50.005]]],[[[-75.084,-48.985],[-74.952,-49.038],[-74.942,-49.096],[-74.943,-48.999],[-74.824,-49.076],[-74.832,-49.117],[-74.889,-49.148],[-74.829,-49.123],[-74.854,-49.179],[-74.868,-49.286],[-74.92,-49.264],[-74.91,-49.24],[-74.954,-49.24],[-75.04,-49.139],[-75.179,-49.141],[-75.071,-49.11],[-75.126,-49.103],[-75.095,-49.084],[-75.206,-49.129],[-75.101,-49.003],[-75.027,-49.042],[-75.084,-48.985]]],[[[-74.928,-51.81],[-74.891,-51.852],[-74.915,-51.856],[-74.92,-51.881],[-74.883,-51.867],[-74.923,-51.896],[-74.933,-51.927],[-74.869,-51.873],[-74.859,-51.943],[-74.844,-51.868],[-74.78,-51.878],[-74.812,-51.897],[-74.801,-51.931],[-74.826,-51.921],[-74.81,-51.947],[-74.855,-51.96],[-74.807,-51.951],[-74.84,-51.98],[-74.819,-51.986],[-74.83,-51.99],[-74.867,-51.982],[-74.88,-51.983],[-74.828,-51.992],[-74.836,-52.023],[-74.867,-52.009],[-74.913,-52.008],[-74.849,-52.036],[-74.892,-52.052],[-74.858,-52.06],[-74.871,-52.091],[-74.95,-52.133],[-74.911,-52.084],[-74.914,-52.037],[-74.952,-52.131],[-75.003,-52.144],[-74.999,-52.1],[-74.944,-52.103],[-74.967,-52.088],[-74.939,-52.052],[-75.009,-52.094],[-74.949,-52.039],[-75.021,-52.075],[-75.001,-52.029],[-75.045,-52.056],[-75.064,-52.019],[-75.042,-51.982],[-74.943,-51.955],[-75.009,-51.954],[-74.928,-51.81]]],[[[-75.237,-49.634],[-75.278,-49.631],[-75.298,-49.605],[-75.157,-49.547],[-75.227,-49.552],[-75.161,-49.52],[-75.143,-49.503],[-75.251,-49.557],[-75.238,-49.534],[-75.303,-49.533],[-75.185,-49.475],[-75.234,-49.48],[-75.187,-49.441],[-75.198,-49.436],[-75.313,-49.516],[-75.303,-49.486],[-75.339,-49.464],[-75.286,-49.423],[-75.371,-49.453],[-75.311,-49.44],[-75.355,-49.474],[-75.388,-49.485],[-75.4,-49.454],[-75.323,-49.412],[-75.305,-49.383],[-75.402,-49.442],[-75.453,-49.275],[-75.324,-49.253],[-75.415,-49.326],[-75.319,-49.277],[-75.303,-49.303],[-75.332,-49.315],[-75.292,-49.316],[-75.308,-49.34],[-75.283,-49.333],[-75.224,-49.433],[-75.201,-49.421],[-75.146,-49.467],[-75.096,-49.481],[-75.197,-49.415],[-75.081,-49.418],[-74.946,-49.402],[-75.206,-49.409],[-75.142,-49.391],[-75.239,-49.376],[-75.218,-49.356],[-75.242,-49.367],[-75.274,-49.315],[-75.199,-49.326],[-75.275,-49.309],[-75.304,-49.257],[-75.241,-49.264],[-75.305,-49.248],[-75.212,-49.231],[-75.203,-49.241],[-75.221,-49.242],[-75.217,-49.283],[-75.188,-49.279],[-75.198,-49.249],[-75.107,-49.366],[-75.024,-49.347],[-75.115,-49.338],[-75.138,-49.298],[-75.083,-49.287],[-75.141,-49.291],[-75.172,-49.253],[-75.1,-49.262],[-75.053,-49.309],[-75.003,-49.332],[-75.088,-49.253],[-75.048,-49.269],[-75.032,-49.239],[-74.968,-49.293],[-75.025,-49.237],[-74.973,-49.244],[-75.041,-49.219],[-74.998,-49.22],[-75.052,-49.195],[-75.063,-49.17],[-74.866,-49.303],[-74.878,-49.353],[-74.857,-49.372],[-74.856,-49.314],[-74.83,-49.32],[-74.857,-49.299],[-74.848,-49.214],[-74.766,-49.237],[-74.847,-49.204],[-74.841,-49.177],[-74.81,-49.156],[-74.747,-49.19],[-74.811,-49.151],[-74.778,-49.113],[-74.808,-49.101],[-74.724,-49.087],[-74.905,-48.99],[-74.831,-48.962],[-74.813,-48.982],[-74.791,-48.943],[-74.747,-49.012],[-74.704,-49.024],[-74.773,-48.969],[-74.764,-48.915],[-74.937,-48.976],[-74.875,-48.934],[-74.938,-48.95],[-74.952,-48.926],[-74.85,-48.895],[-74.824,-48.877],[-74.959,-48.913],[-74.982,-48.88],[-74.796,-48.832],[-74.83,-48.824],[-74.793,-48.799],[-74.886,-48.844],[-74.979,-48.868],[-75.015,-48.823],[-74.997,-48.768],[-74.852,-48.824],[-74.933,-48.78],[-74.89,-48.748],[-74.951,-48.76],[-74.937,-48.775],[-74.97,-48.755],[-74.819,-48.686],[-74.78,-48.704],[-74.799,-48.684],[-74.767,-48.669],[-74.74,-48.705],[-74.766,-48.737],[-74.803,-48.714],[-74.798,-48.753],[-74.747,-48.791],[-74.774,-48.747],[-74.725,-48.741],[-74.733,-48.697],[-74.752,-48.677],[-74.683,-48.653],[-74.585,-48.705],[-74.63,-48.731],[-74.58,-48.71],[-74.566,-48.733],[-74.574,-48.821],[-74.642,-48.862],[-74.625,-48.865],[-74.563,-48.829],[-74.544,-48.724],[-74.465,-48.7],[-74.464,-48.873],[-74.55,-48.929],[-74.576,-48.954],[-74.462,-48.884],[-74.407,-48.947],[-74.433,-48.996],[-74.514,-49.016],[-74.45,-49.018],[-74.403,-49.093],[-74.399,-49.122],[-74.43,-49.127],[-74.387,-49.301],[-74.404,-49.344],[-74.426,-49.337],[-74.447,-49.481],[-74.549,-49.513],[-74.479,-49.514],[-74.445,-49.609],[-74.504,-49.603],[-74.527,-49.644],[-74.557,-49.637],[-74.511,-49.674],[-74.535,-49.69],[-74.503,-49.673],[-74.508,-49.622],[-74.44,-49.624],[-74.389,-49.679],[-74.398,-49.772],[-74.465,-49.739],[-74.545,-49.736],[-74.404,-49.783],[-74.406,-49.902],[-74.427,-49.908],[-74.438,-49.867],[-74.47,-49.841],[-74.479,-49.841],[-74.434,-49.919],[-74.498,-49.98],[-74.631,-49.877],[-74.512,-49.985],[-74.634,-50.059],[-74.662,-50.052],[-74.654,-50.043],[-74.641,-50.036],[-74.635,-50.03],[-74.636,-50.03],[-74.689,-50.04],[-74.637,-49.988],[-74.754,-50.047],[-74.803,-50.034],[-74.753,-49.988],[-74.79,-49.99],[-74.815,-50.021],[-74.796,-50.055],[-74.827,-50.043],[-74.813,-50.035],[-74.818,-50.013],[-74.834,-50.041],[-74.868,-50.028],[-74.881,-49.992],[-74.714,-49.909],[-74.616,-49.952],[-74.652,-49.904],[-74.664,-49.925],[-74.708,-49.896],[-74.87,-49.973],[-74.913,-49.936],[-74.868,-49.848],[-74.772,-49.874],[-74.763,-49.86],[-74.649,-49.82],[-74.611,-49.793],[-74.814,-49.85],[-74.8,-49.777],[-74.723,-49.765],[-74.757,-49.763],[-74.731,-49.749],[-74.708,-49.721],[-74.806,-49.77],[-74.835,-49.815],[-74.886,-49.783],[-74.886,-49.739],[-74.826,-49.72],[-74.876,-49.709],[-74.889,-49.659],[-74.899,-49.692],[-74.912,-49.674],[-74.882,-49.645],[-74.824,-49.677],[-74.808,-49.678],[-74.879,-49.638],[-74.873,-49.596],[-74.752,-49.636],[-74.676,-49.634],[-74.771,-49.616],[-74.723,-49.579],[-74.724,-49.549],[-74.785,-49.612],[-74.868,-49.582],[-74.873,-49.53],[-74.75,-49.461],[-74.725,-49.514],[-74.713,-49.519],[-74.701,-49.516],[-74.746,-49.459],[-74.684,-49.424],[-74.605,-49.429],[-74.706,-49.414],[-74.581,-49.32],[-74.587,-49.306],[-74.71,-49.403],[-74.806,-49.332],[-74.717,-49.413],[-74.861,-49.504],[-74.85,-49.418],[-74.856,-49.388],[-74.868,-49.5],[-74.935,-49.54],[-74.917,-49.469],[-74.937,-49.481],[-74.929,-49.439],[-74.94,-49.429],[-74.952,-49.493],[-74.99,-49.471],[-74.997,-49.478],[-74.952,-49.496],[-74.961,-49.541],[-74.968,-49.541],[-75.011,-49.514],[-75.021,-49.509],[-75.023,-49.51],[-74.962,-49.55],[-74.97,-49.574],[-75.006,-49.554],[-74.975,-49.593],[-75.088,-49.534],[-74.973,-49.607],[-75.027,-49.625],[-74.98,-49.629],[-75.011,-49.699],[-74.966,-49.613],[-74.924,-49.624],[-74.973,-49.707],[-74.992,-49.717],[-74.991,-49.684],[-75.015,-49.719],[-75.004,-49.792],[-74.963,-49.709],[-74.951,-49.749],[-74.916,-49.749],[-74.928,-49.804],[-74.953,-49.796],[-74.935,-49.814],[-74.956,-49.801],[-74.964,-49.841],[-75.016,-49.86],[-74.973,-49.866],[-74.997,-49.899],[-75.063,-49.903],[-75.03,-49.835],[-75.062,-49.868],[-75.127,-49.853],[-75.176,-49.77],[-75.122,-49.748],[-75.183,-49.76],[-75.228,-49.686],[-75.221,-49.679],[-75.183,-49.682],[-75.15,-49.669],[-75.253,-49.656],[-75.148,-49.655],[-75.129,-49.637],[-75.233,-49.639],[-75.139,-49.574],[-75.237,-49.634]]],[[[-74.722,-51.835],[-74.694,-51.854],[-74.714,-51.863],[-74.711,-51.872],[-74.663,-51.849],[-74.687,-51.868],[-74.664,-51.888],[-74.576,-51.84],[-74.616,-51.913],[-74.671,-51.927],[-74.649,-51.945],[-74.667,-51.961],[-74.653,-51.952],[-74.63,-51.959],[-74.68,-51.964],[-74.719,-52.006],[-74.642,-51.969],[-74.634,-51.991],[-74.694,-52.019],[-74.741,-52.121],[-74.744,-52.099],[-74.81,-52.101],[-74.775,-52.134],[-74.822,-52.163],[-74.889,-52.154],[-74.841,-52.074],[-74.748,-52.041],[-74.783,-52.048],[-74.777,-52.017],[-74.806,-52.034],[-74.789,-52.054],[-74.831,-52.062],[-74.808,-51.98],[-74.784,-51.979],[-74.75,-51.964],[-74.806,-51.974],[-74.722,-51.835]]],[[[-74.605,-51.189],[-74.514,-51.251],[-74.511,-51.302],[-74.523,-51.258],[-74.557,-51.239],[-74.527,-51.315],[-74.581,-51.267],[-74.673,-51.245],[-74.574,-51.289],[-74.585,-51.328],[-74.542,-51.33],[-74.58,-51.353],[-74.521,-51.357],[-74.544,-51.387],[-74.614,-51.408],[-74.621,-51.359],[-74.67,-51.327],[-74.657,-51.301],[-74.685,-51.319],[-74.73,-51.294],[-74.688,-51.324],[-74.723,-51.375],[-74.754,-51.373],[-74.727,-51.385],[-74.752,-51.424],[-74.755,-51.395],[-74.799,-51.41],[-74.776,-51.393],[-74.783,-51.388],[-74.803,-51.41],[-74.764,-51.425],[-74.812,-51.452],[-74.842,-51.43],[-74.891,-51.467],[-74.878,-51.431],[-74.887,-51.423],[-74.891,-51.457],[-75.036,-51.475],[-75.041,-51.442],[-74.997,-51.455],[-74.985,-51.439],[-75.032,-51.43],[-74.931,-51.408],[-74.784,-51.328],[-74.868,-51.366],[-74.852,-51.341],[-74.881,-51.368],[-74.969,-51.384],[-74.911,-51.37],[-74.981,-51.344],[-74.93,-51.292],[-74.797,-51.287],[-74.85,-51.262],[-74.822,-51.225],[-74.771,-51.245],[-74.798,-51.209],[-74.718,-51.231],[-74.75,-51.211],[-74.719,-51.189],[-74.662,-51.213],[-74.605,-51.189]]],[[[-74.844,-50.659],[-74.717,-50.692],[-74.731,-50.719],[-74.769,-50.708],[-74.733,-50.755],[-74.775,-50.739],[-74.796,-50.739],[-74.741,-50.762],[-74.773,-50.777],[-74.712,-50.783],[-74.736,-50.799],[-74.689,-50.797],[-74.698,-50.827],[-74.766,-50.808],[-74.792,-50.806],[-74.7,-50.833],[-74.738,-50.853],[-74.71,-50.863],[-74.723,-50.888],[-74.674,-50.804],[-74.636,-50.816],[-74.684,-50.903],[-74.938,-50.845],[-74.856,-50.827],[-74.932,-50.8],[-74.844,-50.808],[-74.948,-50.788],[-74.946,-50.763],[-74.873,-50.789],[-74.947,-50.753],[-74.941,-50.723],[-74.829,-50.731],[-74.883,-50.739],[-74.856,-50.753],[-74.807,-50.732],[-74.931,-50.694],[-74.93,-50.675],[-74.775,-50.704],[-74.844,-50.659]]],[[[-74.632,-50.711],[-74.59,-50.755],[-74.543,-50.734],[-74.548,-50.75],[-74.537,-50.77],[-74.521,-50.738],[-74.5,-50.772],[-74.427,-50.774],[-74.42,-50.795],[-74.452,-50.806],[-74.445,-50.787],[-74.453,-50.784],[-74.462,-50.795],[-74.45,-50.818],[-74.478,-50.846],[-74.472,-50.82],[-74.487,-50.82],[-74.513,-50.859],[-74.399,-50.816],[-74.373,-50.887],[-74.406,-50.885],[-74.391,-50.903],[-74.437,-50.924],[-74.411,-50.934],[-74.443,-50.939],[-74.42,-50.948],[-74.378,-50.913],[-74.404,-50.972],[-74.372,-50.964],[-74.354,-51.028],[-74.399,-51.012],[-74.386,-51.043],[-74.408,-51.047],[-74.371,-51.052],[-74.373,-51.086],[-74.421,-51.067],[-74.458,-50.99],[-74.589,-51.058],[-74.598,-51.017],[-74.61,-51.079],[-74.689,-51.119],[-74.681,-51.092],[-74.749,-51.099],[-74.719,-51.091],[-74.762,-51.079],[-74.76,-51.066],[-74.69,-51.066],[-74.747,-51.033],[-74.643,-51.032],[-74.617,-51.002],[-74.602,-50.957],[-74.658,-51.009],[-74.761,-50.99],[-74.735,-51.006],[-74.778,-51.007],[-74.76,-51.03],[-74.796,-51.085],[-74.836,-51.069],[-74.789,-51.05],[-74.891,-51.055],[-74.771,-50.99],[-74.826,-50.978],[-74.77,-50.98],[-74.803,-50.964],[-74.875,-50.976],[-74.811,-50.958],[-74.882,-50.943],[-74.952,-50.988],[-74.939,-50.916],[-74.855,-50.915],[-74.931,-50.88],[-74.78,-50.909],[-74.667,-50.904],[-74.681,-50.938],[-74.636,-50.956],[-74.623,-50.918],[-74.609,-50.954],[-74.598,-50.904],[-74.533,-50.919],[-74.585,-50.898],[-74.553,-50.88],[-74.619,-50.9],[-74.599,-50.855],[-74.638,-50.896],[-74.616,-50.826],[-74.567,-50.84],[-74.582,-50.853],[-74.576,-50.861],[-74.519,-50.811],[-74.567,-50.829],[-74.603,-50.808],[-74.575,-50.793],[-74.685,-50.742],[-74.632,-50.711]]],[[[-74.229,-50.847],[-74.205,-50.811],[-74.247,-50.785],[-74.24,-50.771],[-74.243,-50.751],[-74.295,-50.814],[-74.316,-50.774],[-74.326,-50.772],[-74.329,-50.764],[-74.334,-50.763],[-74.287,-50.847],[-74.34,-50.847],[-74.423,-50.764],[-74.375,-50.74],[-74.44,-50.759],[-74.505,-50.734],[-74.464,-50.71],[-74.531,-50.701],[-74.471,-50.673],[-74.549,-50.696],[-74.547,-50.653],[-74.605,-50.647],[-74.575,-50.621],[-74.575,-50.645],[-74.55,-50.649],[-74.524,-50.597],[-74.418,-50.545],[-74.46,-50.526],[-74.385,-50.532],[-74.377,-50.568],[-74.352,-50.534],[-74.496,-50.512],[-74.487,-50.507],[-74.469,-50.477],[-74.518,-50.516],[-74.587,-50.508],[-74.591,-50.477],[-74.692,-50.488],[-74.542,-50.413],[-74.463,-50.475],[-74.358,-50.46],[-74.305,-50.626],[-74.266,-50.619],[-74.207,-50.682],[-74.255,-50.702],[-74.271,-50.676],[-74.384,-50.641],[-74.404,-50.654],[-74.268,-50.692],[-74.257,-50.715],[-74.282,-50.699],[-74.29,-50.702],[-74.251,-50.739],[-74.238,-50.706],[-74.204,-50.711],[-74.153,-50.774],[-74.145,-50.845],[-74.183,-50.85],[-74.184,-50.825],[-74.229,-50.847]]],[[[-74.509,-51.707],[-74.332,-51.756],[-74.372,-51.784],[-74.273,-51.779],[-74.306,-51.808],[-74.281,-51.842],[-74.287,-51.819],[-74.236,-51.814],[-74.194,-51.852],[-74.143,-51.849],[-74.14,-51.884],[-74.184,-51.894],[-74.19,-51.898],[-74.055,-51.884],[-74.085,-51.902],[-74.103,-51.93],[-74.1,-51.981],[-74.262,-51.935],[-74.227,-51.917],[-74.297,-51.918],[-74.263,-51.903],[-74.273,-51.895],[-74.357,-51.9],[-74.414,-51.846],[-74.37,-51.816],[-74.399,-51.796],[-74.417,-51.82],[-74.457,-51.77],[-74.417,-51.774],[-74.509,-51.707]]],[[[-74.68,-52.716],[-74.594,-52.788],[-74.429,-52.83],[-74.482,-52.834],[-74.511,-52.855],[-74.417,-52.845],[-74.481,-52.868],[-74.411,-52.871],[-74.409,-52.901],[-74.368,-52.876],[-74.366,-52.909],[-74.412,-52.932],[-74.324,-52.981],[-74.329,-52.927],[-74.254,-52.96],[-74.253,-52.992],[-74.239,-52.941],[-74.21,-52.984],[-74.176,-52.959],[-74.149,-52.987],[-74.167,-53.005],[-74.093,-53.006],[-74.117,-52.988],[-74.089,-52.994],[-74.092,-52.973],[-74.144,-52.954],[-74.125,-52.941],[-74.039,-52.976],[-74.078,-52.98],[-74.051,-52.998],[-73.937,-52.999],[-73.925,-53.02],[-73.968,-53.011],[-73.927,-53.033],[-73.986,-53.029],[-73.912,-53.07],[-73.929,-53.04],[-73.894,-53.018],[-73.849,-53.03],[-73.817,-53.093],[-73.794,-53.09],[-73.824,-53.042],[-73.734,-53.069],[-73.745,-53.087],[-73.691,-53.098],[-73.628,-53.182],[-73.635,-53.145],[-73.603,-53.146],[-73.639,-53.137],[-73.651,-53.086],[-73.599,-53.081],[-73.631,-53.097],[-73.587,-53.116],[-73.612,-53.125],[-73.602,-53.134],[-73.576,-53.11],[-73.557,-53.112],[-73.53,-53.165],[-73.548,-53.193],[-73.586,-53.184],[-73.524,-53.24],[-73.531,-53.283],[-73.485,-53.287],[-73.508,-53.233],[-73.469,-53.254],[-73.431,-53.248],[-73.485,-53.235],[-73.485,-53.231],[-73.457,-53.222],[-73.455,-53.218],[-73.504,-53.222],[-73.485,-53.191],[-73.514,-53.156],[-73.477,-53.143],[-73.391,-53.181],[-73.457,-53.191],[-73.366,-53.198],[-73.434,-53.214],[-73.368,-53.204],[-73.314,-53.237],[-73.344,-53.241],[-73.316,-53.264],[-73.34,-53.276],[-73.395,-53.26],[-73.377,-53.283],[-73.287,-53.268],[-73.282,-53.295],[-73.175,-53.311],[-73.197,-53.313],[-73.191,-53.323],[-73.208,-53.322],[-73.227,-53.331],[-73.228,-53.334],[-73.096,-53.349],[-73.095,-53.374],[-73.23,-53.38],[-73.406,-53.315],[-73.437,-53.352],[-73.609,-53.337],[-73.586,-53.319],[-73.624,-53.297],[-73.479,-53.324],[-73.462,-53.313],[-73.603,-53.282],[-73.607,-53.242],[-73.567,-53.239],[-73.609,-53.23],[-73.622,-53.192],[-73.619,-53.23],[-73.64,-53.225],[-73.714,-53.146],[-73.732,-53.16],[-73.701,-53.186],[-73.753,-53.197],[-73.716,-53.174],[-73.772,-53.177],[-73.771,-53.131],[-73.794,-53.102],[-73.793,-53.132],[-73.824,-53.117],[-73.79,-53.137],[-73.782,-53.178],[-73.797,-53.175],[-73.893,-53.072],[-73.897,-53.106],[-73.968,-53.107],[-74.106,-53.057],[-73.983,-53.108],[-74.076,-53.14],[-74.138,-53.088],[-74.128,-53.128],[-74.148,-53.103],[-74.153,-53.127],[-74.189,-53.119],[-74.194,-53.078],[-74.246,-53.035],[-74.214,-53.089],[-74.229,-53.142],[-74.262,-53.143],[-74.239,-53.124],[-74.272,-53.092],[-74.276,-53.123],[-74.32,-53.126],[-74.336,-53.09],[-74.299,-53.055],[-74.326,-53.023],[-74.365,-53.082],[-74.41,-53.045],[-74.385,-53.031],[-74.411,-53.029],[-74.407,-52.999],[-74.463,-53.007],[-74.52,-52.969],[-74.476,-52.913],[-74.52,-52.913],[-74.501,-52.944],[-74.542,-52.963],[-74.62,-52.912],[-74.572,-52.898],[-74.651,-52.867],[-74.638,-52.842],[-74.586,-52.853],[-74.609,-52.862],[-74.614,-52.868],[-74.545,-52.867],[-74.687,-52.814],[-74.635,-52.82],[-74.622,-52.812],[-74.714,-52.799],[-74.692,-52.785],[-74.724,-52.778],[-74.733,-52.732],[-74.674,-52.742],[-74.68,-52.716]]],[[[-74.24,-52.092],[-74.07,-52.098],[-74.025,-52.132],[-74.06,-52.14],[-74.067,-52.169],[-74.01,-52.135],[-73.999,-52.172],[-73.752,-52.274],[-73.748,-52.32],[-73.775,-52.315],[-73.782,-52.343],[-73.738,-52.332],[-73.716,-52.413],[-73.806,-52.422],[-73.877,-52.391],[-73.851,-52.355],[-73.754,-52.357],[-73.974,-52.274],[-74.079,-52.191],[-74.06,-52.173],[-74.145,-52.149],[-74.129,-52.152],[-74.111,-52.133],[-74.24,-52.092]]],[[[-74.038,-51.902],[-73.975,-51.938],[-73.995,-51.998],[-73.962,-51.955],[-73.939,-51.978],[-73.957,-51.941],[-73.801,-52.03],[-73.642,-52.225],[-73.879,-52.115],[-73.818,-52.095],[-73.832,-52.032],[-73.9,-52.024],[-73.825,-52.069],[-73.881,-52.108],[-74.093,-52.029],[-74.084,-52.006],[-73.902,-52.072],[-74.08,-51.989],[-74.087,-51.951],[-74.055,-51.965],[-74.098,-51.925],[-74.038,-51.902]]],[[[-74.05,-51.53],[-74.031,-51.567],[-74.078,-51.561],[-74.027,-51.579],[-73.983,-51.683],[-73.992,-51.692],[-74.001,-51.679],[-74.019,-51.684],[-73.973,-51.702],[-74.017,-51.705],[-74.058,-51.727],[-73.941,-51.726],[-73.908,-51.773],[-73.956,-51.804],[-73.904,-51.784],[-73.816,-51.843],[-73.788,-51.884],[-73.84,-51.903],[-73.843,-51.914],[-73.818,-51.914],[-73.817,-51.923],[-73.882,-51.91],[-73.853,-51.903],[-73.879,-51.885],[-73.879,-51.899],[-73.958,-51.892],[-73.923,-51.861],[-73.985,-51.822],[-73.948,-51.82],[-73.944,-51.808],[-74.248,-51.721],[-74.191,-51.722],[-74.238,-51.706],[-74.215,-51.698],[-74.232,-51.676],[-74.162,-51.699],[-74.198,-51.661],[-74.158,-51.67],[-74.172,-51.648],[-74.15,-51.669],[-74.082,-51.68],[-74.134,-51.667],[-74.098,-51.647],[-74.15,-51.593],[-74.064,-51.615],[-74.089,-51.595],[-74.054,-51.598],[-74.049,-51.593],[-74.119,-51.545],[-74.057,-51.553],[-74.05,-51.53]]],[[[-73.723,-52.421],[-73.648,-52.493],[-73.725,-52.505],[-73.691,-52.529],[-73.725,-52.559],[-73.694,-52.585],[-73.803,-52.546],[-73.752,-52.585],[-73.776,-52.594],[-73.701,-52.591],[-73.731,-52.662],[-73.809,-52.701],[-73.755,-52.686],[-73.796,-52.722],[-73.845,-52.721],[-73.834,-52.702],[-73.865,-52.708],[-73.854,-52.728],[-73.838,-52.727],[-73.833,-52.728],[-73.903,-52.753],[-73.939,-52.729],[-73.814,-52.598],[-73.914,-52.668],[-73.966,-52.666],[-73.842,-52.57],[-73.971,-52.626],[-73.975,-52.602],[-73.981,-52.598],[-73.987,-52.616],[-73.98,-52.625],[-73.968,-52.628],[-73.999,-52.651],[-74.072,-52.647],[-74.021,-52.612],[-74.033,-52.591],[-73.982,-52.578],[-73.998,-52.559],[-73.962,-52.563],[-73.951,-52.547],[-73.999,-52.533],[-73.895,-52.492],[-73.928,-52.532],[-73.84,-52.533],[-73.875,-52.507],[-73.814,-52.473],[-73.841,-52.452],[-73.772,-52.456],[-73.787,-52.433],[-73.723,-52.421]]],[[[-73.569,-53.385],[-73.493,-53.43],[-73.514,-53.404],[-73.475,-53.389],[-73.37,-53.418],[-73.515,-53.496],[-73.459,-53.509],[-73.442,-53.472],[-73.343,-53.567],[-73.395,-53.551],[-73.404,-53.558],[-73.327,-53.581],[-73.42,-53.573],[-73.436,-53.603],[-73.496,-53.609],[-73.482,-53.578],[-73.521,-53.546],[-73.518,-53.576],[-73.529,-53.579],[-73.641,-53.539],[-73.626,-53.57],[-73.664,-53.521],[-73.799,-53.479],[-73.762,-53.474],[-73.817,-53.437],[-73.456,-53.561],[-73.537,-53.498],[-73.663,-53.461],[-73.482,-53.454],[-73.615,-53.425],[-73.569,-53.385]]],[[[-74.144,-48.703],[-74.004,-48.728],[-73.083,-49.272],[-73.045,-49.451],[-73.13,-49.525],[-73.217,-49.669],[-73.481,-49.872],[-73.518,-49.944],[-73.459,-50.014],[-73.489,-50.119],[-73.361,-50.257],[-73.323,-50.401],[-73.122,-50.608],[-73.159,-50.757],[-73.071,-50.791],[-72.895,-50.676],[-72.724,-50.61],[-72.611,-50.683],[-72.578,-50.629],[-72.5,-50.596],[-72.362,-50.611],[-72.343,-50.646],[-72.284,-50.657],[-72.352,-50.748],[-72.26,-50.839],[-72.229,-50.956],[-72.248,-51.037],[-72.35,-51.031],[-72.405,-51.122],[-72.349,-51.199],[-72.257,-51.243],[-72.272,-51.283],[-72.361,-51.32],[-72.295,-51.365],[-72.336,-51.424],[-72.341,-51.521],[-72.409,-51.511],[-72.391,-51.528],[-72.44,-51.584],[-72.322,-51.59],[-72.283,-51.635],[-72.287,-51.702],[-72.161,-51.724],[-72.179,-51.734],[-72.015,-51.812],[-72.001,-51.941],[-72.029,-51.962],[-72.001,-51.997],[-70.0,-52.0],[-69.515,-52.149],[-69.175,-52.16],[-68.83,-52.271],[-68.424,-52.333],[-68.427,-52.396],[-68.49,-52.337],[-68.964,-52.293],[-69.08,-52.219],[-69.211,-52.196],[-69.453,-52.263],[-69.484,-52.388],[-69.557,-52.405],[-69.574,-52.436],[-69.544,-52.456],[-69.671,-52.538],[-69.854,-52.487],[-70.164,-52.588],[-70.212,-52.653],[-70.32,-52.641],[-70.526,-52.726],[-70.565,-52.711],[-70.501,-52.678],[-70.509,-52.659],[-70.712,-52.759],[-70.747,-52.711],[-70.82,-52.76],[-70.843,-52.719],[-70.899,-52.73],[-70.867,-52.761],[-70.84,-52.755],[-70.822,-52.763],[-70.788,-52.76],[-70.834,-52.775],[-70.802,-52.787],[-70.735,-52.783],[-70.821,-52.812],[-70.836,-52.833],[-70.797,-52.818],[-70.803,-52.851],[-70.838,-52.861],[-70.846,-52.91],[-70.893,-52.918],[-70.781,-52.937],[-70.826,-52.963],[-70.815,-53.007],[-70.879,-53.102],[-70.854,-53.131],[-70.935,-53.2],[-70.936,-53.318],[-70.988,-53.39],[-70.912,-53.633],[-70.953,-53.624],[-70.972,-53.786],[-71.294,-53.896],[-71.852,-53.748],[-71.925,-53.701],[-71.907,-53.698],[-71.901,-53.693],[-71.883,-53.688],[-71.876,-53.685],[-71.874,-53.684],[-71.875,-53.683],[-71.937,-53.703],[-71.941,-53.72],[-72.004,-53.683],[-72.036,-53.706],[-72.11,-53.684],[-72.301,-53.575],[-72.309,-53.554],[-72.276,-53.544],[-72.264,-53.533],[-72.305,-53.549],[-72.313,-53.554],[-72.313,-53.561],[-72.349,-53.545],[-72.478,-53.399],[-72.42,-53.371],[-72.444,-53.325],[-72.308,-53.254],[-72.177,-53.274],[-72.119,-53.254],[-72.096,-53.33],[-72.113,-53.387],[-72.155,-53.385],[-72.202,-53.431],[-72.285,-53.43],[-72.219,-53.452],[-72.018,-53.379],[-72.045,-53.285],[-72.021,-53.234],[-71.87,-53.226],[-71.825,-53.274],[-71.828,-53.363],[-71.765,-53.438],[-71.916,-53.515],[-72.095,-53.542],[-72.121,-53.557],[-72.034,-53.539],[-71.972,-53.566],[-71.817,-53.521],[-71.748,-53.447],[-71.784,-53.306],[-71.747,-53.315],[-71.769,-53.287],[-71.741,-53.209],[-71.615,-53.204],[-71.59,-53.165],[-71.357,-53.123],[-71.245,-52.988],[-71.115,-52.908],[-71.17,-52.81],[-71.37,-52.803],[-71.384,-52.72],[-71.559,-52.563],[-71.922,-52.543],[-72.028,-52.546],[-72.03,-52.568],[-72.107,-52.529],[-72.106,-52.558],[-72.121,-52.517],[-72.139,-52.545],[-72.158,-52.521],[-72.239,-52.551],[-72.322,-52.533],[-72.445,-52.631],[-72.399,-52.627],[-72.431,-52.676],[-72.563,-52.603],[-72.49,-52.556],[-72.381,-52.557],[-72.403,-52.508],[-72.572,-52.589],[-72.658,-52.558],[-72.607,-52.523],[-72.763,-52.578],[-72.865,-52.543],[-72.843,-52.574],[-72.886,-52.587],[-72.826,-52.596],[-72.925,-52.59],[-72.87,-52.613],[-72.994,-52.757],[-72.856,-52.618],[-72.785,-52.623],[-72.811,-52.648],[-72.757,-52.623],[-72.774,-52.65],[-72.74,-52.637],[-72.672,-52.68],[-72.871,-52.817],[-72.939,-52.789],[-72.92,-52.814],[-73.068,-52.855],[-72.942,-52.907],[-72.975,-52.944],[-72.94,-53.003],[-72.989,-53.076],[-73.043,-53.041],[-73.026,-53.073],[-73.137,-53.115],[-73.182,-53.062],[-73.134,-53.029],[-73.206,-53.018],[-73.178,-53.035],[-73.214,-53.038],[-73.184,-53.046],[-73.199,-53.079],[-73.167,-53.092],[-73.213,-53.113],[-73.378,-53.069],[-73.344,-53.045],[-73.42,-53.042],[-73.448,-53.021],[-73.285,-53.01],[-73.386,-52.98],[-73.32,-52.953],[-73.283,-52.97],[-73.294,-52.953],[-73.235,-52.981],[-73.275,-52.954],[-73.229,-52.95],[-73.222,-52.92],[-73.144,-52.922],[-73.222,-52.909],[-73.268,-52.94],[-73.308,-52.92],[-73.283,-52.906],[-73.277,-52.895],[-73.333,-52.919],[-73.36,-52.873],[-73.439,-52.879],[-73.572,-52.816],[-73.494,-52.793],[-73.421,-52.819],[-73.472,-52.837],[-73.473,-52.844],[-73.413,-52.825],[-73.39,-52.794],[-73.358,-52.812],[-73.37,-52.819],[-73.388,-52.847],[-73.357,-52.816],[-73.229,-52.807],[-73.257,-52.792],[-73.233,-52.796],[-73.244,-52.762],[-73.3,-52.785],[-73.29,-52.726],[-73.263,-52.76],[-73.243,-52.699],[-73.303,-52.708],[-73.331,-52.655],[-73.31,-52.632],[-73.336,-52.634],[-73.379,-52.564],[-73.363,-52.613],[-73.402,-52.6],[-73.336,-52.677],[-73.37,-52.684],[-73.388,-52.705],[-73.327,-52.694],[-73.376,-52.73],[-73.431,-52.718],[-73.36,-52.661],[-73.423,-52.684],[-73.438,-52.646],[-73.461,-52.694],[-73.524,-52.671],[-73.503,-52.687],[-73.504,-52.717],[-73.511,-52.696],[-73.575,-52.738],[-73.644,-52.73],[-73.577,-52.755],[-73.597,-52.783],[-73.652,-52.725],[-73.642,-52.758],[-73.722,-52.756],[-73.63,-52.678],[-73.605,-52.69],[-73.549,-52.657],[-73.663,-52.645],[-73.625,-52.588],[-73.561,-52.592],[-73.621,-52.551],[-73.522,-52.588],[-73.579,-52.524],[-73.539,-52.489],[-73.453,-52.514],[-73.541,-52.478],[-73.494,-52.425],[-73.508,-52.425],[-73.527,-52.461],[-73.559,-52.476],[-73.6,-52.463],[-73.584,-52.44],[-73.61,-52.463],[-73.65,-52.43],[-73.633,-52.39],[-73.55,-52.392],[-73.579,-52.341],[-73.534,-52.342],[-73.599,-52.299],[-73.55,-52.213],[-73.596,-52.216],[-73.591,-52.157],[-73.627,-52.175],[-73.733,-52.044],[-73.664,-52.036],[-73.673,-52.07],[-73.587,-52.128],[-73.585,-52.162],[-73.542,-52.144],[-73.536,-52.191],[-73.471,-52.169],[-73.519,-52.14],[-73.452,-52.133],[-73.363,-52.222],[-73.252,-52.2],[-73.23,-52.112],[-73.163,-52.118],[-73.158,-52.143],[-73.125,-52.102],[-73.004,-52.06],[-73.014,-52.149],[-73.119,-52.129],[-73.14,-52.148],[-73.058,-52.161],[-73.134,-52.234],[-73.089,-52.24],[-73.057,-52.183],[-72.997,-52.181],[-72.932,-52.226],[-72.997,-52.304],[-72.961,-52.279],[-72.902,-52.297],[-72.914,-52.27],[-72.878,-52.281],[-72.815,-52.087],[-72.739,-52.082],[-72.764,-52.057],[-72.837,-52.086],[-72.912,-52.221],[-72.97,-52.179],[-72.959,-52.052],[-72.938,-52.032],[-72.913,-52.083],[-72.898,-51.98],[-72.82,-51.94],[-72.771,-51.948],[-72.727,-51.997],[-72.713,-52.092],[-72.657,-52.137],[-72.651,-52.106],[-72.625,-52.113],[-72.522,-52.221],[-72.565,-52.23],[-72.599,-52.287],[-72.589,-52.333],[-72.629,-52.348],[-72.592,-52.356],[-72.637,-52.36],[-72.623,-52.383],[-72.717,-52.35],[-72.751,-52.405],[-72.779,-52.398],[-72.808,-52.406],[-72.785,-52.428],[-72.853,-52.406],[-72.828,-52.44],[-72.995,-52.491],[-72.931,-52.506],[-72.734,-52.433],[-72.617,-52.459],[-72.672,-52.438],[-72.635,-52.438],[-72.557,-52.487],[-72.517,-52.453],[-72.547,-52.462],[-72.691,-52.415],[-72.551,-52.383],[-72.516,-52.348],[-72.519,-52.261],[-72.474,-52.217],[-72.664,-52.054],[-72.665,-51.976],[-72.624,-51.91],[-72.571,-51.971],[-72.55,-51.968],[-72.575,-51.922],[-72.533,-51.949],[-72.463,-51.921],[-72.46,-51.881],[-72.514,-51.837],[-72.453,-51.776],[-72.516,-51.702],[-72.648,-51.664],[-72.64,-51.625],[-72.687,-51.563],[-72.653,-51.625],[-72.667,-51.654],[-72.706,-51.569],[-72.907,-51.545],[-72.942,-51.504],[-73.075,-51.473],[-73.091,-51.45],[-73.069,-51.395],[-73.075,-51.365],[-73.109,-51.333],[-73.075,-51.404],[-73.267,-51.491],[-73.206,-51.512],[-73.13,-51.477],[-73.057,-51.493],[-73.033,-51.53],[-73.112,-51.606],[-73.0,-51.51],[-72.93,-51.563],[-72.836,-51.595],[-72.824,-51.573],[-72.749,-51.603],[-72.689,-51.696],[-72.645,-51.68],[-72.531,-51.718],[-72.541,-51.767],[-72.64,-51.829],[-72.714,-51.813],[-72.722,-51.841],[-72.733,-51.842],[-72.818,-51.76],[-72.907,-51.769],[-72.919,-51.741],[-72.968,-51.773],[-72.993,-51.726],[-73.089,-51.676],[-73.131,-51.702],[-73.147,-51.67],[-73.194,-51.682],[-73.204,-51.598],[-73.232,-51.625],[-73.292,-51.571],[-73.291,-51.611],[-73.25,-51.621],[-73.221,-51.648],[-73.284,-51.692],[-73.225,-51.681],[-73.14,-51.72],[-73.091,-51.696],[-73.0,-51.784],[-73.029,-51.804],[-73.04,-51.767],[-73.074,-51.751],[-73.166,-51.77],[-73.072,-51.756],[-73.035,-51.822],[-73.075,-51.863],[-73.209,-51.893],[-73.098,-51.886],[-72.983,-51.799],[-72.916,-51.842],[-72.912,-51.853],[-72.937,-51.892],[-73.124,-51.938],[-73.16,-52.013],[-73.131,-52.08],[-73.228,-52.1],[-73.257,-51.932],[-73.293,-51.905],[-73.294,-51.875],[-73.278,-51.888],[-73.259,-51.882],[-73.29,-51.87],[-73.335,-51.698],[-73.371,-51.673],[-73.39,-51.64],[-73.399,-51.638],[-73.306,-51.847],[-73.346,-51.836],[-73.309,-51.866],[-73.268,-52.159],[-73.38,-52.133],[-73.471,-52.047],[-73.473,-52.075],[-73.522,-52.065],[-73.511,-52.028],[-73.566,-52.018],[-73.601,-51.939],[-73.546,-51.935],[-73.601,-51.916],[-73.645,-51.822],[-73.594,-51.801],[-73.491,-51.941],[-73.529,-51.942],[-73.418,-51.997],[-73.409,-51.962],[-73.48,-51.899],[-73.415,-51.906],[-73.481,-51.891],[-73.542,-51.809],[-73.494,-51.8],[-73.545,-51.802],[-73.595,-51.745],[-73.443,-51.676],[-73.548,-51.714],[-73.554,-51.68],[-73.559,-51.715],[-73.603,-51.718],[-73.63,-51.694],[-73.634,-51.667],[-73.625,-51.658],[-73.625,-51.652],[-73.621,-51.646],[-73.621,-51.642],[-73.707,-51.794],[-73.756,-51.736],[-73.739,-51.708],[-73.814,-51.706],[-73.779,-51.676],[-73.826,-51.666],[-73.738,-51.647],[-73.926,-51.606],[-73.909,-51.57],[-73.886,-51.589],[-73.813,-51.591],[-73.866,-51.577],[-73.858,-51.549],[-73.789,-51.552],[-73.771,-51.54],[-73.907,-51.548],[-73.931,-51.513],[-73.886,-51.512],[-73.921,-51.505],[-73.916,-51.48],[-73.94,-51.512],[-73.98,-51.491],[-73.886,-51.47],[-73.939,-51.44],[-73.903,-51.412],[-73.959,-51.415],[-73.914,-51.407],[-73.901,-51.369],[-73.855,-51.404],[-73.811,-51.392],[-73.655,-51.544],[-73.654,-51.605],[-73.622,-51.633],[-73.585,-51.618],[-73.621,-51.594],[-73.635,-51.539],[-73.664,-51.518],[-73.68,-51.478],[-73.653,-51.522],[-73.58,-51.542],[-73.575,-51.513],[-73.637,-51.509],[-73.635,-51.459],[-73.559,-51.45],[-73.677,-51.433],[-73.715,-51.317],[-73.672,-51.296],[-73.774,-51.228],[-73.721,-51.188],[-73.687,-51.282],[-73.663,-51.28],[-73.69,-51.212],[-73.662,-51.215],[-73.653,-51.203],[-73.709,-51.177],[-73.674,-51.143],[-73.71,-51.135],[-73.718,-51.165],[-73.727,-51.141],[-73.827,-51.063],[-73.755,-51.15],[-73.765,-51.187],[-73.9,-51.258],[-74.002,-51.104],[-74.002,-51.206],[-74.076,-51.208],[-74.125,-51.183],[-74.13,-51.106],[-74.102,-51.099],[-74.075,-51.064],[-74.112,-51.1],[-74.145,-51.065],[-74.077,-50.997],[-74.035,-51.001],[-74.077,-50.982],[-74.04,-50.947],[-74.097,-50.956],[-74.097,-50.992],[-74.191,-51.057],[-74.245,-50.963],[-74.195,-50.889],[-74.111,-50.87],[-73.924,-50.906],[-73.943,-50.878],[-73.872,-50.872],[-73.846,-50.927],[-73.872,-50.938],[-73.8,-50.959],[-73.675,-50.938],[-73.767,-50.933],[-73.876,-50.837],[-73.824,-50.798],[-73.758,-50.833],[-73.718,-50.827],[-73.788,-50.799],[-73.772,-50.744],[-73.801,-50.69],[-73.762,-50.656],[-73.641,-50.633],[-73.609,-50.676],[-73.557,-50.662],[-73.543,-50.702],[-73.534,-50.665],[-73.467,-50.676],[-73.564,-50.642],[-73.568,-50.607],[-73.653,-50.617],[-73.747,-50.543],[-73.705,-50.492],[-73.627,-50.502],[-73.575,-50.473],[-73.589,-50.446],[-73.547,-50.379],[-73.633,-50.492],[-73.71,-50.489],[-73.768,-50.524],[-73.83,-50.677],[-73.822,-50.775],[-73.903,-50.793],[-73.933,-50.846],[-74.007,-50.822],[-74.029,-50.851],[-74.126,-50.766],[-74.046,-50.726],[-74.051,-50.692],[-74.126,-50.688],[-74.108,-50.707],[-74.112,-50.745],[-74.131,-50.757],[-74.229,-50.587],[-74.16,-50.549],[-74.091,-50.605],[-74.088,-50.579],[-74.133,-50.542],[-74.232,-50.558],[-74.298,-50.469],[-74.176,-50.468],[-74.146,-50.536],[-74.106,-50.51],[-74.148,-50.516],[-74.166,-50.481],[-73.996,-50.532],[-73.987,-50.599],[-73.971,-50.533],[-73.862,-50.558],[-74.007,-50.514],[-74.014,-50.454],[-74.044,-50.495],[-74.159,-50.432],[-74.088,-50.418],[-74.052,-50.378],[-73.981,-50.383],[-73.967,-50.365],[-74.063,-50.364],[-74.102,-50.413],[-74.212,-50.412],[-74.259,-50.436],[-74.198,-50.424],[-74.2,-50.441],[-74.246,-50.447],[-74.326,-50.405],[-74.248,-50.317],[-74.281,-50.312],[-74.264,-50.275],[-74.29,-50.24],[-74.331,-50.382],[-74.38,-50.361],[-74.354,-50.405],[-74.474,-50.344],[-74.423,-50.321],[-74.423,-50.314],[-74.482,-50.337],[-74.548,-50.297],[-74.463,-50.266],[-74.543,-50.267],[-74.535,-50.228],[-74.637,-50.234],[-74.572,-50.174],[-74.641,-50.221],[-74.705,-50.203],[-74.573,-50.103],[-74.518,-50.12],[-74.559,-50.152],[-74.497,-50.142],[-74.482,-50.124],[-74.525,-50.079],[-74.466,-50.081],[-74.46,-50.097],[-74.467,-50.107],[-74.463,-50.11],[-74.409,-50.083],[-74.407,-50.108],[-74.384,-50.086],[-74.478,-50.067],[-74.557,-50.069],[-74.613,-50.102],[-74.557,-50.063],[-74.433,-50.015],[-74.36,-50.061],[-74.381,-50.087],[-74.351,-50.097],[-74.358,-50.129],[-74.346,-50.079],[-74.259,-50.128],[-74.342,-50.186],[-74.246,-50.148],[-74.26,-50.194],[-74.209,-50.201],[-74.165,-50.283],[-74.166,-50.247],[-74.097,-50.222],[-73.97,-50.28],[-74.019,-50.211],[-74.164,-50.207],[-74.207,-50.157],[-74.155,-50.143],[-74.155,-50.126],[-74.202,-50.145],[-74.232,-50.064],[-74.274,-50.076],[-74.315,-50.041],[-74.285,-50.021],[-74.357,-49.996],[-74.347,-49.953],[-74.314,-49.924],[-74.296,-49.974],[-74.212,-49.942],[-74.189,-49.988],[-74.158,-49.968],[-74.115,-50.016],[-74.085,-49.995],[-74.029,-50.019],[-74.033,-50.059],[-73.991,-50.027],[-73.976,-50.075],[-73.98,-50.034],[-73.858,-50.039],[-73.871,-50.004],[-74.012,-50.002],[-73.989,-49.963],[-73.944,-49.925],[-73.829,-49.926],[-73.805,-49.917],[-73.9,-49.914],[-73.82,-49.827],[-73.912,-49.917],[-73.976,-49.908],[-74.022,-49.983],[-74.095,-49.969],[-74.163,-49.894],[-74.236,-49.916],[-74.327,-49.882],[-74.319,-49.782],[-74.308,-49.807],[-74.266,-49.801],[-74.168,-49.746],[-74.034,-49.768],[-74.029,-49.712],[-74.061,-49.74],[-74.145,-49.719],[-74.301,-49.751],[-74.306,-49.643],[-74.221,-49.618],[-74.209,-49.579],[-74.136,-49.563],[-74.152,-49.592],[-74.077,-49.54],[-74.007,-49.55],[-73.977,-49.577],[-74.007,-49.637],[-74.024,-49.632],[-74.032,-49.652],[-74.005,-49.641],[-73.972,-49.603],[-73.965,-49.561],[-73.896,-49.552],[-73.86,-49.65],[-73.799,-49.668],[-73.79,-49.713],[-73.762,-49.693],[-73.792,-49.658],[-73.732,-49.664],[-73.807,-49.646],[-73.851,-49.546],[-73.905,-49.509],[-74.074,-49.505],[-74.047,-49.285],[-74.006,-49.257],[-73.921,-49.327],[-73.792,-49.354],[-73.78,-49.402],[-73.765,-49.417],[-73.754,-49.413],[-73.787,-49.346],[-73.9,-49.316],[-73.907,-49.285],[-73.917,-49.313],[-74.018,-49.208],[-74.069,-49.248],[-74.114,-49.193],[-74.158,-49.199],[-74.105,-49.226],[-74.095,-49.267],[-74.161,-49.541],[-74.265,-49.485],[-74.307,-49.435],[-74.288,-49.422],[-74.284,-49.407],[-74.323,-49.429],[-74.391,-49.39],[-74.345,-49.322],[-74.363,-49.175],[-74.334,-49.173],[-74.37,-49.106],[-74.344,-49.054],[-74.402,-49.082],[-74.419,-48.986],[-74.357,-48.983],[-74.378,-48.92],[-74.289,-48.936],[-74.403,-48.878],[-74.341,-48.863],[-74.391,-48.855],[-74.405,-48.805],[-74.326,-48.745],[-74.326,-48.705],[-74.309,-48.737],[-74.278,-48.726],[-74.291,-48.742],[-74.289,-48.751],[-74.269,-48.765],[-74.264,-48.766],[-74.287,-48.749],[-74.288,-48.743],[-74.283,-48.737],[-74.144,-48.703]]],[[[-73.171,-53.4],[-73.002,-53.391],[-73.046,-53.431],[-73.042,-53.456],[-73.003,-53.414],[-73.003,-53.494],[-72.975,-53.45],[-72.987,-53.397],[-72.929,-53.421],[-72.95,-53.437],[-72.951,-53.443],[-72.904,-53.441],[-72.932,-53.537],[-72.899,-53.495],[-72.851,-53.514],[-72.923,-53.552],[-72.85,-53.532],[-72.894,-53.571],[-72.862,-53.569],[-72.889,-53.622],[-72.869,-53.634],[-72.897,-53.627],[-72.923,-53.648],[-72.88,-53.638],[-72.856,-53.665],[-72.859,-53.613],[-72.811,-53.609],[-72.844,-53.597],[-72.803,-53.559],[-72.851,-53.451],[-72.724,-53.509],[-72.741,-53.543],[-72.71,-53.554],[-72.734,-53.57],[-72.671,-53.595],[-72.71,-53.603],[-72.717,-53.615],[-72.672,-53.625],[-72.677,-53.65],[-72.639,-53.588],[-72.678,-53.544],[-72.666,-53.524],[-72.629,-53.541],[-72.642,-53.559],[-72.46,-53.579],[-72.497,-53.589],[-72.449,-53.609],[-72.485,-53.635],[-72.422,-53.611],[-72.384,-53.64],[-72.62,-53.671],[-72.636,-53.694],[-72.622,-53.723],[-72.61,-53.727],[-72.524,-53.704],[-72.612,-53.716],[-72.626,-53.688],[-72.599,-53.676],[-72.462,-53.675],[-72.487,-53.696],[-72.438,-53.698],[-72.485,-53.729],[-72.456,-53.726],[-72.46,-53.755],[-72.413,-53.726],[-72.43,-53.689],[-72.387,-53.678],[-72.344,-53.686],[-72.355,-53.717],[-72.235,-53.728],[-72.282,-53.75],[-72.338,-53.75],[-72.339,-53.756],[-72.35,-53.753],[-72.354,-53.756],[-72.267,-53.76],[-72.224,-53.745],[-72.149,-53.795],[-72.293,-53.805],[-72.195,-53.827],[-72.225,-53.859],[-72.313,-53.85],[-72.37,-53.808],[-72.361,-53.834],[-72.46,-53.823],[-72.476,-53.832],[-72.351,-53.852],[-72.371,-53.867],[-72.333,-53.925],[-72.358,-53.932],[-72.382,-53.903],[-72.473,-53.89],[-72.36,-53.953],[-72.478,-53.961],[-72.378,-53.971],[-72.378,-54.003],[-72.368,-53.983],[-72.355,-53.985],[-72.337,-54.034],[-72.366,-54.057],[-72.408,-54.035],[-72.476,-54.066],[-72.505,-54.036],[-72.486,-54.026],[-72.549,-53.994],[-72.536,-54.022],[-72.566,-54.034],[-72.529,-54.046],[-72.529,-54.095],[-72.545,-54.077],[-72.55,-54.11],[-72.629,-54.097],[-72.601,-54.035],[-72.67,-54.091],[-72.627,-54.019],[-72.686,-54.092],[-72.758,-54.095],[-72.706,-54.101],[-72.726,-54.118],[-72.815,-54.095],[-72.844,-54.12],[-72.826,-54.136],[-72.864,-54.141],[-72.965,-54.125],[-72.881,-54.116],[-72.927,-54.109],[-72.869,-54.091],[-72.888,-54.086],[-73.054,-54.103],[-73.076,-54.091],[-73.039,-54.071],[-72.843,-54.075],[-72.969,-54.053],[-72.948,-54.045],[-72.979,-54.042],[-72.969,-54.025],[-72.758,-54.064],[-72.782,-54.049],[-72.755,-54.036],[-72.814,-54.032],[-72.791,-54.018],[-72.87,-54.022],[-72.862,-54.009],[-72.827,-54.016],[-72.778,-53.998],[-72.878,-53.976],[-72.808,-53.955],[-72.696,-53.983],[-72.805,-53.943],[-72.653,-53.873],[-72.705,-53.857],[-72.795,-53.916],[-72.781,-53.868],[-72.737,-53.862],[-72.715,-53.839],[-72.753,-53.835],[-72.853,-53.884],[-72.731,-53.76],[-72.807,-53.805],[-72.834,-53.761],[-72.854,-53.787],[-72.833,-53.807],[-72.895,-53.809],[-72.837,-53.816],[-72.908,-53.899],[-72.969,-53.896],[-72.94,-53.866],[-73.044,-53.909],[-73.047,-53.88],[-73.017,-53.878],[-72.999,-53.865],[-73.041,-53.867],[-72.972,-53.86],[-73.021,-53.851],[-73.001,-53.844],[-72.921,-53.844],[-72.913,-53.84],[-73.062,-53.824],[-72.934,-53.803],[-72.993,-53.79],[-72.868,-53.743],[-72.802,-53.746],[-72.843,-53.738],[-72.813,-53.705],[-72.855,-53.733],[-72.85,-53.71],[-72.875,-53.707],[-72.867,-53.734],[-73.147,-53.683],[-73.132,-53.706],[-73.214,-53.727],[-73.174,-53.706],[-73.18,-53.671],[-72.953,-53.67],[-72.929,-53.623],[-73.096,-53.652],[-72.998,-53.584],[-73.015,-53.567],[-73.112,-53.645],[-73.151,-53.643],[-73.127,-53.618],[-73.246,-53.633],[-73.224,-53.603],[-73.257,-53.616],[-73.27,-53.587],[-73.211,-53.563],[-73.349,-53.549],[-73.433,-53.465],[-73.296,-53.476],[-73.226,-53.504],[-73.251,-53.517],[-73.229,-53.535],[-73.168,-53.509],[-73.218,-53.492],[-73.187,-53.479],[-73.033,-53.538],[-73.128,-53.485],[-73.096,-53.457],[-73.159,-53.423],[-73.114,-53.405],[-73.171,-53.4]]],[[[-71.468,-52.662],[-71.395,-52.722],[-71.434,-52.742],[-71.388,-52.796],[-71.41,-52.834],[-71.487,-52.837],[-71.909,-53.003],[-72.024,-53.132],[-72.13,-53.146],[-72.237,-53.061],[-72.356,-53.037],[-72.245,-53.086],[-72.29,-53.094],[-72.233,-53.107],[-72.234,-53.126],[-72.403,-53.041],[-72.405,-53.068],[-72.604,-53.074],[-72.383,-53.086],[-72.327,-53.12],[-72.352,-53.135],[-72.246,-53.145],[-72.204,-53.195],[-72.278,-53.215],[-72.367,-53.18],[-72.405,-53.203],[-72.318,-53.224],[-72.361,-53.241],[-72.432,-53.227],[-72.443,-53.192],[-72.521,-53.188],[-72.449,-53.239],[-72.543,-53.217],[-72.531,-53.196],[-72.621,-53.2],[-72.421,-53.259],[-72.481,-53.309],[-72.528,-53.27],[-72.54,-53.267],[-72.558,-53.272],[-72.507,-53.353],[-72.543,-53.378],[-72.611,-53.38],[-72.644,-53.346],[-72.678,-53.347],[-72.581,-53.4],[-72.602,-53.434],[-72.555,-53.394],[-72.519,-53.403],[-72.391,-53.534],[-72.556,-53.539],[-72.533,-53.499],[-72.577,-53.52],[-72.654,-53.485],[-72.6,-53.462],[-72.72,-53.462],[-72.762,-53.398],[-72.795,-53.435],[-72.804,-53.375],[-72.818,-53.381],[-72.811,-53.394],[-72.819,-53.398],[-72.908,-53.385],[-72.877,-53.354],[-72.931,-53.367],[-73.049,-53.283],[-73.038,-53.309],[-73.156,-53.274],[-73.161,-53.235],[-73.193,-53.255],[-73.259,-53.209],[-73.218,-53.228],[-73.203,-53.221],[-73.313,-53.165],[-73.129,-53.189],[-73.158,-53.197],[-73.123,-53.213],[-73.085,-53.176],[-73.023,-53.199],[-73.014,-53.17],[-72.969,-53.203],[-72.939,-53.174],[-72.905,-53.191],[-72.926,-53.214],[-72.884,-53.198],[-72.753,-53.243],[-72.75,-53.314],[-72.715,-53.303],[-72.734,-53.262],[-72.699,-53.266],[-72.684,-53.259],[-72.854,-53.19],[-72.717,-53.208],[-72.758,-53.187],[-72.736,-53.187],[-72.75,-53.164],[-72.805,-53.164],[-72.662,-53.153],[-72.732,-53.15],[-72.705,-53.148],[-72.733,-53.11],[-72.739,-53.139],[-72.791,-53.112],[-72.854,-53.158],[-72.973,-53.109],[-72.847,-53.037],[-72.92,-53.053],[-72.946,-53.017],[-72.915,-53.003],[-72.963,-52.939],[-72.904,-52.922],[-73.01,-52.855],[-72.905,-52.845],[-72.783,-52.785],[-72.802,-52.826],[-72.682,-52.723],[-72.603,-52.771],[-72.616,-52.811],[-72.72,-52.869],[-72.718,-52.905],[-72.576,-52.804],[-72.522,-52.808],[-72.628,-52.861],[-72.639,-52.878],[-72.488,-52.825],[-72.44,-52.886],[-72.432,-52.821],[-72.202,-52.703],[-72.165,-52.648],[-72.048,-52.683],[-71.967,-52.648],[-71.919,-52.687],[-71.777,-52.703],[-71.468,-52.662]]],[[[-71.309,-54.815],[-71.213,-54.847],[-71.176,-54.843],[-71.202,-54.817],[-71.14,-54.827],[-71.144,-54.867],[-71.121,-54.842],[-71.103,-54.878],[-70.987,-54.859],[-70.999,-54.899],[-70.969,-54.877],[-70.936,-54.911],[-71.007,-54.91],[-71.008,-54.923],[-70.914,-54.922],[-70.949,-54.937],[-71.04,-54.923],[-71.034,-54.947],[-71.085,-54.955],[-71.116,-54.921],[-71.182,-54.925],[-71.089,-54.9],[-71.23,-54.903],[-71.19,-54.859],[-71.272,-54.883],[-71.303,-54.846],[-71.293,-54.884],[-71.34,-54.883],[-71.307,-54.907],[-71.344,-54.921],[-71.34,-54.949],[-71.381,-54.937],[-71.347,-54.891],[-71.378,-54.872],[-71.393,-54.925],[-71.445,-54.935],[-71.423,-54.897],[-71.481,-54.865],[-71.4,-54.849],[-71.438,-54.823],[-71.291,-54.835],[-71.309,-54.815]]],[[[-71.591,-53.938],[-71.535,-53.944],[-71.502,-54.009],[-71.484,-53.985],[-71.509,-53.95],[-71.44,-53.95],[-71.432,-53.979],[-71.481,-54.002],[-71.413,-53.997],[-71.398,-54.04],[-71.429,-54.05],[-71.395,-54.057],[-71.403,-54.093],[-71.363,-54.038],[-71.391,-53.971],[-71.272,-54.0],[-71.241,-54.091],[-71.298,-54.11],[-71.211,-54.119],[-71.206,-54.212],[-71.19,-54.105],[-71.146,-54.087],[-71.151,-54.14],[-71.12,-54.163],[-71.119,-54.093],[-71.079,-54.059],[-71.002,-54.09],[-70.989,-54.141],[-71.033,-54.153],[-71.039,-54.202],[-71.077,-54.204],[-71.042,-54.222],[-70.972,-54.164],[-70.974,-54.242],[-71.037,-54.243],[-70.97,-54.278],[-71.003,-54.308],[-71.049,-54.298],[-71.016,-54.331],[-71.036,-54.345],[-71.143,-54.301],[-71.059,-54.354],[-71.088,-54.393],[-71.146,-54.399],[-71.168,-54.333],[-71.176,-54.379],[-71.3,-54.314],[-71.358,-54.317],[-71.36,-54.288],[-71.299,-54.285],[-71.305,-54.313],[-71.279,-54.279],[-71.204,-54.292],[-71.235,-54.253],[-71.17,-54.244],[-71.247,-54.207],[-71.226,-54.238],[-71.264,-54.259],[-71.331,-54.266],[-71.321,-54.23],[-71.325,-54.219],[-71.338,-54.216],[-71.372,-54.263],[-71.454,-54.208],[-71.443,-54.173],[-71.413,-54.178],[-71.43,-54.164],[-71.383,-54.156],[-71.365,-54.142],[-71.414,-54.155],[-71.384,-54.122],[-71.4,-54.115],[-71.44,-54.153],[-71.468,-54.136],[-71.534,-54.127],[-71.456,-54.155],[-71.478,-54.192],[-71.498,-54.181],[-71.521,-54.185],[-71.509,-54.188],[-71.5,-54.184],[-71.494,-54.186],[-71.482,-54.257],[-71.462,-54.23],[-71.395,-54.263],[-71.396,-54.288],[-71.429,-54.282],[-71.387,-54.329],[-71.514,-54.323],[-71.492,-54.226],[-71.531,-54.284],[-71.599,-54.221],[-71.522,-54.186],[-71.6,-54.194],[-71.613,-54.227],[-71.597,-54.245],[-71.621,-54.249],[-71.671,-54.232],[-71.706,-54.166],[-71.565,-54.085],[-71.605,-54.091],[-71.654,-54.015],[-71.591,-53.938]]],[[[-71.987,-53.864],[-71.861,-53.859],[-71.878,-53.881],[-71.816,-53.924],[-71.848,-53.932],[-71.819,-53.949],[-71.85,-53.981],[-71.782,-53.929],[-71.791,-53.886],[-71.75,-53.903],[-71.757,-53.926],[-71.732,-53.896],[-71.65,-53.925],[-71.7,-53.986],[-71.761,-53.983],[-71.69,-54.0],[-71.693,-54.056],[-71.767,-54.048],[-71.703,-54.062],[-71.736,-54.1],[-71.663,-54.059],[-71.613,-54.092],[-71.748,-54.171],[-71.857,-54.105],[-71.848,-54.076],[-71.87,-54.093],[-71.918,-54.059],[-71.912,-54.012],[-71.952,-54.044],[-71.91,-54.072],[-71.925,-54.095],[-71.879,-54.101],[-71.918,-54.131],[-71.857,-54.126],[-71.875,-54.15],[-71.835,-54.146],[-71.729,-54.24],[-71.751,-54.27],[-71.851,-54.25],[-71.804,-54.273],[-71.897,-54.287],[-71.822,-54.289],[-71.858,-54.307],[-71.788,-54.336],[-71.971,-54.335],[-71.931,-54.287],[-71.943,-54.253],[-71.874,-54.239],[-71.891,-54.223],[-71.934,-54.24],[-72.006,-54.223],[-71.924,-54.216],[-71.932,-54.212],[-72.024,-54.212],[-71.972,-54.21],[-71.994,-54.2],[-72.144,-54.203],[-72.152,-54.163],[-72.094,-54.148],[-72.038,-54.147],[-72.001,-54.137],[-72.166,-54.123],[-72.05,-54.103],[-72.132,-54.035],[-72.123,-54.063],[-72.188,-54.108],[-72.259,-54.089],[-72.217,-54.14],[-72.258,-54.143],[-72.261,-54.201],[-72.335,-54.205],[-72.302,-54.235],[-72.317,-54.266],[-72.42,-54.25],[-72.333,-54.277],[-72.371,-54.289],[-72.363,-54.311],[-72.4,-54.315],[-72.367,-54.329],[-72.39,-54.333],[-72.294,-54.336],[-72.302,-54.359],[-72.373,-54.349],[-72.339,-54.377],[-72.397,-54.389],[-72.403,-54.362],[-72.44,-54.365],[-72.448,-54.393],[-72.421,-54.397],[-72.458,-54.414],[-72.45,-54.441],[-72.505,-54.424],[-72.482,-54.401],[-72.538,-54.386],[-72.547,-54.348],[-72.494,-54.369],[-72.509,-54.346],[-72.408,-54.348],[-72.429,-54.325],[-72.385,-54.309],[-72.383,-54.272],[-72.479,-54.276],[-72.45,-54.299],[-72.472,-54.335],[-72.507,-54.321],[-72.476,-54.313],[-72.477,-54.295],[-72.494,-54.284],[-72.529,-54.301],[-72.603,-54.265],[-72.559,-54.217],[-72.515,-54.224],[-72.514,-54.179],[-72.343,-54.149],[-72.431,-54.159],[-72.424,-54.127],[-72.303,-54.118],[-72.296,-54.098],[-72.394,-54.111],[-72.426,-54.093],[-72.34,-54.058],[-72.276,-54.083],[-72.221,-54.066],[-72.244,-54.026],[-72.177,-53.979],[-72.255,-54.005],[-72.286,-53.918],[-72.127,-53.938],[-72.106,-53.973],[-71.999,-54.023],[-72.113,-53.941],[-72.099,-53.939],[-72.097,-53.95],[-71.971,-53.982],[-72.069,-53.947],[-72.036,-53.896],[-71.947,-53.909],[-71.987,-53.864]]],[[[-70.312,-54.904],[-70.534,-54.97],[-70.498,-54.995],[-70.601,-54.994],[-70.634,-55.001],[-70.575,-54.997],[-70.509,-55.002],[-70.506,-55.021],[-70.714,-54.993],[-70.756,-55.011],[-70.6,-55.05],[-70.484,-55.04],[-70.538,-55.05],[-70.489,-55.056],[-70.515,-55.067],[-70.433,-55.044],[-70.434,-55.061],[-70.408,-55.042],[-70.317,-55.033],[-70.301,-55.04],[-70.324,-55.046],[-70.301,-55.074],[-70.401,-55.083],[-70.278,-55.104],[-70.297,-55.13],[-70.474,-55.098],[-70.448,-55.117],[-70.468,-55.141],[-70.367,-55.157],[-70.471,-55.176],[-70.478,-55.212],[-70.509,-55.207],[-70.505,-55.156],[-70.575,-55.156],[-70.517,-55.192],[-70.548,-55.208],[-70.596,-55.182],[-70.58,-55.125],[-70.542,-55.136],[-70.538,-55.129],[-70.573,-55.119],[-70.538,-55.1],[-70.556,-55.089],[-70.598,-55.104],[-70.595,-55.061],[-70.664,-55.055],[-70.608,-55.07],[-70.608,-55.09],[-70.679,-55.076],[-70.672,-55.118],[-70.721,-55.101],[-70.718,-55.132],[-70.777,-55.114],[-70.726,-55.073],[-70.761,-55.051],[-70.833,-55.098],[-70.884,-55.053],[-70.938,-55.093],[-70.994,-55.07],[-70.974,-55.045],[-71.034,-55.057],[-70.979,-55.035],[-71.035,-55.023],[-70.973,-54.993],[-71.023,-54.981],[-71.016,-54.96],[-70.937,-54.966],[-70.869,-54.925],[-70.893,-54.973],[-70.871,-54.985],[-70.857,-54.96],[-70.802,-54.977],[-70.793,-54.927],[-70.719,-54.963],[-70.765,-54.975],[-70.683,-54.959],[-70.656,-54.988],[-70.576,-54.981],[-70.615,-54.941],[-70.513,-54.901],[-70.312,-54.904]]],[[[-71.343,-54.373],[-71.239,-54.389],[-71.186,-54.434],[-71.147,-54.414],[-70.997,-54.456],[-70.917,-54.431],[-70.935,-54.369],[-70.87,-54.333],[-70.728,-54.335],[-70.733,-54.37],[-70.663,-54.363],[-70.662,-54.338],[-70.581,-54.348],[-70.676,-54.44],[-70.708,-54.435],[-70.683,-54.462],[-70.783,-54.58],[-70.755,-54.577],[-70.764,-54.623],[-70.717,-54.551],[-70.671,-54.606],[-70.621,-54.607],[-70.706,-54.537],[-70.676,-54.53],[-70.644,-54.447],[-70.558,-54.402],[-70.435,-54.476],[-70.467,-54.483],[-70.331,-54.509],[-70.355,-54.516],[-70.234,-54.588],[-70.19,-54.584],[-70.269,-54.558],[-70.301,-54.502],[-70.141,-54.56],[-70.104,-54.558],[-70.407,-54.452],[-70.454,-54.416],[-70.434,-54.394],[-70.511,-54.391],[-70.489,-54.348],[-70.527,-54.302],[-70.873,-54.256],[-70.914,-54.17],[-70.858,-54.167],[-70.927,-54.137],[-70.932,-54.117],[-70.278,-54.343],[-70.308,-54.353],[-70.203,-54.373],[-70.217,-54.399],[-70.131,-54.437],[-70.111,-54.432],[-70.148,-54.386],[-70.036,-54.384],[-70.146,-54.369],[-70.198,-54.315],[-70.119,-54.303],[-70.082,-54.254],[-69.987,-54.269],[-69.935,-54.309],[-69.979,-54.328],[-69.931,-54.362],[-69.97,-54.381],[-69.903,-54.377],[-69.877,-54.407],[-69.912,-54.436],[-69.857,-54.419],[-69.816,-54.449],[-69.889,-54.477],[-69.859,-54.489],[-69.91,-54.518],[-69.8,-54.467],[-69.746,-54.518],[-69.864,-54.584],[-69.772,-54.544],[-69.73,-54.581],[-69.76,-54.587],[-69.767,-54.605],[-69.721,-54.588],[-69.749,-54.544],[-69.712,-54.504],[-69.869,-54.322],[-69.846,-54.288],[-69.611,-54.365],[-69.643,-54.451],[-69.585,-54.499],[-69.564,-54.483],[-69.602,-54.452],[-69.567,-54.426],[-69.601,-54.403],[-69.558,-54.419],[-69.559,-54.436],[-69.495,-54.444],[-69.536,-54.431],[-69.56,-54.377],[-69.543,-54.337],[-69.494,-54.337],[-69.2,-54.45],[-69.207,-54.49],[-69.406,-54.612],[-69.378,-54.619],[-69.409,-54.65],[-69.515,-54.675],[-69.468,-54.687],[-69.383,-54.646],[-69.339,-54.722],[-69.377,-54.639],[-69.328,-54.628],[-69.26,-54.543],[-69.2,-54.525],[-69.129,-54.571],[-69.174,-54.508],[-69.132,-54.452],[-68.979,-54.481],[-68.956,-54.477],[-68.997,-54.457],[-68.963,-54.447],[-69.535,-54.249],[-69.921,-54.163],[-69.9,-54.156],[-70.076,-54.067],[-70.041,-54.057],[-70.137,-53.937],[-70.176,-53.803],[-70.135,-53.745],[-69.982,-53.72],[-69.907,-53.661],[-69.671,-53.646],[-69.355,-53.523],[-69.308,-53.477],[-69.333,-53.396],[-69.375,-53.356],[-69.574,-53.346],[-69.886,-53.379],[-70.214,-53.477],[-70.328,-53.395],[-70.448,-53.374],[-70.44,-53.313],[-70.366,-53.302],[-70.464,-53.304],[-70.418,-53.013],[-70.321,-52.968],[-70.341,-53.007],[-70.311,-53.035],[-70.341,-53.066],[-70.247,-53.062],[-70.138,-53.014],[-70.089,-52.928],[-70.12,-52.887],[-70.235,-52.882],[-70.299,-52.912],[-70.259,-52.862],[-70.28,-52.804],[-70.437,-52.779],[-70.142,-52.731],[-70.043,-52.818],[-69.92,-52.845],[-69.837,-52.786],[-69.699,-52.752],[-69.591,-52.648],[-69.602,-52.545],[-69.43,-52.453],[-69.146,-52.696],[-68.796,-52.582],[-68.785,-52.607],[-68.769,-52.543],[-68.61,-52.654],[-68.607,-53.001],[-68.655,-53.002],[-68.607,-53.001],[-68.607,-53.808],[-68.7,-53.803],[-68.607,-53.808],[-68.609,-54.893],[-68.83,-54.83],[-68.705,-54.912],[-68.842,-54.954],[-69.082,-54.966],[-69.415,-54.892],[-69.383,-54.881],[-69.382,-54.873],[-69.463,-54.892],[-69.653,-54.846],[-69.649,-54.803],[-69.585,-54.773],[-69.619,-54.732],[-69.612,-54.774],[-69.665,-54.801],[-69.671,-54.738],[-69.705,-54.704],[-69.673,-54.778],[-69.717,-54.814],[-69.686,-54.791],[-69.689,-54.837],[-69.765,-54.835],[-69.728,-54.765],[-69.735,-54.748],[-69.784,-54.727],[-69.736,-54.772],[-69.766,-54.78],[-69.769,-54.834],[-69.921,-54.846],[-69.976,-54.729],[-69.929,-54.682],[-69.937,-54.679],[-69.988,-54.726],[-69.95,-54.85],[-70.091,-54.864],[-70.069,-54.793],[-70.091,-54.821],[-70.155,-54.792],[-70.096,-54.835],[-70.151,-54.862],[-70.234,-54.836],[-70.168,-54.874],[-70.321,-54.86],[-70.332,-54.809],[-70.25,-54.76],[-70.227,-54.707],[-70.171,-54.696],[-70.228,-54.687],[-70.314,-54.753],[-70.296,-54.763],[-70.329,-54.786],[-70.35,-54.845],[-70.586,-54.775],[-70.646,-54.824],[-70.556,-54.85],[-70.484,-54.825],[-70.368,-54.871],[-70.67,-54.91],[-70.742,-54.863],[-70.711,-54.842],[-70.852,-54.826],[-70.803,-54.798],[-70.822,-54.773],[-70.726,-54.767],[-70.731,-54.734],[-70.765,-54.761],[-70.947,-54.752],[-70.766,-54.686],[-70.85,-54.702],[-70.917,-54.671],[-70.9,-54.691],[-70.958,-54.7],[-70.916,-54.703],[-70.99,-54.756],[-70.989,-54.796],[-71.027,-54.773],[-70.989,-54.741],[-71.002,-54.719],[-70.959,-54.718],[-70.993,-54.711],[-70.967,-54.676],[-71.0,-54.705],[-71.025,-54.709],[-70.985,-54.683],[-71.018,-54.686],[-70.926,-54.616],[-71.044,-54.612],[-71.026,-54.639],[-71.056,-54.659],[-71.111,-54.648],[-71.148,-54.696],[-71.217,-54.696],[-71.211,-54.665],[-71.267,-54.68],[-71.309,-54.653],[-71.251,-54.628],[-71.223,-54.646],[-71.198,-54.637],[-71.175,-54.635],[-71.172,-54.632],[-71.15,-54.628],[-71.138,-54.623],[-71.201,-54.634],[-71.184,-54.605],[-71.199,-54.599],[-71.25,-54.619],[-71.249,-54.571],[-71.295,-54.59],[-71.323,-54.567],[-71.299,-54.548],[-71.34,-54.518],[-71.323,-54.582],[-71.383,-54.55],[-71.421,-54.568],[-71.342,-54.587],[-71.332,-54.622],[-71.374,-54.626],[-71.345,-54.591],[-71.416,-54.605],[-71.383,-54.627],[-71.4,-54.654],[-71.45,-54.629],[-71.439,-54.651],[-71.48,-54.645],[-71.454,-54.668],[-71.494,-54.685],[-71.517,-54.633],[-71.476,-54.582],[-71.523,-54.597],[-71.538,-54.658],[-71.597,-54.644],[-71.568,-54.61],[-71.628,-54.633],[-71.56,-54.583],[-71.604,-54.604],[-71.624,-54.571],[-71.621,-54.605],[-71.664,-54.618],[-71.642,-54.636],[-71.662,-54.66],[-71.685,-54.607],[-71.656,-54.611],[-71.636,-54.582],[-71.696,-54.602],[-71.792,-54.572],[-71.717,-54.599],[-71.714,-54.608],[-71.761,-54.625],[-71.781,-54.607],[-71.859,-54.588],[-71.787,-54.635],[-71.879,-54.623],[-71.911,-54.647],[-71.976,-54.602],[-71.865,-54.608],[-71.942,-54.566],[-71.899,-54.547],[-71.958,-54.566],[-72.018,-54.516],[-71.948,-54.533],[-71.999,-54.494],[-71.975,-54.49],[-71.937,-54.514],[-71.922,-54.514],[-71.993,-54.454],[-71.903,-54.444],[-71.884,-54.506],[-71.884,-54.463],[-71.843,-54.466],[-71.837,-54.515],[-71.801,-54.533],[-71.825,-54.53],[-71.737,-54.563],[-71.66,-54.572],[-71.761,-54.509],[-71.72,-54.483],[-71.614,-54.538],[-71.518,-54.552],[-71.877,-54.421],[-71.725,-54.397],[-71.703,-54.418],[-71.729,-54.427],[-71.525,-54.516],[-71.526,-54.48],[-71.427,-54.492],[-71.584,-54.457],[-71.614,-54.395],[-71.496,-54.437],[-71.539,-54.41],[-71.503,-54.396],[-71.466,-54.437],[-71.38,-54.431],[-71.366,-54.462],[-71.301,-54.435],[-71.424,-54.4],[-71.343,-54.373]]],[[[-70.474,-53.567],[-70.482,-53.669],[-70.446,-53.783],[-70.411,-53.805],[-70.454,-53.8],[-70.416,-53.874],[-70.455,-53.88],[-70.332,-54.019],[-70.442,-54.06],[-70.681,-53.928],[-70.56,-54.039],[-70.545,-54.108],[-70.594,-54.107],[-70.513,-54.137],[-70.537,-54.144],[-70.53,-54.206],[-70.48,-54.225],[-70.523,-54.182],[-70.512,-54.138],[-70.356,-54.201],[-70.283,-54.193],[-70.263,-54.211],[-70.292,-54.23],[-70.296,-54.244],[-70.244,-54.218],[-70.217,-54.237],[-70.253,-54.284],[-70.672,-54.202],[-70.841,-54.122],[-70.791,-54.096],[-70.881,-54.06],[-70.87,-53.986],[-70.901,-53.934],[-70.846,-53.935],[-70.908,-53.882],[-70.854,-53.868],[-70.859,-53.835],[-70.783,-53.824],[-70.613,-53.87],[-70.601,-53.825],[-70.712,-53.776],[-70.715,-53.698],[-70.597,-53.65],[-70.535,-53.568],[-70.474,-53.567]]],[[[-69.666,-54.881],[-69.65,-54.905],[-69.6,-54.883],[-69.479,-54.914],[-69.494,-54.959],[-69.539,-54.969],[-69.481,-54.962],[-69.451,-54.913],[-69.13,-54.969],[-69.278,-54.992],[-69.345,-54.972],[-69.285,-54.994],[-69.432,-55.025],[-69.446,-54.999],[-69.474,-54.993],[-69.456,-55.011],[-69.494,-55.037],[-69.79,-55.065],[-69.812,-55.032],[-69.835,-55.069],[-69.93,-55.069],[-69.888,-55.027],[-69.934,-55.024],[-69.912,-54.992],[-69.958,-54.989],[-69.945,-54.968],[-69.806,-54.967],[-69.937,-54.918],[-69.797,-54.885],[-69.74,-54.955],[-69.754,-54.991],[-69.738,-54.962],[-69.663,-54.966],[-69.731,-54.935],[-69.714,-54.93],[-69.675,-54.945],[-69.657,-54.943],[-69.758,-54.889],[-69.666,-54.881]]],[[[-68.509,-54.925],[-68.344,-54.988],[-68.304,-55.033],[-68.325,-55.077],[-68.411,-55.063],[-68.443,-55.022],[-68.406,-55.092],[-68.489,-55.116],[-68.557,-55.085],[-68.639,-55.098],[-68.54,-55.123],[-68.62,-55.166],[-68.75,-55.143],[-69.01,-55.026],[-69.068,-55.08],[-68.966,-55.076],[-68.97,-55.117],[-68.735,-55.187],[-68.73,-55.179],[-68.714,-55.183],[-68.697,-55.17],[-68.789,-55.153],[-68.5,-55.196],[-68.345,-55.182],[-68.344,-55.211],[-68.245,-55.226],[-68.328,-55.234],[-68.171,-55.291],[-68.384,-55.309],[-68.487,-55.283],[-68.446,-55.306],[-68.534,-55.322],[-68.645,-55.255],[-68.725,-55.278],[-68.631,-55.274],[-68.661,-55.292],[-68.601,-55.305],[-68.611,-55.35],[-68.522,-55.337],[-68.574,-55.375],[-68.384,-55.341],[-68.266,-55.374],[-68.319,-55.398],[-68.307,-55.409],[-68.134,-55.389],[-68.111,-55.422],[-68.172,-55.477],[-68.022,-55.477],[-68.116,-55.525],[-67.975,-55.589],[-68.023,-55.613],[-67.977,-55.61],[-67.983,-55.637],[-68.029,-55.649],[-67.983,-55.676],[-68.067,-55.716],[-68.102,-55.698],[-68.131,-55.666],[-68.113,-55.629],[-68.145,-55.615],[-68.124,-55.592],[-68.262,-55.63],[-68.28,-55.611],[-68.216,-55.532],[-68.334,-55.492],[-68.339,-55.457],[-68.424,-55.497],[-68.531,-55.463],[-68.532,-55.407],[-68.552,-55.437],[-68.568,-55.41],[-68.611,-55.404],[-68.562,-55.427],[-68.599,-55.428],[-68.565,-55.469],[-68.694,-55.473],[-68.728,-55.436],[-68.774,-55.437],[-68.732,-55.471],[-68.784,-55.474],[-68.726,-55.498],[-68.778,-55.513],[-68.879,-55.482],[-68.834,-55.459],[-68.917,-55.462],[-68.897,-55.455],[-68.894,-55.449],[-68.93,-55.428],[-68.85,-55.39],[-68.763,-55.406],[-68.687,-55.387],[-68.782,-55.372],[-68.721,-55.353],[-68.752,-55.344],[-68.808,-55.376],[-68.933,-55.404],[-68.837,-55.323],[-68.87,-55.285],[-68.808,-55.247],[-68.857,-55.234],[-68.834,-55.233],[-68.774,-55.187],[-68.953,-55.231],[-68.928,-55.247],[-68.953,-55.284],[-69.049,-55.278],[-69.052,-55.241],[-69.104,-55.208],[-69.085,-55.161],[-69.129,-55.204],[-69.075,-55.253],[-69.096,-55.264],[-69.281,-55.189],[-69.215,-55.246],[-69.329,-55.246],[-69.297,-55.256],[-69.385,-55.28],[-69.389,-55.255],[-69.486,-55.266],[-69.402,-55.264],[-69.459,-55.291],[-69.411,-55.298],[-69.458,-55.309],[-69.335,-55.308],[-69.345,-55.328],[-69.291,-55.324],[-69.32,-55.346],[-69.253,-55.35],[-69.277,-55.375],[-69.245,-55.381],[-69.282,-55.39],[-69.197,-55.401],[-69.23,-55.419],[-69.18,-55.432],[-69.247,-55.432],[-69.233,-55.448],[-69.262,-55.451],[-69.204,-55.45],[-69.256,-55.468],[-69.175,-55.485],[-69.153,-55.457],[-69.072,-55.476],[-69.147,-55.48],[-69.07,-55.509],[-69.105,-55.512],[-69.094,-55.538],[-69.158,-55.499],[-69.18,-55.518],[-69.18,-55.491],[-69.206,-55.521],[-69.288,-55.517],[-69.307,-55.422],[-69.331,-55.422],[-69.346,-55.47],[-69.317,-55.5],[-69.353,-55.504],[-69.353,-55.557],[-69.394,-55.524],[-69.37,-55.487],[-69.426,-55.453],[-69.397,-55.449],[-69.394,-55.434],[-69.484,-55.44],[-69.35,-55.4],[-69.481,-55.409],[-69.42,-55.37],[-69.451,-55.371],[-69.481,-55.379],[-69.495,-55.408],[-69.524,-55.418],[-69.611,-55.392],[-69.5,-55.36],[-69.611,-55.382],[-69.667,-55.357],[-69.606,-55.339],[-69.688,-55.363],[-69.787,-55.346],[-69.667,-55.335],[-69.752,-55.319],[-69.742,-55.309],[-69.524,-55.305],[-69.672,-55.295],[-69.608,-55.279],[-69.667,-55.286],[-69.651,-55.266],[-69.523,-55.237],[-69.473,-55.198],[-69.634,-55.249],[-69.684,-55.232],[-69.647,-55.253],[-69.853,-55.306],[-69.898,-55.29],[-69.838,-55.265],[-69.943,-55.273],[-69.972,-55.257],[-69.841,-55.243],[-69.954,-55.237],[-69.929,-55.211],[-69.969,-55.203],[-69.89,-55.219],[-69.802,-55.197],[-69.934,-55.179],[-69.998,-55.209],[-70.035,-55.187],[-70.032,-55.149],[-69.914,-55.094],[-69.821,-55.106],[-69.809,-55.08],[-69.705,-55.073],[-69.659,-55.103],[-69.688,-55.122],[-69.62,-55.122],[-69.674,-55.086],[-69.57,-55.053],[-69.528,-55.158],[-69.583,-55.185],[-69.542,-55.186],[-69.517,-55.165],[-69.543,-55.049],[-69.408,-55.033],[-69.395,-55.049],[-69.449,-55.067],[-69.456,-55.08],[-69.386,-55.054],[-69.32,-55.075],[-69.376,-55.03],[-69.22,-55.001],[-69.167,-55.038],[-69.195,-55.005],[-69.021,-55.014],[-68.509,-54.925]]],[[[-67.371,-55.569],[-67.379,-55.601],[-67.34,-55.615],[-67.378,-55.636],[-67.322,-55.639],[-67.392,-55.696],[-67.367,-55.72],[-67.326,-55.689],[-67.268,-55.71],[-67.316,-55.726],[-67.246,-55.753],[-67.262,-55.785],[-67.352,-55.794],[-67.395,-55.74],[-67.448,-55.773],[-67.466,-55.738],[-67.489,-55.76],[-67.573,-55.738],[-67.508,-55.71],[-67.563,-55.691],[-67.537,-55.645],[-67.417,-55.718],[-67.398,-55.689],[-67.424,-55.636],[-67.498,-55.621],[-67.447,-55.575],[-67.371,-55.569]]],[[[-67.975,-54.894],[-67.711,-54.941],[-67.452,-54.922],[-67.218,-54.949],[-67.052,-55.083],[-67.045,-55.158],[-67.26,-55.33],[-67.436,-55.317],[-67.469,-55.27],[-67.41,-55.196],[-67.506,-55.176],[-67.595,-55.197],[-67.613,-55.278],[-67.748,-55.25],[-67.834,-55.28],[-67.882,-55.22],[-67.79,-55.247],[-67.736,-55.228],[-67.881,-55.179],[-68.026,-55.238],[-68.115,-55.224],[-68.117,-55.173],[-68.069,-55.181],[-68.052,-55.176],[-68.155,-55.145],[-68.171,-55.1],[-68.145,-55.051],[-68.174,-54.992],[-68.211,-54.972],[-68.199,-54.998],[-68.306,-55.001],[-68.378,-54.947],[-68.207,-54.917],[-68.226,-54.901],[-67.975,-54.894]]]]}}]}